Order ID,Customer ID,Category,Item,Price,Quantity,Order Total,Order Date,Payment Method,Day Name,Customer Order Number
ORD_627866,CUST_009,Side Dishes,Lemonade,3.0,1.0,3.0,2022-01-04,Digital Wallet,Tuesday,1
ORD_767019,CUST_013,Main Dishes,Steak,20.0,4.0,80.0,2023-05-07,Cash,Sunday,1
ORD_308031,CUST_093,Drinks,Water,1.0,3.0,3.0,2022-07-29,Digital Wallet,Friday,1
ORD_857952,CUST_069,Starters,Nachos Grande,10.0,5.0,50.0,2022-01-21,Credit Card,Friday,1
ORD_277814,CUST_074,Main Dishes,Pasta Alfredo,12.0,1.0,12.0,2022-07-04,Credit Card,Monday,1
ORD_600969,CUST_098,Desserts,Brownie,6.0,3.0,18.0,2023-10-15,Credit Card,Sunday,1
ORD_445695,CUST_005,Starters,Sweet Potato Fries,5.0,1.0,5.0,2023-08-10,Cash,Thursday,1
ORD_437294,CUST_065,Starters,Beef Chili,7.0,5.0,35.0,2023-08-07,Cash,Monday,1
ORD_515927,CUST_089,Desserts,Fruit Salad,4.0,4.0,16.0,2023-03-16,Cash,Thursday,1
ORD_280474,CUST_064,Drinks,Orange Juice,3.0,1.0,3.0,2023-05-22,Cash,Monday,1
ORD_586050,CUST_036,Main Dishes,Grilled Chicken,15.0,1.0,15.0,2023-01-29,Cash,Sunday,1
ORD_612647,CUST_073,Side Dishes,Mashed Potatoes,4.0,2.0,8.0,2022-01-27,Digital Wallet,Thursday,1
ORD_764880,CUST_017,Main Dishes,Pasta Alfredo,12.0,4.0,48.0,2022-01-27,Credit Card,Thursday,1
ORD_577270,CUST_003,Starters,Sweet Potato Fries,5.0,1.0,5.0,2023-08-26,Credit Card,Saturday,1
ORD_140750,CUST_018,Side Dishes,Mashed Potatoes,4.0,1.0,4.0,2022-10-02,Credit Card,Sunday,1
ORD_990116,CUST_062,Side Dishes,Garlic Bread,4.0,4.0,16.0,2022-10-14,Cash,Friday,1
ORD_750530,CUST_061,Starters,Cheese Fries,5.0,4.0,20.0,2022-07-01,Cash,Friday,1
ORD_920065,CUST_087,Drinks,Water,1.0,5.0,5.0,2022-02-23,Digital Wallet,Wednesday,1
ORD_415647,CUST_067,Starters,French Fries,4.0,5.0,20.0,2023-05-02,Digital Wallet,Tuesday,1
ORD_946628,CUST_024,Main  Dishes,Salmon,18.0,3.0,54.0,2023-01-03,Cash,Tuesday,1
ORD_983834,CUST_034,Desserts,Cheesecake,7.0,3.0,21.0,2022-01-22,Cash,Saturday,1
ORD_524331,CUST_020,Main Dishes,Grilled Chicken,15.0,3.0,45.0,2023-09-01,Cash,Friday,1
ORD_364796,CUST_087,Main Dishes,Grilled Chicken,15.0,4.0,60.0,2023-09-22,Credit Card,Friday,2
ORD_279538,CUST_038,Main Dishes,Pasta Alfredo,12.0,1.0,12.0,2023-06-05,Cash,Monday,1
ORD_434542,CUST_044,Desserts,Cheesecake,7.0,5.0,35.0,2023-05-31,Digital Wallet,Wednesday,1
ORD_650184,CUST_088,Starters,French Fries,4.0,4.0,16.0,2023-10-25,Digital Wallet,Wednesday,1
ORD_481098,CUST_008,Main Dishes,Salmon,18.0,4.0,72.0,2022-02-19,Credit Card,Saturday,1
ORD_211281,CUST_047,Drinks,Water,1.0,4.0,4.0,2022-02-28,Credit Card,Monday,1
ORD_726033,CUST_059,Starters,Cheese Fries,5.0,3.0,15.0,2022-03-03,Cash,Thursday,1
ORD_361099,CUST_054,Main Dishes,Steak,20.0,3.0,60.0,2022-10-30,Cash,Sunday,1
ORD_147981,CUST_053,Starters,Beef Chili,7.0,5.0,35.0,2022-08-04,Credit Card,Thursday,1
ORD_366356,CUST_071,Starters,Nachos Grande,10.0,5.0,50.0,2023-01-17,Digital Wallet,Tuesday,1
ORD_936194,CUST_100,Drinks,Lemonade,3.0,3.0,6.0,2022-11-03,Cash,Thursday,1
ORD_130784,CUST_043,Starters,Cheese Fries,5.0,3.0,20.0,2023-04-05,Credit Card,Wednesday,1
ORD_925797,CUST_048,Desserts,Cheesecake,7.0,3.0,21.0,2022-08-22,Cash,Monday,1
ORD_461427,CUST_093,Main Dishes,Grilled Chicken,15.0,5.0,75.0,2023-06-07,Digital Wallet,Wednesday,2
ORD_362477,CUST_097,Main Dishes,Salmon,18.0,4.0,72.0,2022-08-25,Digital Wallet,Thursday,1
ORD_128131,CUST_026,Drinks,Water,1.0,2.0,2.0,2022-08-29,Credit Card,Monday,1
ORD_235703,CUST_089,Desserts,Brownie,6.0,3.0,18.0,2023-01-13,Digital Wallet,Friday,2
ORD_994884,CUST_012,Main Dishes,Grilled Chicken,15.0,5.0,75.0,2022-08-16,Cash,Tuesday,1
ORD_793515,CUST_098,Starters,French Fries,4.0,1.0,4.0,2022-10-31,Digital Wallet,Monday,2
ORD_227701,CUST_082,Side Dishes,Side Salad,3.0,1.0,3.0,2022-07-04,Credit Card,Monday,1
ORD_329688,CUST_045,Side Dishes,Grilled Vegetables,5.0,4.0,20.0,2022-10-14,Digital Wallet,Friday,1
ORD_295292,CUST_001,Side Dishes,Grilled Vegetables,5.0,5.0,25.0,2023-12-06,Cash,Wednesday,1
ORD_228725,CUST_056,Starters,Sweet Potato Fries,5.0,2.0,10.0,2023-02-11,Cash,Saturday,1
ORD_320850,CUST_012,Desserts,Ice Cream,5.0,3.0,15.0,2022-02-16,Credit Card,Wednesday,2
ORD_919701,CUST_079,Main Dishes,Steak,20.0,2.0,40.0,2022-11-17,Cash,Thursday,1
ORD_360395,CUST_025,Drinks,Iced Tea,2.5,1.0,2.5,2023-06-12,Cash,Monday,1
ORD_536662,CUST_027,Desserts,Chocolate Cake,6.0,5.0,30.0,2023-04-22,Cash,Saturday,1
ORD_899204,CUST_044,Main Dishes,Salmon,18.0,2.0,36.0,2022-05-13,Digital Wallet,Friday,2
ORD_861625,CUST_048,Side Dishes,Mashed Potatoes,4.0,3.0,12.0,2023-08-22,Cash,Tuesday,2
ORD_670455,CUST_065,Side Dishes,Garlic Bread,4.0,4.0,16.0,2023-02-26,Cash,Sunday,2
ORD_735873,CUST_034,Desserts,Chocolate Cake,6.0,2.0,12.0,2022-12-17,Digital Wallet,Saturday,2
ORD_912574,CUST_021,Starters,Chicken Melt,8.0,3.0,24.0,2023-02-03,Credit Card,Friday,1
ORD_645990,CUST_008,Desserts,Cheesecake,7.0,3.0,21.0,2023-09-24,Cash,Sunday,2
ORD_926448,CUST_023,Drinks,Iced Tea,2.5,4.0,10.0,2022-06-29,Digital Wallet,Wednesday,1
ORD_713622,CUST_001,Drinks,Water,1.0,1.0,1.0,2023-07-22,Credit Card,Saturday,2
ORD_776696,CUST_095,Side Dishes,Side Salad,3.0,5.0,15.0,2022-02-16,Credit Card,Wednesday,1
ORD_286086,CUST_005,Side Dishes,Mashed Potatoes,4.0,1.0,4.0,2023-08-20,Cash,Sunday,2
ORD_256003,CUST_054,Drinks,Coca Cola,2.5,1.0,2.5,2023-10-05,Cash,Thursday,2
ORD_725746,CUST_091,Drinks,Water,1.0,3.0,3.0,2022-12-24,Cash,Saturday,1
ORD_524369,CUST_053,Starters,Beef Chili,7.0,3.0,21.0,2022-11-05,Credit Card,Saturday,2
ORD_890663,CUST_021,Drinks,Coca Cola,2.5,4.0,10.0,2022-08-28,Cash,Sunday,2
ORD_257429,CUST_042,Main Dishes,Salmon,18.0,3.0,54.0,2022-03-03,Cash,Thursday,1
ORD_805314,CUST_036,Starters,Cheese Fries,5.0,3.0,15.0,2022-10-21,Cash,Friday,2
ORD_916950,CUST_059,Side Dishes,Side Salad,3.0,3.0,9.0,2022-06-19,Digital Wallet,Sunday,2
ORD_273388,CUST_100,Side Dishes,Ice Cream,5.0,1.0,5.0,2023-08-03,Digital Wallet,Thursday,2
ORD_418402,CUST_058,Main Dishes,Pasta Alfredo,12.0,1.0,12.0,2023-10-10,Cash,Tuesday,1
ORD_600277,CUST_056,Main Dishes,Vegetarian Platter,14.0,1.0,14.0,2023-06-16,Cash,Friday,2
ORD_223767,CUST_036,Main Dishes,Steak,20.0,4.0,80.0,2022-08-05,Cash,Friday,3
ORD_992938,CUST_082,Desserts,Chocolate Cake,6.0,1.0,6.0,2023-12-24,Cash,Sunday,2
ORD_874501,CUST_013,Drinks,Water,1.0,3.0,3.0,2022-09-26,Digital Wallet,Monday,2
ORD_224096,CUST_028,Starters,Chicken Melt,8.0,1.0,8.0,2023-01-06,Credit Card,Friday,1
ORD_440834,CUST_020,Starters,Beef Chili,7.0,3.0,28.0,2023-01-23,Credit Card,Monday,2
ORD_300094,CUST_008,Starters,Cheese Fries,5.0,3.0,15.0,2023-03-19,Cash,Sunday,3
ORD_148633,CUST_050,Main Dishes,Vegetarian Platter,14.0,4.0,56.0,2022-08-10,Cash,Wednesday,1
ORD_280371,CUST_092,Main Dishes,Grilled Chicken,15.0,5.0,75.0,2023-02-22,Cash,Wednesday,1
ORD_822793,CUST_029,Side Dishes,Mashed Potatoes,4.0,2.0,8.0,2022-07-15,Credit Card,Friday,1
ORD_502477,CUST_097,Drinks,Coca Cola,2.5,3.0,10.0,2022-04-24,Cash,Sunday,2
ORD_326502,CUST_014,Drinks,Orange Juice,3.0,1.0,3.0,2022-07-18,Credit Card,Monday,1
ORD_952508,CUST_024,Drinks,Coca Cola,2.5,3.0,7.5,2023-04-30,Digital Wallet,Sunday,2
ORD_884111,CUST_021,Starters,Cheese Fries,5.0,3.0,15.0,2023-06-30,Cash,Friday,3
ORD_629848,CUST_095,Main Dishes,Steak,20.0,5.0,100.0,2022-01-13,Credit Card,Thursday,2
ORD_485910,CUST_034,Side Dishes,Garlic Bread,4.0,1.0,4.0,2022-05-07,Credit Card,Saturday,3
ORD_367846,CUST_014,Main Dishes,Pasta Alfredo,12.0,4.0,48.0,2022-07-13,Credit Card,Wednesday,2
ORD_543081,CUST_055,Main Dishes,Vegetarian Platter,14.0,5.0,70.0,2023-06-17,Digital Wallet,Saturday,1
ORD_340407,CUST_046,Starters,Sweet Potato Fries,5.0,5.0,25.0,2022-12-17,Digital Wallet,Saturday,1
ORD_181454,CUST_033,Drinks,Water,1.0,3.0,5.0,2022-06-16,Digital Wallet,Thursday,1
ORD_500454,CUST_066,Starters,Sweet Potato Fries,5.0,3.0,15.0,2023-11-29,Credit Card,Wednesday,1
ORD_336530,CUST_080,Side Dishes,Onion Rings,5.0,2.0,10.0,2023-04-22,Cash,Saturday,1
ORD_350901,CUST_078,Side Dishes,Side Salad,3.0,2.0,6.0,2023-04-22,Digital Wallet,Saturday,1
ORD_625313,CUST_055,Main Dishes,Pasta Alfredo,12.0,2.0,24.0,2023-04-22,Credit Card,Saturday,2
ORD_868244,CUST_082,Desserts,Fruit Salad,4.0,3.0,12.0,2022-09-11,Credit Card,Sunday,3
ORD_873434,CUST_026,Main Dishes,Pasta Alfredo,12.0,4.0,48.0,2023-03-05,Digital Wallet,Sunday,2
ORD_842068,CUST_019,Drinks,Water,1.0,1.0,1.0,2022-08-27,Digital Wallet,Saturday,1
ORD_832651,CUST_027,Drinks,Water,1.0,2.0,2.0,2023-03-22,Credit Card,Wednesday,2
ORD_589545,CUST_092,Starters,Ice Cream,5.0,1.0,5.0,2022-02-10,Credit Card,Thursday,2
ORD_816216,CUST_058,Main Dishes,Grilled Chicken,15.0,1.0,15.0,2022-10-08,Credit Card,Saturday,2
ORD_319584,CUST_071,Starters,Nachos Grande,10.0,3.0,30.0,2023-10-28,Credit Card,Saturday,2
ORD_315043,CUST_077,Side Dishes,Lemonade,3.0,3.0,9.0,2023-09-14,Credit Card,Thursday,1
ORD_751157,CUST_077,Drinks,Lemonade,3.0,3.0,9.0,2022-03-13,Digital Wallet,Sunday,2
ORD_612788,CUST_033,Starters,French Fries,4.0,1.0,4.0,2022-04-24,Cash,Sunday,2
ORD_400470,CUST_009,Desserts,Ice Cream,5.0,3.0,15.0,2022-07-11,Credit Card,Monday,2
ORD_582803,CUST_073,Drinks,Iced Tea,2.5,2.0,5.0,2023-01-26,Credit Card,Thursday,2
ORD_272632,CUST_087,Drinks,Coca Cola,2.5,3.0,7.5,2023-05-22,Cash,Monday,3
ORD_522428,CUST_081,Main Dishes,Steak,20.0,3.0,60.0,2022-07-18,Digital Wallet,Monday,1
ORD_164705,CUST_008,Starters,Beef Chili,7.0,4.0,28.0,2022-10-19,Cash,Wednesday,4
ORD_585475,CUST_025,Desserts,Ice Cream,5.0,2.0,10.0,2023-09-07,Cash,Thursday,2
ORD_883444,CUST_022,Main Dishes,Salmon,18.0,4.0,72.0,2022-10-11,Digital Wallet,Tuesday,1
ORD_221530,CUST_042,Desserts,Fruit Salad,4.0,5.0,20.0,2022-08-11,Credit Card,Thursday,2
ORD_695244,CUST_051,Drinks,Water,1.0,1.0,1.0,2022-06-03,Digital Wallet,Friday,1
ORD_588353,CUST_009,Desserts,Fruit Salad,4.0,2.0,8.0,2022-07-08,Digital Wallet,Friday,3
ORD_824989,CUST_025,Drinks,Water,1.0,1.0,1.0,2022-07-14,Cash,Thursday,3
ORD_174908,CUST_055,Drinks,Iced Tea,2.5,5.0,12.5,2022-09-12,Credit Card,Monday,3
ORD_457548,CUST_012,Starters,Cheese Fries,5.0,1.0,5.0,2023-08-28,Cash,Monday,3
ORD_872980,CUST_028,Side Dishes,Grilled Vegetables,5.0,5.0,25.0,2023-12-22,Credit Card,Friday,2
ORD_123434,CUST_037,Side Dishes,Grilled Vegetables,5.0,2.0,10.0,2023-03-03,Digital Wallet,Friday,1
ORD_177994,CUST_100,Starters,Nachos Grande,10.0,1.0,10.0,2022-10-29,Cash,Saturday,3
ORD_608684,CUST_065,Main Dishes,Steak,20.0,2.0,40.0,2023-03-01,Credit Card,Wednesday,3
ORD_621798,CUST_010,Drinks,Coca Cola,2.5,3.0,5.0,2023-10-27,Cash,Friday,1
ORD_292174,CUST_071,Drinks,Water,1.0,2.0,2.0,2022-01-02,Credit Card,Sunday,3
ORD_643840,CUST_006,Drinks,Lemonade,3.0,4.0,12.0,2023-11-04,Credit Card,Saturday,1
ORD_188256,CUST_062,Starters,Sweet Potato Fries,5.0,1.0,5.0,2022-11-10,Credit Card,Thursday,2
ORD_735648,CUST_015,Side Dishes,Mashed Potatoes,4.0,3.0,12.0,2023-08-29,Digital Wallet,Tuesday,1
ORD_661004,CUST_059,Side Dishes,Garlic Bread,4.0,1.0,4.0,2023-12-29,Digital Wallet,Friday,3
ORD_993696,CUST_052,Main Dishes,Pasta Alfredo,12.0,1.0,12.0,2023-11-17,Credit Card,Friday,1
ORD_495171,CUST_017,Side Dishes,French Fries,4.0,3.0,4.0,2023-04-05,Cash,Wednesday,2
ORD_560350,CUST_056,Desserts,Fruit Salad,4.0,1.0,4.0,2022-01-17,Credit Card,Monday,3
ORD_493914,CUST_008,Desserts,Ice Cream,5.0,4.0,20.0,2022-09-17,Cash,Saturday,5
ORD_178716,CUST_030,Drinks,Orange Juice,3.0,4.0,12.0,2022-03-16,Cash,Wednesday,1
ORD_882791,CUST_020,Main Dishes,Pasta Alfredo,12.0,2.0,24.0,2022-09-11,Credit Card,Sunday,3
ORD_144216,CUST_046,Side Dishes,Side Salad,3.0,3.0,9.0,2022-05-27,Cash,Friday,2
ORD_914530,CUST_067,Drinks,Water,1.0,3.0,4.0,2022-02-04,Credit Card,Friday,2
ORD_956138,CUST_037,Starters,Cheese Fries,5.0,3.0,15.0,2023-06-07,Digital Wallet,Wednesday,2
ORD_241908,CUST_012,Starters,French Fries,4.0,2.0,8.0,2023-04-19,Digital Wallet,Wednesday,4
ORD_378597,CUST_038,Main Dishes,Steak,20.0,3.0,60.0,2023-09-16,Credit Card,Saturday,2
ORD_684567,CUST_026,Main Dishes,Salmon,18.0,4.0,72.0,2023-12-12,Cash,Tuesday,3
ORD_771524,CUST_058,Side Dishes,Mashed Potatoes,4.0,5.0,20.0,2023-12-26,Digital Wallet,Tuesday,3
ORD_287849,CUST_096,Side Dishes,Side Salad,3.0,4.0,12.0,2023-03-15,Cash,Wednesday,1
ORD_765188,CUST_037,Starters,French Fries,4.0,5.0,20.0,2022-01-01,Cash,Saturday,3
ORD_739516,CUST_084,Drinks,Coca Cola,2.5,5.0,12.5,2022-07-28,Digital Wallet,Thursday,1
ORD_945261,CUST_055,Desserts,Chocolate Cake,6.0,4.0,24.0,2022-01-14,Credit Card,Friday,4
ORD_201276,CUST_063,Side Dishes,French Fries,4.0,1.0,4.0,2022-01-02,Digital Wallet,Sunday,1
ORD_500987,CUST_024,Starters,French Fries,4.0,3.0,12.0,2023-02-13,Digital Wallet,Monday,3
ORD_943643,CUST_038,Drinks,Water,1.0,1.0,1.0,2023-02-09,Credit Card,Thursday,3
ORD_298539,CUST_001,Side Dishes,Side Salad,3.0,3.0,9.0,2023-11-23,Digital Wallet,Thursday,3
ORD_542297,CUST_088,Drinks,Lemonade,3.0,1.0,3.0,2022-02-23,Digital Wallet,Wednesday,2
ORD_133085,CUST_018,Main Dishes,Grilled Chicken,15.0,3.0,60.0,2023-10-12,Credit Card,Thursday,2
ORD_480522,CUST_097,Drinks,Orange Juice,3.0,2.0,6.0,2023-09-21,Digital Wallet,Thursday,3
ORD_636467,CUST_100,Drinks,Iced Tea,2.5,1.0,2.5,2022-11-15,Digital Wallet,Tuesday,4
ORD_956810,CUST_014,Desserts,Ice Cream,5.0,3.0,15.0,2022-11-22,Digital Wallet,Tuesday,3
ORD_466739,CUST_096,Desserts,Ice Cream,5.0,5.0,25.0,2023-09-10,Digital Wallet,Sunday,2
ORD_595384,CUST_032,Desserts,Ice Cream,5.0,4.0,20.0,2022-01-10,Credit Card,Monday,1
ORD_144491,CUST_050,Desserts,Fruit Salad,4.0,5.0,20.0,2022-12-25,Cash,Sunday,2
ORD_968515,CUST_053,Starters,Beef Chili,7.0,1.0,7.0,2022-05-29,Cash,Sunday,3
ORD_294839,CUST_086,Starters,Beef Chili,7.0,4.0,28.0,2023-02-10,Credit Card,Friday,1
ORD_730933,CUST_065,Drinks,Iced Tea,2.5,2.0,5.0,2023-03-15,Credit Card,Wednesday,4
ORD_902530,CUST_094,Starters,Chicken Melt,8.0,5.0,40.0,2022-01-26,Digital Wallet,Wednesday,1
ORD_954755,CUST_050,Side Dishes,Mashed Potatoes,4.0,2.0,8.0,2023-04-19,Credit Card,Wednesday,3
ORD_110011,CUST_072,Starters,Cheese Fries,5.0,4.0,20.0,2022-03-19,Credit Card,Saturday,1
ORD_486424,CUST_001,Drinks,Orange Juice,3.0,1.0,3.0,2023-11-14,Credit Card,Tuesday,4
ORD_780290,CUST_063,Desserts,Brownie,6.0,3.0,18.0,2022-06-07,Digital Wallet,Tuesday,2
ORD_975004,CUST_001,Desserts,Fruit Salad,4.0,3.0,8.0,2022-02-14,Cash,Monday,5
ORD_274139,CUST_046,Desserts,Fruit Salad,4.0,1.0,4.0,2022-01-21,Digital Wallet,Friday,3
ORD_480251,CUST_050,Desserts,Cheesecake,7.0,4.0,28.0,2022-08-20,Credit Card,Saturday,4
ORD_770957,CUST_034,Starters,Sweet Potato Fries,5.0,3.0,15.0,2022-05-19,Digital Wallet,Thursday,4
ORD_303381,CUST_030,Side Dishes,Mashed Potatoes,4.0,5.0,20.0,2023-05-08,Credit Card,Monday,2
ORD_650937,CUST_015,Side Dishes,Onion Rings,5.0,2.0,10.0,2023-11-28,Cash,Tuesday,2
ORD_619876,CUST_040,Drinks,Iced Tea,2.5,2.0,5.0,2023-09-20,Credit Card,Wednesday,1
ORD_882768,CUST_020,Starters,Sweet Potato Fries,5.0,2.0,10.0,2023-07-08,Credit Card,Saturday,4
ORD_459786,CUST_003,Desserts,Brownie,6.0,3.0,18.0,2023-03-23,Cash,Thursday,2
ORD_986850,CUST_039,Starters,Nachos Grande,10.0,2.0,20.0,2022-03-15,Cash,Tuesday,1
ORD_342483,CUST_033,Side Dishes,Side Salad,3.0,3.0,12.0,2022-02-11,Credit Card,Friday,3
ORD_127085,CUST_091,Starters,French Fries,4.0,5.0,20.0,2023-11-25,Digital Wallet,Saturday,2
ORD_903976,CUST_081,Main Dishes,Grilled Chicken,15.0,5.0,75.0,2022-03-04,Digital Wallet,Friday,2
ORD_948838,CUST_099,Main Dishes,Salmon,18.0,3.0,54.0,2022-10-08,Credit Card,Saturday,1
ORD_497341,CUST_063,Drinks,Water,1.0,5.0,5.0,2023-11-14,Digital Wallet,Tuesday,3
ORD_765573,CUST_022,Main Dishes,Pasta Alfredo,12.0,4.0,48.0,2022-05-12,Credit Card,Thursday,2
ORD_549098,CUST_083,Drinks,Orange Juice,3.0,3.0,9.0,2023-03-14,Credit Card,Tuesday,1
ORD_248221,CUST_071,Starters,Chicken Melt,8.0,2.0,16.0,2023-07-23,Digital Wallet,Sunday,4
ORD_654724,CUST_057,Side Dishes,Garlic Bread,4.0,3.0,12.0,2022-05-28,Cash,Saturday,1
ORD_686477,CUST_098,Starters,Cheese Fries,5.0,4.0,20.0,2023-01-18,Credit Card,Wednesday,3
ORD_830261,CUST_080,Drinks,Coca Cola,2.5,4.0,10.0,2023-09-22,Digital Wallet,Friday,2
ORD_624053,CUST_014,Drinks,Water,1.0,5.0,5.0,2023-09-01,Credit Card,Friday,4
ORD_828410,CUST_025,Starters,French Fries,4.0,1.0,4.0,2022-08-07,Cash,Sunday,4
ORD_730706,CUST_062,Main Dishes,Steak,20.0,4.0,80.0,2023-06-10,Cash,Saturday,3
ORD_263097,CUST_020,Main Dishes,Grilled Chicken,15.0,4.0,60.0,2022-03-05,Cash,Saturday,5
ORD_243261,CUST_040,Main Dishes,Steak,20.0,1.0,20.0,2022-04-17,Cash,Sunday,2
ORD_297904,CUST_061,Side Dishes,Side Salad,3.0,3.0,9.0,2023-07-06,Credit Card,Thursday,2
ORD_693703,CUST_023,Main Dishes,Steak,20.0,3.0,60.0,2022-04-28,Cash,Thursday,2
ORD_860067,CUST_030,Main Dishes,Pasta Alfredo,12.0,5.0,60.0,2023-03-28,Cash,Tuesday,3
ORD_788537,CUST_009,Main Dishes,Steak,20.0,1.0,20.0,2023-10-02,Cash,Monday,4
ORD_863020,CUST_059,Starters,French Fries,4.0,4.0,16.0,2023-05-17,Digital Wallet,Wednesday,4
ORD_957313,CUST_097,Desserts,Chocolate Cake,6.0,2.0,12.0,2022-05-10,Digital Wallet,Tuesday,4
ORD_127178,CUST_005,Starters,Sweet Potato Fries,5.0,4.0,20.0,2022-02-27,Cash,Sunday,3
ORD_453103,CUST_065,Starters,Sweet Potato Fries,5.0,1.0,5.0,2023-05-14,Credit Card,Sunday,5
ORD_496806,CUST_056,Desserts,Ice Cream,5.0,4.0,20.0,2022-09-21,Credit Card,Wednesday,4
ORD_433929,CUST_043,Main Dishes,Pasta Alfredo,12.0,5.0,60.0,2023-06-22,Credit Card,Thursday,2
ORD_798702,CUST_031,Starters,French Fries,4.0,5.0,20.0,2022-06-28,Credit Card,Tuesday,1
ORD_819225,CUST_037,Desserts,Ice Cream,5.0,3.0,15.0,2023-04-24,Cash,Monday,4
ORD_702329,CUST_092,Side Dishes,Grilled Vegetables,5.0,4.0,20.0,2023-01-31,Cash,Tuesday,3
ORD_183643,CUST_095,Desserts,Brownie,6.0,2.0,12.0,2022-10-28,Digital Wallet,Friday,3
ORD_661964,CUST_013,Side Dishes,Grilled Vegetables,5.0,2.0,10.0,2023-02-18,Digital Wallet,Saturday,3
ORD_367410,CUST_027,Side Dishes,Grilled Vegetables,5.0,3.0,15.0,2023-06-09,Credit Card,Friday,3
ORD_124042,CUST_068,Drinks,Coca Cola,2.5,2.0,5.0,2023-02-04,Digital Wallet,Saturday,1
ORD_902900,CUST_088,Side Dishes,Side Salad,3.0,3.0,9.0,2023-08-28,Cash,Monday,3
ORD_904647,CUST_096,Desserts,Cheesecake,7.0,4.0,28.0,2023-05-23,Digital Wallet,Tuesday,3
ORD_803834,CUST_005,Drinks,Iced Tea,2.5,3.0,7.5,2022-03-02,Digital Wallet,Wednesday,4
ORD_793990,CUST_012,Starters,Chicken Melt,8.0,5.0,40.0,2022-02-12,Cash,Saturday,5
ORD_463469,CUST_024,Drinks,Coca Cola,2.5,3.0,5.0,2022-03-28,Cash,Monday,4
ORD_738981,CUST_025,Starters,Chicken Melt,8.0,2.0,16.0,2023-07-21,Cash,Friday,5
ORD_126644,CUST_040,Side Dishes,Grilled Vegetables,5.0,2.0,10.0,2023-03-21,Credit Card,Tuesday,3
ORD_643093,CUST_039,Drinks,Lemonade,3.0,3.0,9.0,2023-09-20,Cash,Wednesday,2
ORD_737794,CUST_071,Main Dishes,Salmon,18.0,3.0,54.0,2023-10-01,Digital Wallet,Sunday,5
ORD_656768,CUST_073,Side Dishes,Mashed Potatoes,4.0,5.0,20.0,2023-08-09,Credit Card,Wednesday,3
ORD_119614,CUST_061,Main Dishes,Steak,20.0,3.0,60.0,2022-10-04,Credit Card,Tuesday,3
ORD_459223,CUST_095,Drinks,Coca Cola,2.5,1.0,2.5,2023-10-15,Credit Card,Sunday,4
ORD_547013,CUST_013,Drinks,Water,1.0,5.0,5.0,2023-06-11,Digital Wallet,Sunday,4
ORD_174817,CUST_090,Desserts,Ice Cream,5.0,3.0,15.0,2022-05-08,Cash,Sunday,1
ORD_527109,CUST_083,Main Dishes,Salmon,18.0,1.0,18.0,2023-05-30,Cash,Tuesday,2
ORD_934800,CUST_014,Main  Dishes,Salmon,18.0,5.0,90.0,2023-03-12,Cash,Sunday,5
ORD_559783,CUST_045,Main Dishes,Vegetarian Platter,14.0,2.0,28.0,2023-10-02,Cash,Monday,2
ORD_388922,CUST_063,Starters,French Fries,4.0,1.0,4.0,2023-10-31,Cash,Tuesday,4
ORD_891284,CUST_091,Main Dishes,Pasta Alfredo,12.0,4.0,48.0,2022-05-07,Cash,Saturday,3
ORD_668620,CUST_005,Desserts,Ice Cream,5.0,5.0,25.0,2022-05-07,Cash,Saturday,5
ORD_200949,CUST_072,Drinks,Water,1.0,2.0,2.0,2022-12-08,Cash,Thursday,2
ORD_801518,CUST_070,Drinks,Iced Tea,2.5,3.0,7.5,2022-01-28,Cash,Friday,1
ORD_667625,CUST_049,Starters,Cheese Fries,5.0,2.0,10.0,2023-10-03,Cash,Tuesday,1
ORD_629955,CUST_092,Main Dishes,Grilled Chicken,15.0,1.0,15.0,2023-02-23,Credit Card,Thursday,4
ORD_887813,CUST_066,Drinks,Water,1.0,3.0,3.0,2023-04-06,Cash,Thursday,2
ORD_639377,CUST_094,Main Dishes,Vegetarian Platter,14.0,4.0,56.0,2022-04-22,Credit Card,Friday,2
ORD_457414,CUST_012,Side Dishes,Garlic Bread,4.0,4.0,16.0,2023-01-09,Cash,Monday,6
ORD_656891,CUST_055,Side Dishes,Side Salad,3.0,3.0,15.0,2023-01-09,Digital Wallet,Monday,5
ORD_975147,CUST_039,Starters,Beef Chili,7.0,4.0,28.0,2022-01-13,Digital Wallet,Thursday,3
ORD_468803,CUST_069,Starters,Beef Chili,7.0,5.0,35.0,2023-04-08,Credit Card,Saturday,2
ORD_182278,CUST_055,Starters,French Fries,4.0,1.0,4.0,2022-06-01,Digital Wallet,Wednesday,6
ORD_733340,CUST_058,Drinks,Water,1.0,3.0,5.0,2022-07-08,Credit Card,Friday,4
ORD_436762,CUST_068,Starters,Cheese Fries,5.0,5.0,25.0,2022-10-06,Credit Card,Thursday,2
ORD_538847,CUST_003,Drinks,Lemonade,3.0,3.0,6.0,2023-10-01,Credit Card,Sunday,3
ORD_903957,CUST_048,Desserts,Cheesecake,7.0,2.0,14.0,2023-02-06,Credit Card,Monday,3
ORD_498888,CUST_002,Drinks,Water,1.0,5.0,5.0,2023-02-10,Cash,Friday,1
ORD_754556,CUST_017,Desserts,Beef Chili,7.0,5.0,35.0,2023-10-09,Digital Wallet,Monday,3
ORD_785201,CUST_087,Desserts,Brownie,6.0,5.0,30.0,2022-12-17,Credit Card,Saturday,4
ORD_782967,CUST_076,Side Dishes,Side Salad,3.0,2.0,6.0,2023-04-26,Digital Wallet,Wednesday,1
ORD_895168,CUST_020,Side Dishes,Garlic Bread,4.0,4.0,16.0,2022-03-29,Digital Wallet,Tuesday,6
ORD_393237,CUST_021,Main Dishes,Pasta Alfredo,12.0,4.0,48.0,2022-11-20,Credit Card,Sunday,4
ORD_548871,CUST_006,Side Dishes,Mashed Potatoes,4.0,5.0,20.0,2023-12-08,Digital Wallet,Friday,2
ORD_237049,CUST_076,Desserts,Ice Cream,5.0,3.0,15.0,2022-05-30,Digital Wallet,Monday,2
ORD_764369,CUST_046,Main Dishes,Pasta Alfredo,12.0,4.0,48.0,2023-10-19,Cash,Thursday,4
ORD_284656,CUST_018,Main Dishes,Grilled Chicken,15.0,2.0,30.0,2023-03-18,Credit Card,Saturday,3
ORD_262512,CUST_085,Desserts,Fruit Salad,4.0,1.0,4.0,2022-03-30,Digital Wallet,Wednesday,1
ORD_276835,CUST_056,Desserts,Brownie,6.0,2.0,12.0,2022-01-22,Cash,Saturday,5
ORD_822695,CUST_073,Drinks,Lemonade,3.0,3.0,9.0,2023-12-29,Cash,Friday,4
ORD_471028,CUST_084,Drinks,Water,1.0,5.0,5.0,2023-02-24,Digital Wallet,Friday,2
ORD_918832,CUST_018,Starters,French Fries,4.0,5.0,20.0,2022-05-03,Digital Wallet,Tuesday,4
ORD_902604,CUST_091,Desserts,Brownie,6.0,5.0,30.0,2023-11-22,Credit Card,Wednesday,4
ORD_696101,CUST_035,Side Dishes,Grilled Vegetables,5.0,3.0,10.0,2022-08-12,Cash,Friday,1
ORD_542936,CUST_082,Side Dishes,Mashed Potatoes,4.0,4.0,16.0,2022-03-22,Cash,Tuesday,4
ORD_764920,CUST_075,Starters,Cheese Fries,5.0,3.0,15.0,2022-01-23,Credit Card,Sunday,1
ORD_741496,CUST_037,Starters,Ice Cream,5.0,1.0,5.0,2023-07-20,Digital Wallet,Thursday,5
ORD_189042,CUST_081,Desserts,Fruit Salad,4.0,2.0,8.0,2022-04-18,Credit Card,Monday,3
ORD_334417,CUST_083,Desserts,Ice Cream,5.0,4.0,20.0,2023-01-11,Digital Wallet,Wednesday,3
ORD_517479,CUST_056,Main Dishes,Vegetarian Platter,14.0,3.0,42.0,2022-05-25,Digital Wallet,Wednesday,6
ORD_705702,CUST_075,Side Dishes,Grilled Vegetables,5.0,1.0,5.0,2023-07-04,Cash,Tuesday,2
ORD_848832,CUST_002,Main Dishes,Pasta Alfredo,12.0,1.0,12.0,2022-01-30,Credit Card,Sunday,2
ORD_637034,CUST_089,Drinks,Iced Tea,2.5,5.0,12.5,2022-11-14,Credit Card,Monday,3
ORD_311067,CUST_067,Side Dishes,Side Salad,3.0,3.0,9.0,2023-02-04,Credit Card,Saturday,3
ORD_607680,CUST_005,Drinks,Water,1.0,3.0,3.0,2023-01-17,Digital Wallet,Tuesday,6
ORD_876828,CUST_093,Starters,Cheese Fries,5.0,3.0,15.0,2022-04-14,Digital Wallet,Thursday,3
ORD_811314,CUST_016,Drinks,Orange Juice,3.0,3.0,3.0,2022-07-17,Cash,Sunday,1
ORD_246448,CUST_097,Drinks,Iced Tea,2.5,5.0,12.5,2023-12-10,Cash,Sunday,5
ORD_971483,CUST_040,Drinks,Water,1.0,5.0,5.0,2022-03-30,Cash,Wednesday,4
ORD_471637,CUST_090,Starters,French Fries,4.0,3.0,12.0,2023-02-06,Digital Wallet,Monday,2
ORD_749258,CUST_020,Main Dishes,Grilled Chicken,15.0,1.0,15.0,2023-10-07,Digital Wallet,Saturday,7
ORD_967303,CUST_050,Drinks,Coca Cola,2.5,4.0,10.0,2022-11-20,Digital Wallet,Sunday,5
ORD_365438,CUST_079,Side Dishes,French Fries,4.0,2.0,8.0,2023-09-02,Cash,Saturday,2
ORD_482009,CUST_005,Starters,Chicken Melt,8.0,3.0,24.0,2022-02-04,Credit Card,Friday,7
ORD_744833,CUST_094,Side Dishes,Mashed Potatoes,4.0,5.0,20.0,2022-03-27,Digital Wallet,Sunday,3
ORD_429701,CUST_009,Side Dishes,Grilled Vegetables,5.0,1.0,5.0,2023-04-09,Credit Card,Sunday,5
ORD_142081,CUST_096,Side Dishes,Mashed Potatoes,4.0,5.0,20.0,2022-01-26,Cash,Wednesday,4
ORD_125899,CUST_021,Desserts,Cheesecake,7.0,3.0,21.0,2023-02-10,Credit Card,Friday,5
ORD_591152,CUST_044,Starters,French Fries,4.0,5.0,20.0,2022-01-09,Digital Wallet,Sunday,3
ORD_654990,CUST_077,Desserts,Chocolate Cake,6.0,5.0,30.0,2023-08-14,Cash,Monday,3
ORD_779894,CUST_082,Main Dishes,Grilled Chicken,15.0,1.0,15.0,2022-06-20,Credit Card,Monday,5
ORD_465336,CUST_039,Side Dishes,Side Salad,3.0,4.0,12.0,2023-09-21,Digital Wallet,Thursday,4
ORD_404965,CUST_083,Starters,French Fries,4.0,4.0,16.0,2023-06-25,Credit Card,Sunday,4
ORD_145458,CUST_059,Starters,French Fries,4.0,2.0,8.0,2022-08-30,Digital Wallet,Tuesday,5
ORD_110068,CUST_009,Desserts,Fruit Salad,4.0,5.0,20.0,2022-02-03,Digital Wallet,Thursday,6
ORD_199692,CUST_017,Side Dishes,Side Salad,3.0,5.0,15.0,2022-01-27,Cash,Thursday,4
ORD_246220,CUST_017,Main Dishes,Steak,20.0,5.0,100.0,2022-09-16,Cash,Friday,5
ORD_961585,CUST_023,Drinks,Lemonade,3.0,2.0,6.0,2023-08-06,Digital Wallet,Sunday,3
ORD_296388,CUST_044,Desserts,Fruit Salad,4.0,3.0,12.0,2022-04-27,Cash,Wednesday,4
ORD_972426,CUST_090,Starters,French Fries,4.0,5.0,20.0,2022-11-28,Cash,Monday,3
ORD_586670,CUST_068,Starters,Beef Chili,7.0,5.0,35.0,2023-03-30,Cash,Thursday,3
ORD_303305,CUST_040,Drinks,Lemonade,3.0,3.0,9.0,2022-02-07,Credit Card,Monday,5
ORD_214025,CUST_053,Desserts,Fruit Salad,4.0,1.0,4.0,2023-01-14,Cash,Saturday,4
ORD_814887,CUST_039,Desserts,Ice Cream,5.0,5.0,25.0,2023-05-28,Credit Card,Sunday,5
ORD_377389,CUST_052,Side Dishes,Grilled Vegetables,5.0,5.0,25.0,2022-04-24,Credit Card,Sunday,2
ORD_590230,CUST_080,Starters,Sweet Potato Fries,5.0,3.0,15.0,2022-10-10,Cash,Monday,3
ORD_924197,CUST_056,Starters,Beef Chili,7.0,2.0,14.0,2022-03-23,Credit Card,Wednesday,7
ORD_477533,CUST_025,Starters,Beef Chili,7.0,3.0,21.0,2022-08-05,Credit Card,Friday,6
ORD_809155,CUST_035,Starters,Cheese Fries,5.0,1.0,5.0,2022-11-26,Cash,Saturday,2
ORD_683897,CUST_007,Side Dishes,Onion Rings,5.0,4.0,20.0,2022-01-24,Credit Card,Monday,1
ORD_784302,CUST_040,Main Dishes,Pasta Alfredo,12.0,5.0,60.0,2022-01-23,Credit Card,Sunday,6
ORD_923986,CUST_006,Side Dishes,Garlic Bread,4.0,4.0,16.0,2022-04-23,Cash,Saturday,3
ORD_996721,CUST_035,Drinks,Iced Tea,2.5,3.0,7.5,2023-03-04,Digital Wallet,Saturday,3
ORD_622511,CUST_097,Desserts,Chocolate Cake,6.0,3.0,18.0,2023-09-11,Digital Wallet,Monday,6
ORD_936312,CUST_051,Drinks,Coca Cola,2.5,2.0,5.0,2022-04-15,Credit Card,Friday,2
ORD_345392,CUST_069,Desserts,Chocolate Cake,6.0,4.0,24.0,2023-06-14,Digital Wallet,Wednesday,3
ORD_771570,CUST_093,Main Dishes,Salmon,18.0,2.0,36.0,2023-03-24,Credit Card,Friday,4
ORD_839433,CUST_016,Side Dishes,Grilled Vegetables,5.0,1.0,5.0,2022-05-09,Cash,Monday,2
ORD_776589,CUST_019,Drinks,Orange Juice,3.0,5.0,15.0,2022-08-07,Digital Wallet,Sunday,2
ORD_824567,CUST_044,Starters,Cheese Fries,5.0,4.0,20.0,2023-02-21,Digital Wallet,Tuesday,5
ORD_200058,CUST_023,Main Dishes,Grilled Chicken,15.0,3.0,30.0,2022-10-13,Cash,Thursday,4
ORD_984083,CUST_019,Starters,Cheese Fries,5.0,3.0,15.0,2022-04-18,Credit Card,Monday,3
ORD_460639,CUST_026,Main Dishes,Grilled Chicken,15.0,3.0,60.0,2023-06-12,Cash,Monday,4
ORD_694049,CUST_080,Side Dishes,Onion Rings,5.0,4.0,20.0,2022-10-05,Digital Wallet,Wednesday,4
ORD_514744,CUST_013,Desserts,Fruit Salad,4.0,4.0,16.0,2022-07-18,Credit Card,Monday,5
ORD_157211,CUST_016,Starters,Sweet Potato Fries,5.0,3.0,15.0,2022-02-19,Credit Card,Saturday,3
ORD_803205,CUST_084,Starters,French Fries,4.0,4.0,16.0,2023-06-06,Digital Wallet,Tuesday,3
ORD_457748,CUST_031,Drinks,Water,1.0,5.0,5.0,2023-02-04,Cash,Saturday,2
ORD_348280,CUST_039,Drinks,Iced Tea,2.5,5.0,12.5,2022-06-11,Cash,Saturday,6
ORD_910427,CUST_061,Drinks,Orange Juice,3.0,1.0,3.0,2023-04-15,Credit Card,Saturday,4
ORD_878640,CUST_062,Desserts,Brownie,6.0,3.0,18.0,2022-07-15,Credit Card,Friday,4
ORD_848123,CUST_042,Main Dishes,Vegetarian Platter,14.0,3.0,28.0,2022-03-15,Cash,Tuesday,3
ORD_217915,CUST_081,Side Dishes,Garlic Bread,4.0,4.0,16.0,2022-05-31,Cash,Tuesday,4
ORD_354616,CUST_076,Desserts,Brownie,6.0,2.0,12.0,2022-09-02,Digital Wallet,Friday,3
ORD_243699,CUST_085,Side Dishes,Ice Cream,5.0,5.0,25.0,2023-07-01,Cash,Saturday,2
ORD_301112,CUST_055,Side Dishes,Mashed Potatoes,4.0,1.0,4.0,2022-10-27,Credit Card,Thursday,7
ORD_507802,CUST_018,Starters,Cheese Fries,5.0,4.0,20.0,2023-11-22,Cash,Wednesday,5
ORD_638607,CUST_059,Desserts,Brownie,6.0,2.0,12.0,2022-04-24,Credit Card,Sunday,6
ORD_578901,CUST_077,Desserts,Chocolate Cake,6.0,3.0,6.0,2023-07-23,Cash,Sunday,4
ORD_158277,CUST_092,Main Dishes,Vegetarian Platter,14.0,2.0,28.0,2023-08-15,Cash,Tuesday,5
ORD_819564,CUST_069,Drinks,Lemonade,3.0,2.0,6.0,2022-02-07,Digital Wallet,Monday,4
ORD_388576,CUST_023,Main Dishes,Steak,20.0,1.0,20.0,2022-03-09,Cash,Wednesday,5
ORD_973257,CUST_052,Main Dishes,Salmon,18.0,5.0,90.0,2023-07-17,Credit Card,Monday,3
ORD_717181,CUST_031,Starters,Beef Chili,7.0,3.0,21.0,2023-07-31,Cash,Monday,3
ORD_784473,CUST_075,Side Dishes,Onion Rings,5.0,3.0,15.0,2022-08-21,Digital Wallet,Sunday,3
ORD_908986,CUST_039,Side Dishes,Mashed Potatoes,4.0,2.0,8.0,2023-01-11,Credit Card,Wednesday,7
ORD_528051,CUST_070,Side Dishes,Side Salad,3.0,3.0,9.0,2022-02-02,Cash,Wednesday,2
ORD_484348,CUST_004,Starters,Cheese Fries,5.0,1.0,5.0,2023-10-10,Digital Wallet,Tuesday,1
ORD_276628,CUST_058,Desserts,Chocolate Cake,6.0,4.0,24.0,2022-07-15,Digital Wallet,Friday,5
ORD_771591,CUST_026,Drinks,Iced Tea,2.5,4.0,10.0,2022-08-30,Digital Wallet,Tuesday,5
ORD_561258,CUST_087,Starters,French Fries,4.0,1.0,4.0,2022-04-16,Digital Wallet,Saturday,5
ORD_410595,CUST_090,Starters,Sweet Potato Fries,5.0,4.0,20.0,2023-12-15,Digital Wallet,Friday,4
ORD_956922,CUST_045,Starters,Sweet Potato Fries,5.0,3.0,10.0,2023-11-01,Digital Wallet,Wednesday,3
ORD_643901,CUST_019,Drinks,Orange Juice,3.0,1.0,3.0,2022-06-12,Cash,Sunday,4
ORD_840297,CUST_098,Starters,Sweet Potato Fries,5.0,5.0,25.0,2023-08-12,Digital Wallet,Saturday,4
ORD_490893,CUST_098,Starters,Beef Chili,7.0,4.0,28.0,2022-12-01,Digital Wallet,Thursday,5
ORD_799979,CUST_010,Desserts,Chocolate Cake,6.0,2.0,12.0,2022-12-06,Credit Card,Tuesday,2
ORD_474398,CUST_013,Main Dishes,Steak,20.0,2.0,40.0,2023-01-21,Cash,Saturday,6
ORD_530090,CUST_078,Side Dishes,Onion Rings,5.0,3.0,20.0,2022-02-22,Credit Card,Tuesday,2
ORD_596996,CUST_087,Side Dishes,Side Salad,3.0,5.0,15.0,2023-06-21,Credit Card,Wednesday,6
ORD_801342,CUST_098,Main Dishes,Grilled Chicken,15.0,1.0,15.0,2022-03-17,Credit Card,Thursday,6
ORD_640602,CUST_013,Main Dishes,Salmon,18.0,1.0,18.0,2023-05-01,Digital Wallet,Monday,7
ORD_259850,CUST_015,Drinks,Lemonade,3.0,4.0,12.0,2022-03-08,Cash,Tuesday,3
ORD_907369,CUST_013,Starters,Sweet Potato Fries,5.0,5.0,25.0,2023-04-03,Cash,Monday,8
ORD_697181,CUST_086,Starters,Chicken Melt,8.0,5.0,40.0,2022-07-23,Digital Wallet,Saturday,2
ORD_591767,CUST_004,Main Dishes,Pasta Alfredo,12.0,3.0,36.0,2022-06-02,Credit Card,Thursday,2
ORD_869614,CUST_016,Starters,French Fries,4.0,4.0,16.0,2023-10-29,Cash,Sunday,4
ORD_369160,CUST_089,Side Dishes,Side Salad,3.0,4.0,12.0,2022-05-21,Digital Wallet,Saturday,4
ORD_525473,CUST_066,Starters,Cheese Fries,5.0,3.0,5.0,2023-10-19,Cash,Thursday,3
ORD_665039,CUST_040,Drinks,Iced Tea,2.5,1.0,2.5,2022-05-13,Cash,Friday,7
ORD_721614,CUST_024,Side Dishes,Onion Rings,5.0,3.0,15.0,2022-01-06,Credit Card,Thursday,5
ORD_509918,CUST_065,Desserts,Cheesecake,7.0,1.0,7.0,2023-06-27,Digital Wallet,Tuesday,6
ORD_335780,CUST_072,Main Dishes,Pasta Alfredo,12.0,1.0,12.0,2023-11-30,Digital Wallet,Thursday,3
ORD_402086,CUST_038,Starters,Cheese Fries,5.0,3.0,15.0,2022-02-08,Digital Wallet,Tuesday,4
ORD_995304,CUST_088,Starters,Cheese Fries,5.0,1.0,5.0,2023-09-20,Credit Card,Wednesday,4
ORD_461128,CUST_010,Starters,Sweet Potato Fries,5.0,2.0,10.0,2022-05-31,Credit Card,Tuesday,3
ORD_199784,CUST_055,Side Dishes,Garlic Bread,4.0,2.0,8.0,2022-04-02,Cash,Saturday,8
ORD_852048,CUST_003,Starters,Beef Chili,7.0,5.0,35.0,2023-01-12,Cash,Thursday,4
ORD_957058,CUST_042,Starters,Chicken Melt,8.0,2.0,16.0,2023-12-22,Digital Wallet,Friday,4
ORD_718922,CUST_078,Desserts,Fruit Salad,4.0,3.0,4.0,2022-03-26,Digital Wallet,Saturday,3
ORD_845094,CUST_077,Starters,French Fries,4.0,3.0,12.0,2022-01-13,Cash,Thursday,5
ORD_127666,CUST_013,Side Dishes,Grilled Vegetables,5.0,2.0,10.0,2022-06-03,Cash,Friday,9
ORD_273513,CUST_023,Main Dishes,Pasta Alfredo,12.0,2.0,24.0,2022-03-01,Credit Card,Tuesday,6
ORD_566205,CUST_091,Starters,Ice Cream,5.0,1.0,5.0,2022-12-23,Digital Wallet,Friday,5
ORD_718842,CUST_046,Side Dishes,Side Salad,3.0,1.0,3.0,2023-05-25,Digital Wallet,Thursday,5
ORD_387744,CUST_058,Side Dishes,Garlic Bread,4.0,5.0,20.0,2023-11-07,Digital Wallet,Tuesday,6
ORD_242484,CUST_059,Desserts,Cheesecake,7.0,5.0,35.0,2023-05-15,Cash,Monday,7
ORD_527724,CUST_034,Main Dishes,Steak,20.0,4.0,80.0,2022-01-28,Digital Wallet,Friday,5
ORD_651147,CUST_039,Drinks,Coca Cola,2.5,3.0,12.5,2023-09-25,Cash,Monday,8
ORD_878784,CUST_090,Drinks,Water,1.0,1.0,1.0,2023-07-05,Digital Wallet,Wednesday,5
ORD_829456,CUST_073,Desserts,Ice Cream,5.0,5.0,25.0,2022-08-09,Credit Card,Tuesday,5
ORD_961405,CUST_017,Drinks,Lemonade,3.0,1.0,3.0,2022-11-21,Cash,Monday,6
ORD_445291,CUST_063,Side Dishes,Side Salad,3.0,3.0,9.0,2022-06-06,Digital Wallet,Monday,5
ORD_539982,CUST_037,Starters,French Fries,4.0,5.0,20.0,2022-12-20,Credit Card,Tuesday,6
ORD_398812,CUST_028,Starters,Sweet Potato Fries,5.0,4.0,20.0,2022-04-08,Digital Wallet,Friday,3
ORD_830708,CUST_009,Starters,Beef Chili,7.0,3.0,21.0,2023-04-18,Cash,Tuesday,7
ORD_938402,CUST_003,Starters,Nachos Grande,10.0,5.0,50.0,2022-10-09,Credit Card,Sunday,5
ORD_945147,CUST_042,Main Dishes,Grilled Chicken,15.0,3.0,45.0,2023-01-28,Digital Wallet,Saturday,5
ORD_843444,CUST_041,Side Dishes,Grilled Vegetables,5.0,1.0,5.0,2022-09-27,Credit Card,Tuesday,1
ORD_245366,CUST_010,Drinks,Water,1.0,1.0,1.0,2022-02-11,Credit Card,Friday,4
ORD_653479,CUST_100,Drinks,Lemonade,3.0,3.0,9.0,2023-01-13,Cash,Friday,5
ORD_138569,CUST_095,Starters,French Fries,4.0,5.0,20.0,2023-01-14,Digital Wallet,Saturday,5
ORD_992854,CUST_098,Drinks,Iced Tea,2.5,1.0,2.5,2022-05-12,Cash,Thursday,7
ORD_724289,CUST_032,Main Dishes,Grilled Chicken,15.0,2.0,30.0,2023-08-02,Credit Card,Wednesday,2
ORD_919421,CUST_063,Main Dishes,Grilled Chicken,15.0,4.0,60.0,2023-07-25,Digital Wallet,Tuesday,6
ORD_165727,CUST_078,Side Dishes,Grilled Vegetables,5.0,2.0,10.0,2023-01-15,Cash,Sunday,4
ORD_329274,CUST_087,Starters,Ice Cream,5.0,3.0,10.0,2022-10-31,Credit Card,Monday,7
ORD_324642,CUST_067,Main Dishes,Vegetarian Platter,14.0,5.0,70.0,2022-05-30,Credit Card,Monday,4
ORD_230561,CUST_085,Starters,Beef Chili,7.0,3.0,21.0,2023-03-27,Cash,Monday,3
ORD_635500,CUST_033,Desserts,Fruit Salad,4.0,4.0,16.0,2023-02-03,Cash,Friday,4
ORD_892855,CUST_025,Desserts,Cheesecake,7.0,5.0,35.0,2022-08-18,Cash,Thursday,7
ORD_875771,CUST_004,Drinks,Coca Cola,2.5,3.0,7.5,2022-12-27,Cash,Tuesday,3
ORD_476060,CUST_001,Desserts,Cheesecake,7.0,4.0,28.0,2022-05-21,Cash,Saturday,6
ORD_397357,CUST_035,Main Dishes,Pasta Alfredo,12.0,3.0,36.0,2022-09-11,Digital Wallet,Sunday,4
ORD_994668,CUST_066,Desserts,Ice Cream,5.0,5.0,25.0,2023-10-09,Digital Wallet,Monday,4
ORD_225616,CUST_064,Starters,Nachos Grande,10.0,2.0,20.0,2022-05-25,Credit Card,Wednesday,2
ORD_157736,CUST_079,Desserts,French Fries,4.0,3.0,12.0,2022-09-04,Digital Wallet,Sunday,3
ORD_125411,CUST_005,Side Dishes,Grilled Vegetables,5.0,2.0,10.0,2022-07-22,Digital Wallet,Friday,8
ORD_481651,CUST_063,Main Dishes,Pasta Alfredo,12.0,3.0,36.0,2022-01-25,Digital Wallet,Tuesday,7
ORD_361842,CUST_007,Side Dishes,Side Salad,3.0,1.0,3.0,2023-09-25,Credit Card,Monday,2
ORD_562128,CUST_001,Desserts,Chocolate Cake,6.0,2.0,12.0,2023-03-02,Cash,Thursday,7
ORD_661107,CUST_033,Main Dishes,Pasta Alfredo,12.0,5.0,60.0,2023-09-15,Credit Card,Friday,5
ORD_781229,CUST_044,Drinks,Iced Tea,2.5,4.0,10.0,2023-09-08,Credit Card,Friday,6
ORD_961652,CUST_097,Desserts,Fruit Salad,4.0,3.0,12.0,2022-08-07,Cash,Sunday,7
ORD_925326,CUST_004,Starters,French Fries,4.0,2.0,8.0,2023-07-21,Credit Card,Friday,4
ORD_427351,CUST_042,Desserts,Cheesecake,7.0,2.0,14.0,2022-10-16,Digital Wallet,Sunday,6
ORD_235997,CUST_089,Main Dishes,Steak,20.0,2.0,40.0,2023-08-05,Cash,Saturday,5
ORD_638245,CUST_100,Desserts,Cheesecake,7.0,3.0,21.0,2022-04-09,Digital Wallet,Saturday,6
ORD_752293,CUST_023,Main Dishes,Salmon,18.0,5.0,90.0,2022-01-27,Cash,Thursday,7
ORD_530146,CUST_003,Starters,French Fries,4.0,2.0,8.0,2022-03-14,Credit Card,Monday,6
ORD_386729,CUST_004,Side Dishes,Grilled Vegetables,5.0,1.0,5.0,2023-06-24,Digital Wallet,Saturday,5
ORD_743100,CUST_079,Side Dishes,Mashed Potatoes,4.0,1.0,4.0,2022-04-07,Digital Wallet,Thursday,4
ORD_233765,CUST_049,Drinks,Orange Juice,3.0,3.0,9.0,2023-03-02,Credit Card,Thursday,2
ORD_580371,CUST_020,Desserts,Ice Cream,5.0,2.0,10.0,2023-04-07,Credit Card,Friday,8
ORD_813046,CUST_099,Drinks,Water,1.0,5.0,5.0,2022-11-20,Cash,Sunday,2
ORD_268267,CUST_024,Side Dishes,Garlic Bread,4.0,3.0,12.0,2023-05-01,Cash,Monday,6
ORD_865428,CUST_067,Starters,Sweet Potato Fries,5.0,4.0,20.0,2022-07-26,Digital Wallet,Tuesday,5
ORD_460102,CUST_098,Side Dishes,Side Salad,3.0,1.0,3.0,2022-01-23,Digital Wallet,Sunday,8
ORD_930167,CUST_084,Side Dishes,Mashed Potatoes,4.0,4.0,16.0,2022-01-16,Credit Card,Sunday,4
ORD_769830,CUST_096,Desserts,Brownie,6.0,1.0,6.0,2022-04-26,Cash,Tuesday,5
ORD_352600,CUST_061,Main Dishes,Grilled Chicken,15.0,1.0,15.0,2022-11-07,Credit Card,Monday,5
ORD_432163,CUST_012,Desserts,Cheesecake,7.0,4.0,28.0,2023-10-19,Credit Card,Thursday,7
ORD_358099,CUST_058,Desserts,Cheesecake,7.0,4.0,28.0,2023-12-03,Credit Card,Sunday,7
ORD_450366,CUST_070,Drinks,Lemonade,3.0,3.0,9.0,2023-10-26,Cash,Thursday,3
ORD_476942,CUST_036,Starters,Sweet Potato Fries,5.0,3.0,15.0,2022-04-14,Credit Card,Thursday,4
ORD_572626,CUST_069,Drinks,Coca Cola,2.5,2.0,5.0,2023-06-02,Digital Wallet,Friday,5
ORD_711615,CUST_049,Main  Dishes,Salmon,18.0,3.0,54.0,2023-01-01,Digital Wallet,Sunday,3
ORD_304403,CUST_060,Drinks,Water,1.0,5.0,5.0,2022-05-11,Credit Card,Wednesday,1
ORD_362003,CUST_082,Side Dishes,Mashed Potatoes,4.0,4.0,16.0,2022-12-18,Credit Card,Sunday,6
ORD_830946,CUST_075,Drinks,Water,1.0,3.0,3.0,2023-10-23,Credit Card,Monday,4
ORD_885089,CUST_071,Main Dishes,Pasta Alfredo,12.0,1.0,12.0,2023-10-20,Credit Card,Friday,6
ORD_189138,CUST_013,Desserts,Chocolate Cake,6.0,3.0,12.0,2023-08-14,Digital Wallet,Monday,10
ORD_100127,CUST_058,Main Dishes,Steak,20.0,5.0,100.0,2023-07-31,Cash,Monday,8
ORD_178926,CUST_004,Starters,Ice Cream,5.0,3.0,15.0,2023-08-10,Cash,Thursday,6
ORD_379668,CUST_098,Drinks,Water,1.0,2.0,2.0,2022-08-07,Credit Card,Sunday,9
ORD_684255,CUST_027,Side Dishes,Grilled Vegetables,5.0,1.0,5.0,2023-12-30,Cash,Saturday,4
ORD_750393,CUST_047,Starters,Chicken Melt,8.0,1.0,8.0,2023-09-14,Cash,Thursday,2
ORD_776388,CUST_055,Side Dishes,Onion Rings,5.0,4.0,20.0,2022-10-22,Cash,Saturday,9
ORD_661383,CUST_018,Drinks,Water,1.0,3.0,3.0,2022-06-30,Digital Wallet,Thursday,6
ORD_696418,CUST_099,Drinks,Water,1.0,4.0,4.0,2023-08-23,Credit Card,Wednesday,3
ORD_343881,CUST_072,Starters,Cheese Fries,5.0,5.0,25.0,2023-11-30,Credit Card,Thursday,4
ORD_735128,CUST_078,Main Dishes,Salmon,18.0,4.0,72.0,2023-12-29,Cash,Friday,5
ORD_826125,CUST_016,Starters,Ice Cream,5.0,3.0,15.0,2023-10-26,Digital Wallet,Thursday,5
ORD_482209,CUST_024,Starters,Cheese Fries,5.0,3.0,15.0,2023-08-24,Cash,Thursday,7
ORD_431589,CUST_048,Drinks,Water,1.0,1.0,1.0,2023-05-16,Digital Wallet,Tuesday,4
ORD_373241,CUST_042,Main Dishes,Grilled Chicken,15.0,4.0,60.0,2023-09-10,Digital Wallet,Sunday,7
ORD_771966,CUST_065,Main  Dishes,Steak,20.0,2.0,40.0,2023-05-18,Cash,Thursday,7
ORD_278653,CUST_016,Main Dishes,Steak,20.0,5.0,100.0,2022-07-13,Digital Wallet,Wednesday,6
ORD_587585,CUST_037,Side Dishes,Mashed Potatoes,4.0,3.0,12.0,2022-01-15,Cash,Saturday,7
ORD_248462,CUST_003,Side Dishes,Side Salad,3.0,1.0,3.0,2022-07-02,Digital Wallet,Saturday,7
ORD_844583,CUST_039,Starters,French Fries,4.0,4.0,16.0,2023-01-10,Cash,Tuesday,9
ORD_451226,CUST_098,Starters,French Fries,4.0,3.0,12.0,2023-06-02,Cash,Friday,10
ORD_243160,CUST_036,Starters,Chicken Melt,8.0,3.0,24.0,2022-03-21,Credit Card,Monday,5
ORD_793532,CUST_076,Starters,Cheese Fries,5.0,1.0,5.0,2023-01-02,Digital Wallet,Monday,4
ORD_296620,CUST_018,Main Dishes,Steak,20.0,1.0,20.0,2022-03-23,Digital Wallet,Wednesday,7
ORD_507396,CUST_022,Side Dishes,Grilled Vegetables,5.0,3.0,15.0,2023-01-02,Credit Card,Monday,3
ORD_476434,CUST_043,Drinks,Water,1.0,2.0,2.0,2022-10-01,Digital Wallet,Saturday,3
ORD_754504,CUST_014,Starters,Beef Chili,7.0,4.0,28.0,2022-05-12,Digital Wallet,Thursday,6
ORD_660191,CUST_084,Main Dishes,Steak,20.0,2.0,40.0,2022-02-24,Cash,Thursday,5
ORD_135127,CUST_041,Side Dishes,Onion Rings,5.0,1.0,5.0,2022-12-15,Cash,Thursday,2
ORD_988886,CUST_066,Main Dishes,Vegetarian Platter,14.0,3.0,42.0,2023-01-17,Credit Card,Tuesday,5
ORD_875244,CUST_056,Side Dishes,Ice Cream,5.0,3.0,5.0,2023-11-01,Credit Card,Wednesday,8
ORD_606882,CUST_014,Starters,Cheese Fries,5.0,5.0,25.0,2022-03-02,Credit Card,Wednesday,7
ORD_154008,CUST_089,Desserts,Ice Cream,5.0,1.0,5.0,2023-04-20,Credit Card,Thursday,6
ORD_640072,CUST_046,Starters,Sweet Potato Fries,5.0,2.0,10.0,2022-04-25,Cash,Monday,6
ORD_211051,CUST_080,Side Dishes,Side Salad,3.0,3.0,9.0,2023-06-07,Credit Card,Wednesday,5
ORD_457580,CUST_078,Starters,Chicken Melt,8.0,3.0,24.0,2023-02-22,Digital Wallet,Wednesday,6
ORD_441632,CUST_064,Desserts,Cheesecake,7.0,5.0,35.0,2022-02-18,Credit Card,Friday,3
ORD_121877,CUST_066,Main Dishes,Steak,20.0,4.0,80.0,2022-07-11,Credit Card,Monday,6
ORD_947834,CUST_091,Desserts,Ice Cream,5.0,3.0,15.0,2022-06-05,Digital Wallet,Sunday,6
ORD_749517,CUST_015,Desserts,Chocolate Cake,6.0,1.0,6.0,2022-11-10,Digital Wallet,Thursday,4
ORD_176763,CUST_074,Main Dishes,Pasta Alfredo,12.0,4.0,48.0,2022-05-03,Digital Wallet,Tuesday,2
ORD_326963,CUST_098,Starters,Chicken Melt,8.0,5.0,40.0,2023-03-06,Digital Wallet,Monday,11
ORD_191437,CUST_088,Drinks,Orange Juice,3.0,3.0,9.0,2022-05-14,Cash,Saturday,5
ORD_923647,CUST_049,Desserts,Cheesecake,7.0,3.0,28.0,2023-01-11,Credit Card,Wednesday,4
ORD_881866,CUST_078,Main Dishes,Vegetarian Platter,14.0,5.0,70.0,2022-12-02,Cash,Friday,7
ORD_723878,CUST_066,Drinks,Water,1.0,5.0,5.0,2023-10-04,Credit Card,Wednesday,7
ORD_864502,CUST_085,Drinks,Water,1.0,3.0,3.0,2023-07-24,Digital Wallet,Monday,4
ORD_989056,CUST_011,Starters,Chicken Melt,8.0,3.0,32.0,2023-04-05,Cash,Wednesday,1
ORD_244620,CUST_083,Drinks,Coca Cola,2.5,1.0,2.5,2022-04-23,Cash,Saturday,5
ORD_546710,CUST_099,Starters,Nachos Grande,10.0,4.0,40.0,2022-04-21,Digital Wallet,Thursday,4
ORD_406265,CUST_079,Main Dishes,Steak,20.0,2.0,40.0,2022-04-18,Cash,Monday,5
ORD_130774,CUST_026,Starters,French Fries,4.0,4.0,16.0,2023-11-27,Cash,Monday,6
ORD_913359,CUST_020,Side Dishes,Mashed Potatoes,4.0,2.0,8.0,2023-08-02,Credit Card,Wednesday,9
ORD_985386,CUST_087,Side Dishes,Side Salad,3.0,5.0,15.0,2022-09-17,Cash,Saturday,8
ORD_275378,CUST_041,Main Dishes,Salmon,18.0,1.0,18.0,2023-06-12,Credit Card,Monday,3
ORD_792270,CUST_037,Starters,Sweet Potato Fries,5.0,2.0,10.0,2023-03-20,Digital Wallet,Monday,8
ORD_734983,CUST_034,Drinks,Orange Juice,3.0,1.0,3.0,2022-02-17,Cash,Thursday,6
ORD_207583,CUST_041,Side Dishes,Side Salad,3.0,1.0,3.0,2023-03-17,Credit Card,Friday,4
ORD_628225,CUST_026,Main Dishes,Grilled Chicken,15.0,4.0,60.0,2022-07-30,Cash,Saturday,7
ORD_276360,CUST_092,Desserts,Ice Cream,5.0,2.0,10.0,2022-09-24,Digital Wallet,Saturday,6
ORD_696112,CUST_086,Side Dishes,Mashed Potatoes,4.0,4.0,16.0,2022-04-28,Credit Card,Thursday,3
ORD_141650,CUST_059,Drinks,Lemonade,3.0,3.0,9.0,2023-01-29,Cash,Sunday,8
ORD_412260,CUST_021,Main Dishes,Pasta Alfredo,12.0,5.0,60.0,2022-02-21,Cash,Monday,6
ORD_766622,CUST_003,Starters,Cheese Fries,5.0,1.0,5.0,2022-03-04,Cash,Friday,8
ORD_191247,CUST_026,Main Dishes,Grilled Chicken,15.0,2.0,30.0,2023-07-06,Cash,Thursday,8
ORD_309418,CUST_100,Starters,Chicken Melt,8.0,2.0,16.0,2023-11-18,Digital Wallet,Saturday,7
ORD_100517,CUST_074,Starters,Chicken Melt,8.0,3.0,40.0,2023-05-23,Credit Card,Tuesday,3
ORD_933168,CUST_018,Main Dishes,Grilled Chicken,15.0,3.0,45.0,2022-09-15,Cash,Thursday,8
ORD_754058,CUST_013,Starters,Chicken Melt,8.0,4.0,32.0,2023-04-09,Credit Card,Sunday,11
ORD_858053,CUST_040,Side Dishes,Garlic Bread,4.0,2.0,8.0,2023-01-02,Cash,Monday,8
ORD_563772,CUST_034,Side Dishes,French Fries,4.0,2.0,8.0,2023-11-14,Credit Card,Tuesday,7
ORD_957851,CUST_075,Drinks,Iced Tea,2.5,2.0,5.0,2023-11-14,Credit Card,Tuesday,5
ORD_161212,CUST_032,Drinks,Iced Tea,2.5,2.0,5.0,2023-09-28,Credit Card,Thursday,3
ORD_805785,CUST_056,Side Dishes,Side Salad,3.0,4.0,12.0,2023-07-02,Digital Wallet,Sunday,9
ORD_658283,CUST_048,Side Dishes,Side Salad,3.0,4.0,12.0,2023-05-06,Credit Card,Saturday,5
ORD_569987,CUST_009,Drinks,Iced Tea,2.5,3.0,7.5,2023-01-18,Cash,Wednesday,8
ORD_871659,CUST_043,Drinks,Coca Cola,2.5,3.0,7.5,2022-06-03,Digital Wallet,Friday,4
ORD_482249,CUST_055,Drinks,Coca Cola,2.5,3.0,7.5,2023-07-08,Digital Wallet,Saturday,10
ORD_162403,CUST_008,Side Dishes,Grilled Vegetables,5.0,5.0,25.0,2023-01-03,Credit Card,Tuesday,6
ORD_239564,CUST_034,Starters,Sweet Potato Fries,5.0,5.0,25.0,2023-03-18,Digital Wallet,Saturday,8
ORD_228269,CUST_030,Starters,Cheese Fries,5.0,4.0,20.0,2022-01-05,Cash,Wednesday,4
ORD_108970,CUST_005,Main Dishes,Salmon,18.0,4.0,72.0,2023-11-23,Credit Card,Thursday,9
ORD_212356,CUST_007,Side Dishes,French Fries,4.0,2.0,8.0,2022-09-29,Cash,Thursday,3
ORD_947234,CUST_042,Main Dishes,Pasta Alfredo,12.0,5.0,60.0,2022-12-12,Digital Wallet,Monday,8
ORD_997021,CUST_090,Side Dishes,Mashed Potatoes,4.0,5.0,20.0,2023-04-11,Digital Wallet,Tuesday,6
ORD_122339,CUST_068,Side Dishes,Mashed Potatoes,4.0,1.0,4.0,2023-01-29,Digital Wallet,Sunday,4
ORD_202285,CUST_081,Drinks,Water,1.0,3.0,3.0,2023-05-15,Credit Card,Monday,5
ORD_711632,CUST_093,Drinks,Coca Cola,2.5,1.0,2.5,2023-06-06,Credit Card,Tuesday,5
ORD_955956,CUST_018,Starters,Cheese Fries,5.0,2.0,10.0,2023-06-10,Credit Card,Saturday,9
ORD_586276,CUST_044,Starters,Sweet Potato Fries,5.0,1.0,5.0,2023-02-23,Digital Wallet,Thursday,7
ORD_564342,CUST_063,Side Dishes,Grilled Vegetables,5.0,5.0,25.0,2023-12-11,Digital Wallet,Monday,8
ORD_112374,CUST_064,Main Dishes,Pasta Alfredo,12.0,3.0,48.0,2022-06-23,Credit Card,Thursday,4
ORD_757419,CUST_047,Drinks,Water,1.0,1.0,1.0,2022-08-23,Credit Card,Tuesday,3
ORD_712808,CUST_076,Desserts,Chocolate Cake,6.0,3.0,18.0,2022-08-26,Digital Wallet,Friday,5
ORD_549003,CUST_005,Main Dishes,Grilled Chicken,15.0,4.0,60.0,2022-06-28,Cash,Tuesday,10
ORD_782260,CUST_041,Side Dishes,Mashed Potatoes,4.0,5.0,20.0,2023-06-02,Digital Wallet,Friday,5
ORD_488412,CUST_059,Main Dishes,Salmon,18.0,2.0,36.0,2023-05-30,Credit Card,Tuesday,9
ORD_676494,CUST_063,Main Dishes,Salmon,18.0,5.0,90.0,2022-04-09,Credit Card,Saturday,9
ORD_591297,CUST_034,Side Dishes,Garlic Bread,4.0,5.0,20.0,2022-12-07,Digital Wallet,Wednesday,9
ORD_646009,CUST_089,Starters,Nachos Grande,10.0,4.0,40.0,2022-09-06,Cash,Tuesday,7
ORD_815512,CUST_048,Side Dishes,Side Salad,3.0,3.0,9.0,2023-11-15,Cash,Wednesday,6
ORD_889953,CUST_036,Side Dishes,Mashed Potatoes,4.0,4.0,16.0,2022-11-17,Credit Card,Thursday,6
ORD_674113,CUST_100,Desserts,Cheesecake,7.0,4.0,28.0,2022-07-12,Digital Wallet,Tuesday,8
ORD_570959,CUST_061,Starters,Cheese Fries,5.0,4.0,20.0,2022-10-02,Credit Card,Sunday,6
ORD_222171,CUST_085,Drinks,Lemonade,3.0,3.0,9.0,2023-05-26,Digital Wallet,Friday,5
ORD_881114,CUST_031,Starters,Chicken Melt,8.0,3.0,24.0,2022-06-21,Credit Card,Tuesday,4
ORD_881117,CUST_032,Drinks,Water,1.0,3.0,2.0,2023-11-19,Credit Card,Sunday,4
ORD_524861,CUST_010,Side Dishes,Mashed Potatoes,4.0,4.0,16.0,2023-11-12,Credit Card,Sunday,5
ORD_728376,CUST_054,Main Dishes,Grilled Chicken,15.0,5.0,75.0,2022-03-22,Credit Card,Tuesday,3
ORD_792836,CUST_069,Side Dishes,Onion Rings,5.0,1.0,5.0,2022-05-03,Credit Card,Tuesday,6
ORD_194468,CUST_076,Desserts,Fruit Salad,4.0,2.0,8.0,2023-07-07,Cash,Friday,6
ORD_842377,CUST_051,Starters,French Fries,4.0,4.0,16.0,2023-02-05,Credit Card,Sunday,3
ORD_512669,CUST_005,Starters,Cheese Fries,5.0,2.0,10.0,2023-10-20,Credit Card,Friday,11
ORD_624131,CUST_014,Side Dishes,Onion Rings,5.0,4.0,20.0,2022-07-28,Cash,Thursday,8
ORD_351849,CUST_058,Side Dishes,Mashed Potatoes,4.0,4.0,16.0,2022-05-17,Cash,Tuesday,9
ORD_367668,CUST_046,Drinks,Coca Cola,2.5,1.0,2.5,2023-07-29,Credit Card,Saturday,7
ORD_181888,CUST_062,Main Dishes,Steak,20.0,5.0,100.0,2022-09-16,Cash,Friday,5
ORD_426392,CUST_061,Main Dishes,Grilled Chicken,15.0,4.0,60.0,2022-06-20,Digital Wallet,Monday,7
ORD_621188,CUST_060,Desserts,French Fries,4.0,1.0,4.0,2022-07-10,Digital Wallet,Sunday,2
ORD_313027,CUST_045,Main Dishes,Pasta Alfredo,12.0,3.0,36.0,2023-09-18,Digital Wallet,Monday,4
ORD_586249,CUST_038,Desserts,Chocolate Cake,6.0,5.0,30.0,2023-12-07,Credit Card,Thursday,5
ORD_934606,CUST_023,Desserts,Ice Cream,5.0,5.0,25.0,2022-07-03,Cash,Sunday,8
ORD_506624,CUST_038,Side Dishes,Side Salad,3.0,2.0,6.0,2022-06-20,Digital Wallet,Monday,6
ORD_800466,CUST_083,Drinks,Lemonade,3.0,4.0,12.0,2022-10-11,Credit Card,Tuesday,6
ORD_307905,CUST_008,Desserts,Chocolate Cake,6.0,1.0,6.0,2022-06-17,Cash,Friday,7
ORD_640063,CUST_029,Desserts,Fruit Salad,4.0,3.0,12.0,2022-04-10,Cash,Sunday,2
ORD_793194,CUST_028,Drinks,Lemonade,3.0,4.0,12.0,2022-07-14,Digital Wallet,Thursday,4
ORD_144463,CUST_001,Desserts,Chocolate Cake,6.0,1.0,6.0,2023-08-31,Credit Card,Thursday,8
ORD_877637,CUST_073,Side Dishes,Mashed Potatoes,4.0,3.0,12.0,2022-04-26,Cash,Tuesday,6
ORD_498214,CUST_074,Drinks,Coca Cola,2.5,5.0,12.5,2023-07-23,Cash,Sunday,4
ORD_884081,CUST_004,Drinks,Coca Cola,2.5,4.0,10.0,2022-05-24,Cash,Tuesday,7
ORD_937161,CUST_014,Desserts,Chocolate Cake,6.0,3.0,18.0,2022-09-27,Cash,Tuesday,9
ORD_487659,CUST_008,Drinks,Orange Juice,3.0,1.0,3.0,2022-07-10,Credit Card,Sunday,8
ORD_177847,CUST_066,Side Dishes,Mashed Potatoes,4.0,3.0,12.0,2022-01-11,Digital Wallet,Tuesday,8
ORD_672617,CUST_028,Main Dishes,Grilled Chicken,15.0,1.0,15.0,2022-02-27,Cash,Sunday,5
ORD_984168,CUST_064,Side Dishes,Mashed Potatoes,4.0,4.0,16.0,2022-05-02,Credit Card,Monday,5
ORD_776885,CUST_006,Side Dishes,Side Salad,3.0,3.0,9.0,2023-09-21,Cash,Thursday,4
ORD_914621,CUST_076,Main Dishes,Grilled Chicken,15.0,2.0,30.0,2022-11-21,Credit Card,Monday,7
ORD_245040,CUST_013,Desserts,Ice Cream,5.0,3.0,15.0,2023-02-12,Cash,Sunday,12
ORD_760456,CUST_055,Desserts,Chocolate Cake,6.0,1.0,6.0,2022-01-12,Digital Wallet,Wednesday,11
ORD_733874,CUST_007,Main Dishes,Grilled Chicken,15.0,1.0,15.0,2022-09-26,Digital Wallet,Monday,4
ORD_663564,CUST_058,Main Dishes,Pasta Alfredo,12.0,5.0,60.0,2022-03-10,Cash,Thursday,10
ORD_883034,CUST_073,Main Dishes,Pasta Alfredo,12.0,3.0,60.0,2023-12-20,Digital Wallet,Wednesday,7
ORD_604399,CUST_044,Drinks,Lemonade,3.0,2.0,6.0,2023-02-06,Digital Wallet,Monday,8
ORD_315977,CUST_067,Side Dishes,Grilled Vegetables,5.0,3.0,25.0,2022-04-02,Cash,Saturday,6
ORD_767381,CUST_083,Starters,Chicken Melt,8.0,5.0,40.0,2023-03-06,Cash,Monday,7
ORD_989870,CUST_018,Side Dishes,French Fries,4.0,5.0,20.0,2022-12-07,Digital Wallet,Wednesday,10
ORD_504832,CUST_041,Desserts,Ice Cream,5.0,4.0,20.0,2022-06-24,Cash,Friday,6
ORD_436996,CUST_076,Desserts,Ice Cream,5.0,4.0,20.0,2022-09-08,Credit Card,Thursday,8
ORD_703473,CUST_019,Main Dishes,Grilled Chicken,15.0,4.0,60.0,2023-07-03,Cash,Monday,5
ORD_266903,CUST_045,Desserts,Ice Cream,5.0,4.0,20.0,2023-07-03,Cash,Monday,5
ORD_988296,CUST_028,Drinks,Iced Tea,2.5,5.0,12.5,2022-09-15,Cash,Thursday,6
ORD_645517,CUST_060,Desserts,Chocolate Cake,6.0,2.0,12.0,2022-03-11,Credit Card,Friday,3
ORD_277369,CUST_004,Desserts,Brownie,6.0,2.0,12.0,2023-05-13,Cash,Saturday,8
ORD_976563,CUST_090,Desserts,Fruit Salad,4.0,2.0,8.0,2022-01-31,Digital Wallet,Monday,7
ORD_762675,CUST_005,Side Dishes,Side Salad,3.0,1.0,3.0,2022-12-17,Cash,Saturday,12
ORD_727410,CUST_049,Starters,French Fries,4.0,3.0,12.0,2022-06-25,Credit Card,Saturday,5
ORD_805367,CUST_010,Side Dishes,Mashed Potatoes,4.0,4.0,16.0,2022-02-16,Cash,Wednesday,6
ORD_663739,CUST_031,Starters,Chicken Melt,8.0,1.0,8.0,2023-07-19,Digital Wallet,Wednesday,5
ORD_392429,CUST_063,Main Dishes,Pasta Alfredo,12.0,3.0,36.0,2023-11-13,Digital Wallet,Monday,10
ORD_884789,CUST_031,Starters,Cheese Fries,5.0,1.0,5.0,2022-11-11,Digital Wallet,Friday,6
ORD_693624,CUST_084,Drinks,Water,1.0,4.0,4.0,2022-03-17,Credit Card,Thursday,6
ORD_160776,CUST_003,Drinks,Coca Cola,2.5,3.0,7.5,2022-07-12,Credit Card,Tuesday,9
ORD_470013,CUST_023,Drinks,Iced Tea,2.5,5.0,12.5,2023-01-12,Cash,Thursday,9
ORD_753545,CUST_010,Side Dishes,Mashed Potatoes,4.0,1.0,4.0,2022-08-22,Cash,Monday,7
ORD_913854,CUST_060,Starters,Chicken Melt,8.0,5.0,40.0,2022-03-27,Cash,Sunday,4
ORD_468523,CUST_084,Main Dishes,Vegetarian Platter,14.0,5.0,70.0,2023-05-06,Credit Card,Saturday,7
ORD_120044,CUST_006,Desserts,Chocolate Cake,6.0,4.0,24.0,2023-07-22,Digital Wallet,Saturday,5
ORD_468767,CUST_100,Side Dishes,Grilled Vegetables,5.0,4.0,20.0,2023-08-26,Cash,Saturday,9
ORD_806466,CUST_020,Drinks,Orange Juice,3.0,3.0,3.0,2022-03-04,Cash,Friday,10
ORD_255254,CUST_045,Main Dishes,Steak,20.0,1.0,20.0,2022-06-21,Cash,Tuesday,6
ORD_916113,CUST_009,Main Dishes,Pasta Alfredo,12.0,1.0,12.0,2022-06-30,Cash,Thursday,9
ORD_864406,CUST_072,Main Dishes,Vegetarian Platter,14.0,1.0,14.0,2023-12-22,Credit Card,Friday,5
ORD_546306,CUST_001,Main Dishes,Grilled Chicken,15.0,1.0,15.0,2023-11-08,Cash,Wednesday,9
ORD_680236,CUST_099,Main Dishes,Salmon,18.0,3.0,54.0,2022-11-21,Digital Wallet,Monday,5
ORD_757136,CUST_080,Desserts,Ice Cream,5.0,3.0,15.0,2022-12-12,Digital Wallet,Monday,6
ORD_927397,CUST_038,Side Dishes,Mashed Potatoes,4.0,3.0,12.0,2023-08-17,Cash,Thursday,7
ORD_327676,CUST_074,Side Dishes,Side Salad,3.0,3.0,9.0,2022-01-28,Digital Wallet,Friday,5
ORD_791116,CUST_007,Desserts,Chocolate Cake,6.0,4.0,24.0,2023-05-03,Cash,Wednesday,5
ORD_720274,CUST_078,Side Dishes,Grilled Vegetables,5.0,5.0,25.0,2023-06-21,Cash,Wednesday,8
ORD_440425,CUST_025,Drinks,Coca Cola,2.5,5.0,12.5,2022-08-21,Credit Card,Sunday,8
ORD_677217,CUST_048,Main Dishes,Pasta Alfredo,12.0,1.0,12.0,2023-11-06,Credit Card,Monday,7
ORD_150637,CUST_081,Main  Dishes,Grilled Chicken,15.0,5.0,75.0,2023-06-18,Credit Card,Sunday,6
ORD_147683,CUST_003,Side Dishes,Side Salad,3.0,3.0,9.0,2022-02-06,Cash,Sunday,10
ORD_130459,CUST_045,Desserts,Brownie,6.0,3.0,18.0,2022-10-27,Cash,Thursday,7
ORD_415511,CUST_038,Side Dishes,Side Salad,3.0,3.0,9.0,2023-12-23,Credit Card,Saturday,8
ORD_438204,CUST_013,Side Dishes,Side Salad,3.0,4.0,12.0,2023-06-26,Digital Wallet,Monday,13
ORD_342103,CUST_067,Main Dishes,Pasta Alfredo,12.0,1.0,12.0,2022-10-06,Digital Wallet,Thursday,7
ORD_708630,CUST_081,Main Dishes,Pasta Alfredo,12.0,1.0,12.0,2023-07-21,Digital Wallet,Friday,7
ORD_601353,CUST_028,Side Dishes,Grilled Vegetables,5.0,5.0,25.0,2023-06-19,Digital Wallet,Monday,7
ORD_438637,CUST_019,Desserts,Ice Cream,5.0,4.0,20.0,2023-09-29,Credit Card,Friday,6
ORD_230684,CUST_023,Main Dishes,Pasta Alfredo,12.0,5.0,60.0,2022-01-19,Digital Wallet,Wednesday,10
ORD_888328,CUST_003,Drinks,Lemonade,3.0,5.0,15.0,2023-12-08,Cash,Friday,11
ORD_831960,CUST_009,Drinks,Water,1.0,4.0,4.0,2022-06-03,Cash,Friday,10
ORD_331203,CUST_001,Desserts,Chocolate Cake,6.0,3.0,18.0,2023-03-28,Credit Card,Tuesday,10
ORD_786734,CUST_050,Desserts,Chocolate Cake,6.0,3.0,18.0,2022-10-16,Credit Card,Sunday,6
ORD_499008,CUST_090,Drinks,Lemonade,3.0,1.0,3.0,2022-04-20,Digital Wallet,Wednesday,8
ORD_939949,CUST_072,Drinks,Water,1.0,1.0,1.0,2022-09-05,Digital Wallet,Monday,6
ORD_116433,CUST_012,Drinks,Iced Tea,2.5,3.0,7.5,2023-02-17,Credit Card,Friday,8
ORD_311824,CUST_064,Side Dishes,Side Salad,3.0,1.0,3.0,2022-05-01,Cash,Sunday,6
ORD_872487,CUST_017,Main Dishes,Steak,20.0,5.0,100.0,2023-11-01,Credit Card,Wednesday,7
ORD_931804,CUST_005,Drinks,Water,1.0,1.0,1.0,2023-07-08,Cash,Saturday,13
ORD_581902,CUST_082,Starters,Beef Chili,7.0,5.0,35.0,2022-03-31,Cash,Thursday,7
ORD_307702,CUST_055,Main Dishes,Pasta Alfredo,12.0,5.0,60.0,2023-04-06,Cash,Thursday,12
ORD_576763,CUST_026,Drinks,Coca Cola,2.5,1.0,2.5,2022-05-20,Digital Wallet,Friday,9
ORD_800094,CUST_048,Side Dishes,Side Salad,3.0,1.0,3.0,2023-05-03,Cash,Wednesday,8
ORD_878322,CUST_092,Main Dishes,Pasta Alfredo,12.0,3.0,36.0,2023-01-06,Credit Card,Friday,7
ORD_859171,CUST_084,Drinks,Water,1.0,4.0,4.0,2023-11-05,Digital Wallet,Sunday,8
ORD_555643,CUST_004,Starters,Cheese Fries,5.0,2.0,10.0,2023-10-28,Digital Wallet,Saturday,9
ORD_844707,CUST_085,Main Dishes,Grilled Chicken,15.0,3.0,45.0,2023-02-19,Digital Wallet,Sunday,6
ORD_395887,CUST_057,Drinks,Coca Cola,2.5,2.0,5.0,2023-03-30,Digital Wallet,Thursday,2
ORD_404375,CUST_061,Desserts,Fruit Salad,4.0,4.0,16.0,2023-02-24,Credit Card,Friday,8
ORD_951408,CUST_007,Drinks,Water,1.0,1.0,1.0,2022-08-23,Digital Wallet,Tuesday,6
ORD_321125,CUST_085,Drinks,Lemonade,3.0,3.0,15.0,2023-01-27,Digital Wallet,Friday,7
ORD_199912,CUST_040,Main Dishes,Pasta Alfredo,12.0,1.0,12.0,2022-07-24,Digital Wallet,Sunday,9
ORD_755107,CUST_010,Drinks,Water,1.0,3.0,3.0,2022-11-21,Credit Card,Monday,8
ORD_381299,CUST_055,Starters,Cheese Fries,5.0,2.0,10.0,2023-05-30,Credit Card,Tuesday,13
ORD_332173,CUST_030,Main Dishes,Steak,20.0,5.0,100.0,2023-02-17,Cash,Friday,5
ORD_496176,CUST_079,Side Dishes,Side Salad,3.0,3.0,6.0,2023-08-12,Cash,Saturday,6
ORD_490325,CUST_082,Main Dishes,Grilled Chicken,15.0,5.0,75.0,2023-02-22,Digital Wallet,Wednesday,8
ORD_201014,CUST_005,Desserts,Fruit Salad,4.0,2.0,8.0,2022-06-11,Credit Card,Saturday,14
ORD_937576,CUST_068,Desserts,Cheesecake,7.0,1.0,7.0,2022-08-29,Cash,Monday,5
ORD_820200,CUST_022,Side Dishes,Side Salad,3.0,2.0,6.0,2023-09-02,Cash,Saturday,4
ORD_173626,CUST_100,Desserts,Ice Cream,5.0,2.0,10.0,2022-06-14,Cash,Tuesday,10
ORD_919669,CUST_019,Starters,French Fries,4.0,5.0,20.0,2022-09-28,Digital Wallet,Wednesday,7
ORD_563146,CUST_048,Drinks,Lemonade,3.0,4.0,12.0,2023-05-25,Cash,Thursday,9
ORD_702385,CUST_091,Starters,French Fries,4.0,4.0,16.0,2023-02-26,Cash,Sunday,7
ORD_963513,CUST_030,Main Dishes,Grilled Chicken,15.0,1.0,15.0,2022-12-22,Cash,Thursday,6
ORD_359314,CUST_015,Desserts,Cheesecake,7.0,4.0,28.0,2022-03-29,Cash,Tuesday,5
ORD_711051,CUST_006,Side Dishes,Mashed Potatoes,4.0,1.0,4.0,2022-09-18,Cash,Sunday,6
ORD_553063,CUST_011,Drinks,Lemonade,3.0,5.0,15.0,2023-03-25,Credit Card,Saturday,2
ORD_753899,CUST_021,Main Dishes,Vegetarian Platter,14.0,1.0,14.0,2022-05-22,Cash,Sunday,7
ORD_910499,CUST_009,Side Dishes,French Fries,4.0,3.0,12.0,2022-05-01,Credit Card,Sunday,11
ORD_384637,CUST_076,Side Dishes,Grilled Vegetables,5.0,1.0,5.0,2023-12-18,Cash,Monday,9
ORD_423834,CUST_036,Starters,Ice Cream,5.0,4.0,20.0,2022-09-18,Cash,Sunday,7
ORD_829600,CUST_086,Desserts,Chocolate Cake,6.0,2.0,12.0,2023-01-30,Credit Card,Monday,4
ORD_824820,CUST_088,Desserts,Chocolate Cake,6.0,4.0,24.0,2023-03-19,Credit Card,Sunday,6
ORD_917039,CUST_094,Drinks,Lemonade,3.0,2.0,6.0,2022-04-25,Credit Card,Monday,4
ORD_865637,CUST_044,Starters,French Fries,4.0,2.0,8.0,2022-09-24,Cash,Saturday,9
ORD_719955,CUST_019,Desserts,Fruit Salad,4.0,5.0,20.0,2023-06-03,Credit Card,Saturday,8
ORD_380173,CUST_057,Drinks,Orange Juice,3.0,3.0,9.0,2023-07-15,Digital Wallet,Saturday,3
ORD_581739,CUST_093,Drinks,Water,1.0,5.0,5.0,2022-10-03,Credit Card,Monday,6
ORD_580709,CUST_067,Desserts,Brownie,6.0,2.0,12.0,2022-10-16,Digital Wallet,Sunday,8
ORD_975168,CUST_060,Desserts,Brownie,6.0,4.0,24.0,2023-09-11,Cash,Monday,5
ORD_334891,CUST_097,Starters,French Fries,4.0,4.0,16.0,2023-04-26,Digital Wallet,Wednesday,8
ORD_779317,CUST_039,Desserts,Ice Cream,5.0,3.0,15.0,2023-07-10,Cash,Monday,10
ORD_259845,CUST_051,Desserts,Brownie,6.0,3.0,18.0,2023-12-31,Digital Wallet,Sunday,4
ORD_339902,CUST_028,Side Dishes,Garlic Bread,4.0,3.0,20.0,2022-04-21,Credit Card,Thursday,8
ORD_772911,CUST_030,Desserts,Ice Cream,5.0,3.0,15.0,2022-04-05,Digital Wallet,Tuesday,7
ORD_670844,CUST_055,Main Dishes,Pasta Alfredo,12.0,5.0,60.0,2023-03-06,Digital Wallet,Monday,14
ORD_502505,CUST_020,Drinks,Water,1.0,2.0,2.0,2023-07-31,Digital Wallet,Monday,11
ORD_822556,CUST_084,Desserts,Ice Cream,5.0,5.0,25.0,2022-03-08,Digital Wallet,Tuesday,9
ORD_727537,CUST_057,Desserts,Chocolate Cake,6.0,5.0,30.0,2022-11-03,Credit Card,Thursday,4
ORD_119480,CUST_015,Drinks,Water,1.0,5.0,5.0,2022-09-30,Credit Card,Friday,6
ORD_198973,CUST_059,Side Dishes,Garlic Bread,4.0,4.0,16.0,2023-05-31,Cash,Wednesday,10
ORD_680003,CUST_082,Starters,Beef Chili,7.0,1.0,7.0,2023-06-15,Cash,Thursday,9
ORD_818962,CUST_039,Starters,French Fries,4.0,5.0,20.0,2022-06-12,Digital Wallet,Sunday,11
ORD_471607,CUST_022,Main Dishes,Vegetarian Platter,14.0,2.0,28.0,2023-10-17,Digital Wallet,Tuesday,5
ORD_292331,CUST_015,Drinks,Iced Tea,2.5,4.0,10.0,2023-02-26,Cash,Sunday,7
ORD_794099,CUST_045,Main Dishes,Steak,20.0,3.0,60.0,2022-09-26,Cash,Monday,8
ORD_208235,CUST_027,Main Dishes,Grilled Chicken,15.0,3.0,45.0,2023-11-07,Credit Card,Tuesday,5
ORD_816094,CUST_060,Drinks,Water,1.0,2.0,2.0,2023-06-28,Credit Card,Wednesday,6
ORD_613884,CUST_052,Main Dishes,Vegetarian Platter,14.0,1.0,14.0,2023-04-17,Credit Card,Monday,4
ORD_987426,CUST_093,Side Dishes,Onion Rings,5.0,2.0,10.0,2023-09-12,Digital Wallet,Tuesday,7
ORD_229780,CUST_074,Drinks,Orange Juice,3.0,4.0,12.0,2023-02-28,Credit Card,Tuesday,6
ORD_790877,CUST_079,Desserts,Cheesecake,7.0,1.0,7.0,2023-06-19,Cash,Monday,7
ORD_364884,CUST_016,Starters,Sweet Potato Fries,5.0,5.0,25.0,2022-02-17,Credit Card,Thursday,7
ORD_982544,CUST_009,Side Dishes,Mashed Potatoes,4.0,5.0,20.0,2023-10-17,Cash,Tuesday,12
ORD_536579,CUST_098,Desserts,Ice Cream,5.0,1.0,5.0,2022-02-24,Credit Card,Thursday,12
ORD_589576,CUST_092,Main Dishes,Vegetarian Platter,14.0,2.0,28.0,2023-12-09,Cash,Saturday,8
ORD_407977,CUST_087,Main Dishes,Steak,20.0,2.0,40.0,2023-03-08,Credit Card,Wednesday,9
ORD_770709,CUST_088,Main Dishes,Salmon,18.0,3.0,54.0,2023-05-29,Digital Wallet,Monday,7
ORD_233406,CUST_054,Main Dishes,Grilled Chicken,15.0,1.0,15.0,2023-12-22,Credit Card,Friday,4
ORD_816844,CUST_036,Main Dishes,Grilled Chicken,15.0,5.0,75.0,2022-03-14,Cash,Monday,8
ORD_202399,CUST_044,Main Dishes,Pasta Alfredo,12.0,5.0,60.0,2023-10-28,Cash,Saturday,10
ORD_878631,CUST_050,Starters,Cheese Fries,5.0,3.0,25.0,2023-04-21,Credit Card,Friday,7
ORD_493627,CUST_038,Starters,Beef Chili,7.0,1.0,7.0,2022-10-20,Cash,Thursday,9
ORD_885654,CUST_079,Side Dishes,Ice Cream,5.0,4.0,20.0,2022-01-13,Credit Card,Thursday,8
ORD_944816,CUST_075,Desserts,Brownie,6.0,3.0,18.0,2023-02-18,Credit Card,Saturday,6
ORD_193989,CUST_071,Drinks,Orange Juice,3.0,4.0,12.0,2022-11-15,Digital Wallet,Tuesday,7
ORD_485382,CUST_036,Desserts,Fruit Salad,4.0,1.0,4.0,2023-11-28,Cash,Tuesday,9
ORD_880737,CUST_086,Side Dishes,Onion Rings,5.0,3.0,20.0,2022-04-26,Credit Card,Tuesday,5
ORD_898116,CUST_036,Main Dishes,Pasta Alfredo,12.0,1.0,12.0,2023-02-21,Credit Card,Tuesday,10
ORD_101017,CUST_095,Main Dishes,Pasta Alfredo,12.0,1.0,12.0,2023-06-09,Cash,Friday,6
ORD_597840,CUST_070,Starters,Chicken Melt,8.0,5.0,40.0,2022-06-15,Digital Wallet,Wednesday,4
ORD_733720,CUST_017,Starters,French Fries,4.0,2.0,8.0,2022-06-25,Cash,Saturday,8
ORD_132443,CUST_089,Side Dishes,Side Salad,3.0,2.0,6.0,2022-06-21,Cash,Tuesday,8
ORD_528825,CUST_085,Side Dishes,Grilled Vegetables,5.0,1.0,5.0,2023-10-02,Cash,Monday,8
ORD_611457,CUST_098,Starters,French Fries,4.0,1.0,4.0,2023-01-10,Cash,Tuesday,13
ORD_421844,CUST_085,Side Dishes,Mashed Potatoes,4.0,5.0,20.0,2022-07-09,Credit Card,Saturday,9
ORD_248906,CUST_056,Starters,Sweet Potato Fries,5.0,4.0,20.0,2022-12-11,Digital Wallet,Sunday,10
ORD_978492,CUST_039,Drinks,Iced Tea,2.5,1.0,2.5,2023-03-28,Credit Card,Tuesday,12
ORD_188179,CUST_003,Starters,Cheese Fries,5.0,4.0,20.0,2022-12-05,Cash,Monday,12
ORD_500775,CUST_031,Desserts,Ice Cream,5.0,4.0,20.0,2022-07-01,Credit Card,Friday,7
ORD_876411,CUST_042,Main Dishes,Grilled Chicken,15.0,1.0,15.0,2022-07-05,Digital Wallet,Tuesday,9
ORD_401950,CUST_075,Main Dishes,Steak,20.0,4.0,80.0,2023-04-04,Credit Card,Tuesday,7
ORD_212082,CUST_071,Desserts,Brownie,6.0,3.0,18.0,2022-12-03,Digital Wallet,Saturday,8
ORD_348903,CUST_029,Desserts,Ice Cream,5.0,3.0,15.0,2023-01-02,Cash,Monday,3
ORD_170749,CUST_045,Desserts,Ice Cream,5.0,1.0,5.0,2023-10-12,Digital Wallet,Thursday,9
ORD_252866,CUST_055,Side Dishes,Mashed Potatoes,4.0,3.0,12.0,2022-10-11,Digital Wallet,Tuesday,15
ORD_681585,CUST_064,Main Dishes,Pasta Alfredo,12.0,3.0,48.0,2022-08-19,Digital Wallet,Friday,7
ORD_737057,CUST_061,Starters,French Fries,4.0,4.0,16.0,2022-06-18,Cash,Saturday,9
ORD_780854,CUST_097,Side Dishes,Side Salad,3.0,3.0,9.0,2022-10-01,Digital Wallet,Saturday,9
ORD_257679,CUST_041,Starters,French Fries,4.0,5.0,20.0,2023-07-05,Cash,Wednesday,7
ORD_592453,CUST_016,Side Dishes,Onion Rings,5.0,4.0,20.0,2023-01-03,Digital Wallet,Tuesday,8
ORD_865659,CUST_018,Drinks,Coca Cola,2.5,2.0,5.0,2023-03-07,Credit Card,Tuesday,11
ORD_546734,CUST_046,Main Dishes,Salmon,18.0,4.0,72.0,2022-01-08,Digital Wallet,Saturday,8
ORD_691099,CUST_087,Main Dishes,Pasta Alfredo,12.0,2.0,24.0,2022-08-24,Digital Wallet,Wednesday,10
ORD_240405,CUST_010,Drinks,Iced Tea,2.5,2.0,5.0,2022-10-25,Credit Card,Tuesday,9
ORD_550789,CUST_014,Drinks,Coca Cola,2.5,5.0,12.5,2023-09-11,Credit Card,Monday,10
ORD_429456,CUST_078,Side Dishes,Lemonade,3.0,3.0,9.0,2023-04-20,Cash,Thursday,9
ORD_482539,CUST_048,Starters,French Fries,4.0,5.0,20.0,2022-02-24,Credit Card,Thursday,10
ORD_763780,CUST_096,Starters,Beef Chili,7.0,3.0,21.0,2023-12-07,Digital Wallet,Thursday,6
ORD_957611,CUST_049,Desserts,Fruit Salad,4.0,2.0,8.0,2023-12-07,Credit Card,Thursday,6
ORD_503117,CUST_080,Desserts,Ice Cream,5.0,3.0,15.0,2023-02-11,Cash,Saturday,7
ORD_945872,CUST_014,Desserts,Cheesecake,7.0,3.0,21.0,2023-02-13,Digital Wallet,Monday,11
ORD_597150,CUST_040,Side Dishes,Onion Rings,5.0,5.0,25.0,2023-08-30,Cash,Wednesday,10
ORD_819309,CUST_093,Starters,Cheese Fries,5.0,4.0,20.0,2023-09-06,Credit Card,Wednesday,8
ORD_641865,CUST_049,Drinks,Lemonade,3.0,4.0,12.0,2022-02-09,Digital Wallet,Wednesday,7
ORD_176779,CUST_087,Side Dishes,Mashed Potatoes,4.0,1.0,4.0,2023-03-10,Digital Wallet,Friday,11
ORD_812966,CUST_087,Drinks,Water,1.0,1.0,1.0,2022-02-24,Cash,Thursday,12
ORD_970490,CUST_046,Main Dishes,Pasta Alfredo,12.0,5.0,60.0,2022-09-02,Digital Wallet,Friday,9
ORD_966868,CUST_097,Starters,Chicken Melt,8.0,5.0,40.0,2022-11-20,Cash,Sunday,10
ORD_405488,CUST_006,Desserts,Ice Cream,5.0,3.0,15.0,2023-06-10,Digital Wallet,Saturday,7
ORD_109881,CUST_089,Starters,Chicken Melt,8.0,4.0,32.0,2022-01-07,Credit Card,Friday,9
ORD_814317,CUST_100,Drinks,Water,1.0,2.0,2.0,2022-08-29,Credit Card,Monday,11
ORD_283207,CUST_090,Side Dishes,Side Salad,3.0,2.0,6.0,2023-09-01,Digital Wallet,Friday,9
ORD_577619,CUST_069,Starters,French Fries,4.0,1.0,4.0,2022-07-27,Cash,Wednesday,7
ORD_931170,CUST_039,Main Dishes,Pasta Alfredo,12.0,4.0,48.0,2022-09-11,Digital Wallet,Sunday,13
ORD_184098,CUST_025,Drinks,Iced Tea,2.5,2.0,5.0,2023-06-09,Digital Wallet,Friday,9
ORD_346702,CUST_007,Side Dishes,Side Salad,3.0,1.0,3.0,2022-08-07,Digital Wallet,Sunday,7
ORD_146074,CUST_040,Starters,Cheese Fries,5.0,3.0,15.0,2022-07-03,Cash,Sunday,11
ORD_617931,CUST_009,Main Dishes,Vegetarian Platter,14.0,1.0,14.0,2023-09-27,Digital Wallet,Wednesday,13
ORD_835115,CUST_096,Desserts,Chocolate Cake,6.0,2.0,12.0,2023-06-14,Credit Card,Wednesday,7
ORD_669635,CUST_053,Main Dishes,Grilled Chicken,15.0,3.0,30.0,2023-08-21,Cash,Monday,5
ORD_733347,CUST_080,Desserts,Brownie,6.0,2.0,12.0,2022-11-07,Digital Wallet,Monday,8
ORD_530759,CUST_035,Desserts,Chocolate Cake,6.0,5.0,30.0,2022-01-13,Credit Card,Thursday,5
ORD_487656,CUST_006,Drinks,Water,1.0,4.0,4.0,2023-01-12,Digital Wallet,Thursday,8
ORD_728738,CUST_088,Desserts,Ice Cream,5.0,5.0,25.0,2022-06-13,Cash,Monday,8
ORD_130401,CUST_033,Main Dishes,Salmon,18.0,4.0,72.0,2023-12-11,Credit Card,Monday,6
ORD_440204,CUST_093,Desserts,Ice Cream,5.0,2.0,10.0,2023-08-06,Digital Wallet,Sunday,9
ORD_755779,CUST_089,Starters,Cheese Fries,5.0,5.0,25.0,2022-06-30,Cash,Thursday,10
ORD_168045,CUST_054,Main Dishes,Vegetarian Platter,14.0,4.0,56.0,2022-03-04,Digital Wallet,Friday,5
ORD_978261,CUST_036,Starters,French Fries,4.0,3.0,12.0,2023-10-01,Credit Card,Sunday,11
ORD_994962,CUST_059,Drinks,Coca Cola,2.5,3.0,12.5,2023-03-07,Credit Card,Tuesday,11
ORD_110843,CUST_011,Starters,Sweet Potato Fries,5.0,2.0,10.0,2022-11-16,Digital Wallet,Wednesday,3
ORD_141467,CUST_098,Starters,French Fries,4.0,3.0,12.0,2023-04-06,Cash,Thursday,14
ORD_173306,CUST_075,Main Dishes,Grilled Chicken,15.0,1.0,15.0,2022-04-03,Cash,Sunday,8
ORD_647891,CUST_034,Side Dishes,Mashed Potatoes,4.0,1.0,4.0,2023-05-08,Cash,Monday,10
ORD_876490,CUST_088,Starters,Beef Chili,7.0,3.0,21.0,2022-10-07,Digital Wallet,Friday,9
ORD_973782,CUST_037,Starters,Chicken Melt,8.0,3.0,32.0,2022-12-07,Cash,Wednesday,9
ORD_142270,CUST_037,Side Dishes,Side Salad,3.0,5.0,15.0,2023-06-08,Credit Card,Thursday,10
ORD_736110,CUST_099,Main Dishes,Grilled Chicken,15.0,3.0,75.0,2023-06-10,Digital Wallet,Saturday,6
ORD_741799,CUST_019,Main Dishes,Grilled Chicken,15.0,2.0,30.0,2023-05-08,Credit Card,Monday,9
ORD_163374,CUST_064,Main Dishes,Pasta Alfredo,12.0,1.0,12.0,2022-07-22,Digital Wallet,Friday,8
ORD_180498,CUST_041,Main Dishes,Grilled Chicken,15.0,1.0,15.0,2023-08-14,Digital Wallet,Monday,8
ORD_859313,CUST_081,Side Dishes,Side Salad,3.0,4.0,12.0,2023-03-18,Credit Card,Saturday,8
ORD_385313,CUST_069,Desserts,Ice Cream,5.0,1.0,5.0,2023-02-24,Cash,Friday,8
ORD_806818,CUST_017,Starters,Chicken Melt,8.0,2.0,16.0,2022-09-17,Credit Card,Saturday,9
ORD_914763,CUST_024,Desserts,Ice Cream,5.0,5.0,25.0,2022-01-26,Credit Card,Wednesday,8
ORD_676484,CUST_030,Desserts,Ice Cream,5.0,2.0,10.0,2023-09-29,Cash,Friday,8
ORD_399738,CUST_094,Main  Dishes,Vegetarian Platter,14.0,4.0,56.0,2022-10-01,Credit Card,Saturday,5
ORD_896599,CUST_022,Drinks,Water,1.0,5.0,5.0,2022-10-01,Digital Wallet,Saturday,6
ORD_179119,CUST_040,Drinks,Orange Juice,3.0,4.0,12.0,2023-05-09,Cash,Tuesday,12
ORD_250055,CUST_029,Main Dishes,Pasta Alfredo,12.0,3.0,36.0,2022-04-26,Credit Card,Tuesday,4
ORD_444692,CUST_045,Side Dishes,Side Salad,3.0,5.0,15.0,2022-07-15,Cash,Friday,10
ORD_155905,CUST_037,Desserts,Ice Cream,5.0,2.0,10.0,2022-01-02,Cash,Sunday,11
ORD_528697,CUST_050,Desserts,Ice Cream,5.0,5.0,25.0,2022-01-29,Cash,Saturday,8
ORD_309642,CUST_005,Main Dishes,Grilled Chicken,15.0,5.0,75.0,2023-10-14,Credit Card,Saturday,15
ORD_970249,CUST_078,Drinks,Water,1.0,3.0,3.0,2022-02-18,Credit Card,Friday,10
ORD_331993,CUST_086,Starters,Cheese Fries,5.0,2.0,10.0,2023-12-22,Cash,Friday,6
ORD_675342,CUST_100,Side Dishes,Side Salad,3.0,2.0,6.0,2023-04-15,Credit Card,Saturday,12
ORD_384203,CUST_048,Main Dishes,Pasta Alfredo,12.0,1.0,12.0,2022-04-10,Digital Wallet,Sunday,11
ORD_779223,CUST_005,Desserts,Ice Cream,5.0,4.0,20.0,2023-09-21,Credit Card,Thursday,16
ORD_995033,CUST_093,Side Dishes,Ice Cream,5.0,5.0,25.0,2023-05-08,Credit Card,Monday,10
ORD_613449,CUST_010,Side Dishes,Ice Cream,5.0,4.0,20.0,2022-01-22,Cash,Saturday,10
ORD_949286,CUST_073,Side Dishes,Mashed Potatoes,4.0,2.0,8.0,2023-04-11,Cash,Tuesday,8
ORD_573689,CUST_093,Side Dishes,Grilled Vegetables,5.0,3.0,15.0,2023-09-12,Credit Card,Tuesday,11
ORD_494391,CUST_003,Main Dishes,Vegetarian Platter,14.0,3.0,28.0,2022-03-02,Digital Wallet,Wednesday,13
ORD_985004,CUST_029,Desserts,Chocolate Cake,6.0,3.0,18.0,2022-03-02,Cash,Wednesday,5
ORD_764332,CUST_037,Drinks,Water,1.0,2.0,2.0,2022-08-04,Digital Wallet,Thursday,12
ORD_845743,CUST_073,Drinks,Orange Juice,3.0,5.0,15.0,2023-04-11,Digital Wallet,Tuesday,9
ORD_511081,CUST_054,Side Dishes,Side Salad,3.0,5.0,15.0,2023-08-03,Digital Wallet,Thursday,6
ORD_410872,CUST_070,Main Dishes,Pasta Alfredo,12.0,5.0,60.0,2022-07-13,Digital Wallet,Wednesday,5
ORD_706675,CUST_043,Starters,Sweet Potato Fries,5.0,3.0,15.0,2023-03-08,Credit Card,Wednesday,5
ORD_593761,CUST_084,Desserts,Chocolate Cake,6.0,1.0,6.0,2023-04-21,Cash,Friday,10
ORD_607646,CUST_098,Side Dishes,Onion Rings,5.0,5.0,25.0,2023-10-22,Credit Card,Sunday,15
ORD_478546,CUST_025,Starters,Chicken Melt,8.0,2.0,16.0,2023-11-06,Cash,Monday,10
ORD_868480,CUST_099,Side Dishes,Side Salad,3.0,2.0,6.0,2023-03-13,Cash,Monday,7
ORD_158450,CUST_052,Starters,Chicken Melt,8.0,1.0,8.0,2022-11-20,Cash,Sunday,5
ORD_788798,CUST_043,Desserts,Chocolate Cake,6.0,4.0,24.0,2022-04-24,Digital Wallet,Sunday,6
ORD_761672,CUST_039,Side Dishes,Mashed Potatoes,4.0,5.0,20.0,2022-08-07,Cash,Sunday,14
ORD_817881,CUST_001,Starters,French Fries,4.0,4.0,16.0,2022-10-30,Credit Card,Sunday,11
ORD_277757,CUST_092,Side Dishes,Garlic Bread,4.0,3.0,12.0,2023-12-26,Cash,Tuesday,9
ORD_259800,CUST_057,Main Dishes,Grilled Chicken,15.0,1.0,15.0,2023-01-02,Cash,Monday,5
ORD_470179,CUST_028,Desserts,Ice Cream,5.0,3.0,15.0,2023-01-28,Credit Card,Saturday,9
ORD_305934,CUST_015,Desserts,Chocolate Cake,6.0,5.0,30.0,2023-01-28,Credit Card,Saturday,8
ORD_690278,CUST_098,Drinks,Orange Juice,3.0,5.0,15.0,2023-08-30,Credit Card,Wednesday,16
ORD_532681,CUST_043,Drinks,Iced Tea,2.5,3.0,7.5,2022-10-21,Cash,Friday,7
ORD_206594,CUST_050,Desserts,Fruit Salad,4.0,4.0,16.0,2022-04-19,Credit Card,Tuesday,9
ORD_780813,CUST_042,Desserts,Cheesecake,7.0,5.0,35.0,2023-07-30,Cash,Sunday,10
ORD_369388,CUST_025,Starters,Nachos Grande,10.0,1.0,10.0,2022-06-14,Cash,Tuesday,11
ORD_840049,CUST_062,Drinks,Iced Tea,2.5,1.0,2.5,2022-03-24,Credit Card,Thursday,6
ORD_638976,CUST_047,Starters,French Fries,4.0,3.0,12.0,2022-12-23,Digital Wallet,Friday,4
ORD_401529,CUST_011,Desserts,Chocolate Cake,6.0,5.0,30.0,2022-08-07,Digital Wallet,Sunday,4
ORD_961166,CUST_056,Drinks,Iced Tea,2.5,3.0,7.5,2023-04-14,Credit Card,Friday,11
ORD_431708,CUST_065,Desserts,Brownie,6.0,2.0,12.0,2023-12-26,Credit Card,Tuesday,8
ORD_444985,CUST_021,Main Dishes,Vegetarian Platter,14.0,2.0,28.0,2022-06-16,Credit Card,Thursday,8
ORD_861281,CUST_026,Desserts,Chocolate Cake,6.0,3.0,18.0,2023-12-03,Cash,Sunday,10
ORD_921950,CUST_068,Drinks,Coca Cola,2.5,4.0,10.0,2023-12-06,Digital Wallet,Wednesday,6
ORD_109247,CUST_041,Drinks,Orange Juice,3.0,3.0,9.0,2022-12-12,Cash,Monday,9
ORD_961596,CUST_096,Desserts,Fruit Salad,4.0,5.0,20.0,2023-07-28,Credit Card,Friday,8
ORD_698415,CUST_082,Desserts,Brownie,6.0,2.0,12.0,2023-11-17,Cash,Friday,10
ORD_158666,CUST_041,Starters,Cheese Fries,5.0,4.0,20.0,2022-05-03,Cash,Tuesday,10
ORD_482151,CUST_054,Starters,Cheese Fries,5.0,3.0,15.0,2023-02-01,Digital Wallet,Wednesday,7
ORD_503384,CUST_085,Side Dishes,Side Salad,3.0,4.0,12.0,2022-04-16,Cash,Saturday,10
ORD_574484,CUST_002,Desserts,Ice Cream,5.0,1.0,5.0,2022-09-27,Credit Card,Tuesday,3
ORD_151065,CUST_023,Main Dishes,Steak,20.0,1.0,20.0,2023-11-11,Digital Wallet,Saturday,11
ORD_127367,CUST_064,Drinks,Water,1.0,3.0,4.0,2023-04-11,Cash,Tuesday,9
ORD_901950,CUST_026,Drinks,Water,1.0,4.0,4.0,2022-03-31,Cash,Thursday,11
ORD_773379,CUST_015,Desserts,Chocolate Cake,6.0,5.0,30.0,2022-08-28,Credit Card,Sunday,9
ORD_114057,CUST_076,Desserts,Ice Cream,5.0,5.0,25.0,2023-05-08,Credit Card,Monday,10
ORD_248540,CUST_065,Starters,Cheese Fries,5.0,3.0,25.0,2022-10-01,Digital Wallet,Saturday,9
ORD_570998,CUST_045,Desserts,Ice Cream,5.0,3.0,15.0,2022-02-06,Credit Card,Sunday,11
ORD_757854,CUST_095,Main Dishes,Grilled Chicken,15.0,3.0,45.0,2022-02-06,Cash,Sunday,7
ORD_864446,CUST_074,Desserts,Brownie,6.0,2.0,12.0,2023-10-02,Cash,Monday,7
ORD_215362,CUST_091,Starters,French Fries,4.0,3.0,20.0,2022-03-25,Credit Card,Friday,8
ORD_365613,CUST_074,Desserts,Brownie,6.0,5.0,30.0,2022-06-29,Digital Wallet,Wednesday,8
ORD_942794,CUST_058,Starters,French Fries,4.0,3.0,12.0,2022-10-19,Credit Card,Wednesday,11
ORD_379286,CUST_057,Starters,Beef Chili,7.0,1.0,7.0,2022-04-09,Credit Card,Saturday,6
ORD_648473,CUST_039,Drinks,Coca Cola,2.5,2.0,5.0,2023-02-02,Digital Wallet,Thursday,15
ORD_819978,CUST_016,Drinks,Water,1.0,3.0,3.0,2022-08-22,Credit Card,Monday,9
ORD_710922,CUST_059,Desserts,Cheesecake,7.0,3.0,21.0,2022-09-24,Digital Wallet,Saturday,12
ORD_816395,CUST_082,Desserts,Brownie,6.0,1.0,6.0,2023-01-18,Digital Wallet,Wednesday,11
ORD_455808,CUST_024,Desserts,Brownie,6.0,3.0,18.0,2022-03-23,Cash,Wednesday,9
ORD_904301,CUST_002,Starters,Cheese Fries,5.0,4.0,20.0,2023-08-09,Credit Card,Wednesday,4
ORD_845729,CUST_018,Desserts,Ice Cream,5.0,3.0,15.0,2022-10-24,Digital Wallet,Monday,12
ORD_877787,CUST_075,Drinks,Water,1.0,5.0,5.0,2022-12-12,Credit Card,Monday,9
ORD_989053,CUST_053,Desserts,Cheesecake,7.0,3.0,21.0,2022-12-01,Credit Card,Thursday,6
ORD_485536,CUST_048,Main Dishes,Grilled Chicken,15.0,3.0,45.0,2022-11-11,Credit Card,Friday,12
ORD_896975,CUST_028,Main Dishes,Grilled Chicken,15.0,3.0,45.0,2023-05-21,Credit Card,Sunday,10
ORD_739641,CUST_047,Desserts,Ice Cream,5.0,2.0,10.0,2023-05-21,Digital Wallet,Sunday,5
ORD_182935,CUST_077,Drinks,Coca Cola,2.5,2.0,5.0,2023-03-15,Credit Card,Wednesday,6
ORD_957001,CUST_053,Desserts,Cheesecake,7.0,3.0,35.0,2023-11-26,Cash,Sunday,7
ORD_105688,CUST_086,Drinks,Lemonade,3.0,1.0,3.0,2023-01-11,Credit Card,Wednesday,7
ORD_618572,CUST_085,Starters,Sweet Potato Fries,5.0,3.0,15.0,2022-09-06,Digital Wallet,Tuesday,11
ORD_305594,CUST_071,Starters,Sweet Potato Fries,5.0,2.0,10.0,2022-04-01,Cash,Friday,9
ORD_159253,CUST_025,Side Dishes,Side Salad,3.0,1.0,3.0,2022-10-24,Credit Card,Monday,12
ORD_387899,CUST_025,Drinks,Coca Cola,2.5,3.0,7.5,2022-01-05,Credit Card,Wednesday,13
ORD_190126,CUST_059,Desserts,Chocolate Cake,6.0,3.0,12.0,2023-11-05,Cash,Sunday,13
ORD_509169,CUST_078,Main Dishes,Pasta Alfredo,12.0,4.0,48.0,2022-07-04,Cash,Monday,11
ORD_583155,CUST_080,Starters,French Fries,4.0,5.0,20.0,2023-11-21,Digital Wallet,Tuesday,9
ORD_200044,CUST_063,Main Dishes,Pasta Alfredo,12.0,1.0,12.0,2022-06-08,Credit Card,Wednesday,11
ORD_879561,CUST_001,Side Dishes,Mashed Potatoes,4.0,1.0,4.0,2023-10-06,Cash,Friday,12
ORD_554107,CUST_033,Main Dishes,Grilled Chicken,15.0,2.0,30.0,2022-05-24,Cash,Tuesday,7
ORD_250613,CUST_057,Side Dishes,Onion Rings,5.0,3.0,15.0,2023-11-08,Digital Wallet,Wednesday,7
ORD_329885,CUST_092,Side Dishes,Lemonade,3.0,5.0,15.0,2022-07-17,Cash,Sunday,10
ORD_499890,CUST_079,Main Dishes,Pasta Alfredo,12.0,1.0,12.0,2022-08-06,Credit Card,Saturday,9
ORD_344749,CUST_072,Desserts,Chocolate Cake,6.0,2.0,12.0,2022-05-01,Digital Wallet,Sunday,7
ORD_555006,CUST_033,Side Dishes,Lemonade,3.0,3.0,9.0,2022-05-29,Credit Card,Sunday,8
ORD_744593,CUST_033,Side Dishes,Lemonade,3.0,4.0,12.0,2022-04-22,Credit Card,Friday,9
ORD_887958,CUST_009,Drinks,Water,1.0,2.0,2.0,2022-06-28,Digital Wallet,Tuesday,14
ORD_717608,CUST_051,Drinks,Orange Juice,3.0,5.0,15.0,2023-10-09,Credit Card,Monday,5
ORD_984164,CUST_016,Main Dishes,Salmon,18.0,1.0,18.0,2023-06-06,Digital Wallet,Tuesday,10
ORD_879397,CUST_061,Side Dishes,Side Salad,3.0,1.0,3.0,2022-03-25,Digital Wallet,Friday,10
ORD_865652,CUST_008,Desserts,Fruit Salad,4.0,1.0,4.0,2022-03-03,Digital Wallet,Thursday,9
ORD_966283,CUST_025,Desserts,Fruit Salad,4.0,4.0,16.0,2022-04-03,Digital Wallet,Sunday,14
ORD_264233,CUST_014,Main Dishes,Steak,20.0,1.0,20.0,2023-01-10,Digital Wallet,Tuesday,12
ORD_532687,CUST_073,Side Dishes,French Fries,4.0,1.0,4.0,2023-01-10,Digital Wallet,Tuesday,10
ORD_301571,CUST_092,Desserts,Chocolate Cake,6.0,3.0,18.0,2023-03-24,Credit Card,Friday,11
ORD_107744,CUST_097,Desserts,Brownie,6.0,2.0,12.0,2022-10-10,Digital Wallet,Monday,11
ORD_989400,CUST_051,Starters,Beef Chili,7.0,1.0,7.0,2022-12-11,Cash,Sunday,6
ORD_964605,CUST_053,Side Dishes,Side Salad,3.0,1.0,3.0,2022-08-07,Cash,Sunday,8
ORD_313340,CUST_035,Main Dishes,Pasta Alfredo,12.0,5.0,60.0,2023-12-01,Credit Card,Friday,6
ORD_179251,CUST_026,Starters,French Fries,4.0,1.0,4.0,2022-04-04,Credit Card,Monday,12
ORD_407175,CUST_063,Side Dishes,Lemonade,3.0,2.0,6.0,2022-07-26,Digital Wallet,Tuesday,12
ORD_988194,CUST_008,Starters,French Fries,4.0,2.0,8.0,2023-10-29,Credit Card,Sunday,10
ORD_899430,CUST_059,Starters,Chicken Melt,8.0,2.0,16.0,2022-08-02,Cash,Tuesday,14
ORD_449710,CUST_049,Desserts,Ice Cream,5.0,4.0,20.0,2022-02-10,Credit Card,Thursday,8
ORD_517648,CUST_026,Starters,French Fries,4.0,3.0,12.0,2023-08-05,Digital Wallet,Saturday,13
ORD_289195,CUST_091,Starters,Chicken Melt,8.0,3.0,24.0,2022-09-09,Credit Card,Friday,9
ORD_297835,CUST_015,Side Dishes,Mashed Potatoes,4.0,2.0,8.0,2022-12-12,Credit Card,Monday,10
ORD_332821,CUST_004,Drinks,Water,1.0,3.0,3.0,2023-12-22,Cash,Friday,10
ORD_423385,CUST_061,Main Dishes,Steak,20.0,2.0,40.0,2023-03-09,Credit Card,Thursday,11
ORD_972240,CUST_042,Main Dishes,Vegetarian Platter,14.0,2.0,28.0,2023-01-30,Cash,Monday,11
ORD_764058,CUST_043,Main Dishes,Grilled Chicken,15.0,3.0,45.0,2023-05-21,Digital Wallet,Sunday,8
ORD_533305,CUST_097,Main Dishes,Grilled Chicken,15.0,3.0,75.0,2022-05-20,Credit Card,Friday,12
ORD_445073,CUST_063,Desserts,Fruit Salad,4.0,1.0,4.0,2022-01-31,Digital Wallet,Monday,13
ORD_547569,CUST_009,Starters,French Fries,4.0,5.0,20.0,2022-07-01,Digital Wallet,Friday,15
ORD_823249,CUST_060,Desserts,Fruit Salad,4.0,5.0,20.0,2022-08-31,Digital Wallet,Wednesday,7
ORD_301938,CUST_082,Side Dishes,Mashed Potatoes,4.0,1.0,4.0,2023-05-09,Credit Card,Tuesday,12
ORD_482304,CUST_005,Side Dishes,Mashed Potatoes,4.0,2.0,8.0,2023-02-12,Cash,Sunday,17
ORD_919917,CUST_028,Drinks,Coca Cola,2.5,4.0,10.0,2022-03-31,Digital Wallet,Thursday,11
ORD_901424,CUST_048,Drinks,Lemonade,3.0,4.0,12.0,2023-12-11,Digital Wallet,Monday,13
ORD_744452,CUST_087,Main Dishes,Steak,20.0,5.0,100.0,2023-05-04,Credit Card,Thursday,13
ORD_123059,CUST_047,Starters,Sweet Potato Fries,5.0,1.0,5.0,2023-07-19,Cash,Wednesday,6
ORD_357310,CUST_093,Desserts,Brownie,6.0,4.0,24.0,2022-01-31,Digital Wallet,Monday,12
ORD_441872,CUST_081,Drinks,Orange Juice,3.0,5.0,15.0,2022-05-14,Credit Card,Saturday,9
ORD_322817,CUST_037,Side Dishes,Onion Rings,5.0,4.0,20.0,2023-11-13,Cash,Monday,13
ORD_472340,CUST_037,Main Dishes,Salmon,18.0,2.0,36.0,2023-01-29,Credit Card,Sunday,14
ORD_122025,CUST_003,Main Dishes,Steak,20.0,1.0,20.0,2023-03-09,Cash,Thursday,14
ORD_780026,CUST_059,Desserts,Brownie,6.0,2.0,12.0,2022-06-16,Digital Wallet,Thursday,15
ORD_685294,CUST_086,Desserts,Fruit Salad,4.0,1.0,4.0,2022-06-04,Credit Card,Saturday,8
ORD_556163,CUST_092,Desserts,Fruit Salad,4.0,3.0,12.0,2023-11-01,Cash,Wednesday,12
ORD_838798,CUST_097,Side Dishes,Side Salad,3.0,5.0,15.0,2022-10-26,Cash,Wednesday,13
ORD_623413,CUST_014,Starters,French Fries,4.0,4.0,16.0,2023-05-11,Digital Wallet,Thursday,13
ORD_974169,CUST_015,Main Dishes,Pasta Alfredo,12.0,1.0,12.0,2023-12-05,Cash,Tuesday,11
ORD_856078,CUST_011,Desserts,Ice Cream,5.0,2.0,10.0,2022-11-15,Digital Wallet,Tuesday,5
ORD_769234,CUST_084,Drinks,Iced Tea,2.5,1.0,2.5,2023-04-01,Digital Wallet,Saturday,11
ORD_119139,CUST_075,Desserts,Chocolate Cake,6.0,1.0,6.0,2023-06-13,Credit Card,Tuesday,10
ORD_356227,CUST_028,Side Dishes,Side Salad,3.0,3.0,3.0,2023-01-19,Digital Wallet,Thursday,12
ORD_213923,CUST_056,Main Dishes,Steak,20.0,4.0,80.0,2022-02-06,Credit Card,Sunday,12
ORD_557341,CUST_062,Side Dishes,Side Salad,3.0,4.0,12.0,2022-06-06,Credit Card,Monday,7
ORD_926545,CUST_095,Desserts,Ice Cream,5.0,4.0,20.0,2023-10-21,Cash,Saturday,8
ORD_145660,CUST_092,Drinks,Iced Tea,2.5,4.0,10.0,2022-04-16,Credit Card,Saturday,13
ORD_880235,CUST_030,Main Dishes,Pasta Alfredo,12.0,3.0,36.0,2022-08-01,Credit Card,Monday,9
ORD_263102,CUST_020,Main Dishes,Vegetarian Platter,14.0,3.0,70.0,2022-12-10,Digital Wallet,Saturday,12
ORD_470277,CUST_042,Side Dishes,Onion Rings,5.0,4.0,20.0,2023-05-15,Digital Wallet,Monday,12
ORD_121918,CUST_021,Starters,Beef Chili,7.0,2.0,14.0,2023-05-15,Digital Wallet,Monday,9
ORD_599504,CUST_043,Main Dishes,Pasta Alfredo,12.0,1.0,12.0,2023-08-14,Digital Wallet,Monday,9
ORD_730847,CUST_055,Side Dishes,Grilled Vegetables,5.0,2.0,10.0,2023-10-21,Credit Card,Saturday,16
ORD_711232,CUST_062,Desserts,Chocolate Cake,6.0,4.0,24.0,2022-03-03,Digital Wallet,Thursday,8
ORD_112856,CUST_055,Starters,Chicken Melt,8.0,1.0,8.0,2023-10-18,Cash,Wednesday,17
ORD_746767,CUST_037,Main Dishes,Grilled Chicken,15.0,3.0,45.0,2023-05-06,Digital Wallet,Saturday,15
ORD_582762,CUST_044,Main Dishes,Pasta Alfredo,12.0,3.0,36.0,2022-10-20,Cash,Thursday,11
ORD_550129,CUST_086,Main Dishes,Steak,20.0,1.0,20.0,2022-04-24,Credit Card,Sunday,9
ORD_554218,CUST_068,Starters,Sweet Potato Fries,5.0,4.0,20.0,2023-02-09,Digital Wallet,Thursday,7
ORD_711263,CUST_082,Side Dishes,Side Salad,3.0,2.0,6.0,2022-05-30,Credit Card,Monday,13
ORD_381188,CUST_060,Side Dishes,Mashed Potatoes,4.0,4.0,16.0,2023-03-08,Credit Card,Wednesday,8
ORD_562215,CUST_039,Main Dishes,Salmon,18.0,1.0,18.0,2023-01-13,Cash,Friday,16
ORD_247763,CUST_085,Desserts,Ice Cream,5.0,5.0,25.0,2022-08-29,Credit Card,Monday,12
ORD_544909,CUST_079,Side Dishes,Onion Rings,5.0,3.0,15.0,2022-03-27,Cash,Sunday,10
ORD_627074,CUST_003,Drinks,Water,1.0,5.0,5.0,2022-08-03,Credit Card,Wednesday,15
ORD_201762,CUST_095,Desserts,Ice Cream,5.0,5.0,25.0,2023-08-13,Digital Wallet,Sunday,9
ORD_780341,CUST_069,Main Dishes,Pasta Alfredo,12.0,1.0,12.0,2023-04-24,Credit Card,Monday,9
ORD_577250,CUST_057,Starters,Sweet Potato Fries,5.0,1.0,5.0,2023-03-16,Digital Wallet,Thursday,8
ORD_539059,CUST_040,Desserts,Cheesecake,7.0,2.0,14.0,2023-03-25,Credit Card,Saturday,13
ORD_947390,CUST_029,Desserts,Ice Cream,5.0,4.0,20.0,2022-08-07,Digital Wallet,Sunday,6
ORD_291266,CUST_017,Side Dishes,Grilled Vegetables,5.0,2.0,10.0,2023-02-16,Cash,Thursday,10
ORD_303474,CUST_075,Starters,Chicken Melt,8.0,4.0,32.0,2022-11-08,Digital Wallet,Tuesday,11
ORD_948958,CUST_028,Drinks,Orange Juice,3.0,4.0,12.0,2023-11-07,Cash,Tuesday,13
ORD_744211,CUST_067,Main Dishes,Grilled Chicken,15.0,2.0,30.0,2023-06-06,Digital Wallet,Tuesday,9
ORD_263927,CUST_044,Desserts,Cheesecake,7.0,3.0,21.0,2023-09-24,Credit Card,Sunday,12
ORD_222041,CUST_078,Desserts,Brownie,6.0,3.0,18.0,2023-12-30,Cash,Saturday,12
ORD_314545,CUST_017,Desserts,Fruit Salad,4.0,5.0,20.0,2023-08-13,Digital Wallet,Sunday,11
ORD_623220,CUST_019,Desserts,Ice Cream,5.0,3.0,15.0,2022-11-10,Digital Wallet,Thursday,10
ORD_856811,CUST_024,Main Dishes,Salmon,18.0,1.0,18.0,2023-12-13,Cash,Wednesday,10
ORD_946917,CUST_041,Drinks,Water,1.0,2.0,2.0,2022-09-27,Credit Card,Tuesday,11
ORD_516128,CUST_017,Drinks,Water,1.0,1.0,1.0,2023-09-09,Cash,Saturday,12
ORD_298720,CUST_011,Main Dishes,Steak,20.0,2.0,40.0,2023-04-05,Credit Card,Wednesday,6
ORD_681916,CUST_026,Desserts,Chocolate Cake,6.0,2.0,12.0,2023-02-25,Credit Card,Saturday,14
ORD_139022,CUST_100,Main Dishes,Vegetarian Platter,14.0,1.0,14.0,2023-04-20,Digital Wallet,Thursday,13
ORD_731122,CUST_052,Starters,Sweet Potato Fries,5.0,3.0,10.0,2022-01-16,Cash,Sunday,6
ORD_123420,CUST_011,Desserts,Chocolate Cake,6.0,1.0,6.0,2022-08-21,Digital Wallet,Sunday,7
ORD_968714,CUST_027,Side Dishes,Side Salad,3.0,5.0,15.0,2023-07-16,Credit Card,Sunday,6
ORD_927267,CUST_027,Starters,French Fries,4.0,5.0,20.0,2022-07-07,Cash,Thursday,7
ORD_527547,CUST_071,Starters,Sweet Potato Fries,5.0,1.0,5.0,2023-04-17,Credit Card,Monday,10
ORD_509118,CUST_097,Drinks,Lemonade,3.0,2.0,6.0,2022-12-10,Cash,Saturday,14
ORD_974545,CUST_008,Side Dishes,Grilled Vegetables,5.0,5.0,25.0,2023-09-09,Digital Wallet,Saturday,11
ORD_503381,CUST_030,Starters,Cheese Fries,5.0,3.0,10.0,2022-03-30,Credit Card,Wednesday,10
ORD_896904,CUST_089,Drinks,Orange Juice,3.0,4.0,12.0,2022-10-24,Cash,Monday,11
ORD_351278,CUST_037,Starters,French Fries,4.0,1.0,4.0,2023-10-26,Credit Card,Thursday,16
ORD_762599,CUST_015,Side Dishes,Onion Rings,5.0,5.0,25.0,2023-05-04,Digital Wallet,Thursday,12
ORD_107625,CUST_032,Starters,Nachos Grande,10.0,1.0,10.0,2022-05-11,Credit Card,Wednesday,5
ORD_273949,CUST_099,Main Dishes,Grilled Chicken,15.0,5.0,75.0,2023-03-20,Credit Card,Monday,8
ORD_944058,CUST_021,Side Dishes,Grilled Vegetables,5.0,2.0,10.0,2023-11-14,Cash,Tuesday,10
ORD_744424,CUST_084,Side Dishes,Lemonade,3.0,3.0,9.0,2023-11-20,Digital Wallet,Monday,12
ORD_958317,CUST_050,Starters,Beef Chili,7.0,4.0,28.0,2022-07-28,Credit Card,Thursday,10
ORD_360294,CUST_066,Side Dishes,Mashed Potatoes,4.0,3.0,12.0,2022-03-12,Credit Card,Saturday,9
ORD_859268,CUST_051,Drinks,Water,1.0,3.0,5.0,2022-12-04,Credit Card,Sunday,7
ORD_322110,CUST_049,Side Dishes,Mashed Potatoes,4.0,1.0,4.0,2022-04-08,Digital Wallet,Friday,9
ORD_535538,CUST_020,Drinks,Iced Tea,2.5,3.0,2.5,2022-11-19,Cash,Saturday,13
ORD_814644,CUST_012,Desserts,Cheesecake,7.0,4.0,28.0,2022-06-04,Digital Wallet,Saturday,9
ORD_585138,CUST_006,Main Dishes,Steak,20.0,3.0,40.0,2023-07-18,Credit Card,Tuesday,9
ORD_101294,CUST_080,Drinks,Coca Cola,2.5,2.0,5.0,2022-11-18,Digital Wallet,Friday,10
ORD_315675,CUST_052,Drinks,Coca Cola,2.5,1.0,2.5,2023-08-25,Credit Card,Friday,7
ORD_719069,CUST_022,Main Dishes,Pasta Alfredo,12.0,3.0,36.0,2023-09-24,Credit Card,Sunday,7
ORD_619012,CUST_055,Starters,French Fries,4.0,1.0,4.0,2022-10-01,Cash,Saturday,18
ORD_431224,CUST_063,Starters,Cheese Fries,5.0,5.0,25.0,2022-11-01,Credit Card,Tuesday,14
ORD_638888,CUST_063,Main Dishes,Salmon,18.0,5.0,90.0,2023-08-22,Credit Card,Tuesday,15
ORD_383516,CUST_011,Starters,Nachos Grande,10.0,3.0,40.0,2022-09-15,Cash,Thursday,8
ORD_971508,CUST_037,Drinks,Lemonade,3.0,3.0,15.0,2023-08-14,Credit Card,Monday,17
ORD_455866,CUST_092,Drinks,Lemonade,3.0,2.0,6.0,2022-05-06,Credit Card,Friday,14
ORD_203217,CUST_046,Starters,French Fries,4.0,1.0,4.0,2022-07-19,Cash,Tuesday,10
ORD_255208,CUST_050,Starters,Sweet Potato Fries,5.0,3.0,25.0,2023-03-29,Digital Wallet,Wednesday,11
ORD_708967,CUST_004,Drinks,Coca Cola,2.5,1.0,2.5,2023-07-16,Cash,Sunday,11
ORD_839265,CUST_088,Desserts,Cheesecake,7.0,1.0,7.0,2022-12-18,Digital Wallet,Sunday,10
ORD_995430,CUST_017,Starters,Beef Chili,7.0,5.0,35.0,2022-07-11,Credit Card,Monday,13
ORD_366585,CUST_022,Side Dishes,Mashed Potatoes,4.0,4.0,16.0,2022-07-11,Credit Card,Monday,8
ORD_296414,CUST_032,Desserts,Chocolate Cake,6.0,3.0,18.0,2022-06-28,Credit Card,Tuesday,6
ORD_569190,CUST_095,Main Dishes,Grilled Chicken,15.0,5.0,75.0,2023-10-06,Cash,Friday,10
ORD_705303,CUST_001,Starters,Beef Chili,7.0,5.0,35.0,2023-03-25,Cash,Saturday,13
ORD_760237,CUST_032,Desserts,Ice Cream,5.0,3.0,15.0,2023-03-25,Digital Wallet,Saturday,7
ORD_923292,CUST_083,Drinks,Water,1.0,1.0,1.0,2022-02-10,Credit Card,Thursday,8
ORD_618396,CUST_017,Main Dishes,Pasta Alfredo,12.0,4.0,48.0,2022-11-15,Digital Wallet,Tuesday,14
ORD_382565,CUST_069,Starters,French Fries,4.0,2.0,8.0,2023-08-08,Cash,Tuesday,10
ORD_296177,CUST_018,Desserts,Ice Cream,5.0,3.0,15.0,2022-01-06,Credit Card,Thursday,13
ORD_991881,CUST_082,Side Dishes,Side Salad,3.0,3.0,9.0,2022-06-23,Digital Wallet,Thursday,14
ORD_309853,CUST_085,Side Dishes,French Fries,4.0,4.0,16.0,2023-03-17,Credit Card,Friday,13
ORD_535859,CUST_080,Starters,French Fries,4.0,2.0,8.0,2023-03-14,Digital Wallet,Tuesday,11
ORD_231437,CUST_023,Drinks,Coca Cola,2.5,4.0,10.0,2022-01-13,Cash,Thursday,12
ORD_445394,CUST_041,Desserts,Brownie,6.0,5.0,30.0,2022-05-02,Credit Card,Monday,12
ORD_695671,CUST_094,Side Dishes,Side Salad,3.0,1.0,3.0,2022-12-08,Cash,Thursday,6
ORD_287549,CUST_045,Desserts,Chocolate Cake,6.0,4.0,24.0,2022-08-28,Digital Wallet,Sunday,12
ORD_118464,CUST_049,Desserts,Brownie,6.0,2.0,12.0,2023-05-20,Credit Card,Saturday,10
ORD_644630,CUST_064,Starters,French Fries,4.0,3.0,12.0,2023-09-19,Digital Wallet,Tuesday,10
ORD_675190,CUST_098,Side Dishes,Side Salad,3.0,5.0,15.0,2022-06-23,Digital Wallet,Thursday,17
ORD_395375,CUST_074,Main Dishes,Grilled Chicken,15.0,1.0,15.0,2023-12-20,Credit Card,Wednesday,9
ORD_534030,CUST_001,Side Dishes,Grilled Vegetables,5.0,3.0,15.0,2023-03-13,Digital Wallet,Monday,14
ORD_302130,CUST_061,Side Dishes,Mashed Potatoes,4.0,2.0,8.0,2023-04-01,Cash,Saturday,12
ORD_741491,CUST_059,Side Dishes,Lemonade,3.0,3.0,9.0,2023-02-11,Digital Wallet,Saturday,16
ORD_672977,CUST_073,Side Dishes,Mashed Potatoes,4.0,1.0,4.0,2023-10-22,Credit Card,Sunday,11
ORD_146120,CUST_093,Starters,Cheese Fries,5.0,5.0,25.0,2022-03-28,Cash,Monday,13
ORD_781777,CUST_089,Main Dishes,Pasta Alfredo,12.0,4.0,48.0,2022-05-29,Cash,Sunday,12
ORD_937371,CUST_079,Starters,Nachos Grande,10.0,5.0,50.0,2022-03-13,Cash,Sunday,11
ORD_283387,CUST_025,Side Dishes,Side Salad,3.0,1.0,3.0,2023-01-25,Digital Wallet,Wednesday,15
ORD_759159,CUST_011,Main Dishes,Grilled Chicken,15.0,1.0,15.0,2023-10-17,Cash,Tuesday,9
ORD_438438,CUST_020,Drinks,Lemonade,3.0,2.0,6.0,2023-08-11,Cash,Friday,14
ORD_280268,CUST_080,Starters,Ice Cream,5.0,1.0,5.0,2023-07-20,Digital Wallet,Thursday,12
ORD_198721,CUST_056,Drinks,Iced Tea,2.5,3.0,5.0,2022-11-27,Credit Card,Sunday,13
ORD_122956,CUST_047,Side Dishes,Garlic Bread,4.0,2.0,8.0,2022-12-16,Cash,Friday,7
ORD_131591,CUST_001,Side Dishes,Garlic Bread,4.0,3.0,12.0,2023-04-17,Credit Card,Monday,15
ORD_490302,CUST_097,Main Dishes,Pasta Alfredo,12.0,3.0,36.0,2023-10-29,Cash,Sunday,15
ORD_224266,CUST_074,Main Dishes,Grilled Chicken,15.0,3.0,45.0,2022-12-16,Cash,Friday,10
ORD_674602,CUST_038,Side Dishes,Side Salad,3.0,1.0,3.0,2023-05-04,Cash,Thursday,10
ORD_350356,CUST_084,Main Dishes,Grilled Chicken,15.0,1.0,15.0,2022-11-07,Digital Wallet,Monday,13
ORD_515178,CUST_060,Desserts,Ice Cream,5.0,5.0,25.0,2022-01-29,Digital Wallet,Saturday,9
ORD_603795,CUST_082,Main Dishes,Pasta Alfredo,12.0,4.0,48.0,2022-11-27,Cash,Sunday,15
ORD_517126,CUST_071,Drinks,Coca Cola,2.5,3.0,7.5,2023-02-16,Cash,Thursday,11
ORD_608023,CUST_072,Side Dishes,Onion Rings,5.0,1.0,5.0,2023-03-03,Credit Card,Friday,8
ORD_706788,CUST_006,Main Dishes,Vegetarian Platter,14.0,3.0,42.0,2022-06-17,Digital Wallet,Friday,10
ORD_462079,CUST_003,Main Dishes,Grilled Chicken,15.0,5.0,75.0,2022-08-26,Credit Card,Friday,16
ORD_453510,CUST_097,Starters,French Fries,4.0,5.0,20.0,2023-05-15,Digital Wallet,Monday,16
ORD_694667,CUST_017,Starters,Beef Chili,7.0,4.0,28.0,2023-03-08,Credit Card,Wednesday,15
ORD_813312,CUST_066,Side Dishes,Mashed Potatoes,4.0,4.0,16.0,2022-02-04,Credit Card,Friday,10
ORD_916837,CUST_099,Desserts,Fruit Salad,4.0,5.0,20.0,2022-08-07,Cash,Sunday,9
ORD_451782,CUST_086,Side Dishes,Garlic Bread,4.0,3.0,12.0,2023-03-27,Digital Wallet,Monday,10
ORD_401982,CUST_016,Main Dishes,Pasta Alfredo,12.0,2.0,24.0,2023-02-06,Credit Card,Monday,11
ORD_211477,CUST_041,Drinks,Lemonade,3.0,2.0,6.0,2022-05-09,Cash,Monday,13
ORD_514854,CUST_060,Drinks,Orange Juice,3.0,2.0,6.0,2023-06-01,Credit Card,Thursday,10
ORD_499159,CUST_057,Starters,Beef Chili,7.0,2.0,14.0,2023-11-06,Cash,Monday,9
ORD_766531,CUST_051,Desserts,Fruit Salad,4.0,2.0,8.0,2023-12-04,Digital Wallet,Monday,8
ORD_893283,CUST_058,Starters,Beef Chili,7.0,4.0,28.0,2022-04-21,Credit Card,Thursday,12
ORD_876823,CUST_021,Drinks,Iced Tea,2.5,3.0,7.5,2022-08-04,Credit Card,Thursday,11
ORD_678837,CUST_066,Drinks,Coca Cola,2.5,3.0,5.0,2023-11-02,Credit Card,Thursday,11
ORD_140788,CUST_075,Main Dishes,Pasta Alfredo,12.0,5.0,60.0,2023-12-03,Cash,Sunday,12
ORD_333782,CUST_073,Drinks,Coca Cola,2.5,3.0,2.5,2023-10-14,Digital Wallet,Saturday,12
ORD_744111,CUST_044,Starters,Beef Chili,7.0,1.0,7.0,2023-05-12,Cash,Friday,13
ORD_982383,CUST_098,Main Dishes,Grilled Chicken,15.0,5.0,75.0,2022-09-19,Digital Wallet,Monday,18
ORD_612057,CUST_026,Desserts,Ice Cream,5.0,2.0,10.0,2022-12-05,Digital Wallet,Monday,15
ORD_374147,CUST_042,Side Dishes,Grilled Vegetables,5.0,1.0,5.0,2022-11-28,Cash,Monday,13
ORD_610527,CUST_085,Drinks,Coca Cola,2.5,1.0,2.5,2023-03-06,Digital Wallet,Monday,14
ORD_816530,CUST_034,Desserts,Fruit Salad,4.0,4.0,16.0,2022-02-27,Cash,Sunday,11
ORD_859936,CUST_044,Drinks,Water,1.0,3.0,3.0,2023-07-20,Digital Wallet,Thursday,14
ORD_629764,CUST_043,Main Dishes,Grilled Chicken,15.0,4.0,60.0,2022-01-02,Cash,Sunday,10
ORD_675823,CUST_012,Desserts,Brownie,6.0,3.0,30.0,2023-12-12,Cash,Tuesday,10
ORD_146631,CUST_038,Drinks,Coca Cola,2.5,5.0,12.5,2022-02-14,Cash,Monday,11
ORD_254818,CUST_011,Side Dishes,Grilled Vegetables,5.0,4.0,20.0,2023-11-03,Digital Wallet,Friday,10
ORD_607377,CUST_056,Main Dishes,Steak,20.0,1.0,20.0,2022-08-17,Cash,Wednesday,14
ORD_601483,CUST_001,Desserts,Brownie,6.0,4.0,24.0,2022-12-08,Credit Card,Thursday,16
ORD_948053,CUST_048,Side Dishes,Mashed Potatoes,4.0,1.0,4.0,2023-12-18,Cash,Monday,14
ORD_341026,CUST_017,Main Dishes,Grilled Chicken,15.0,2.0,30.0,2023-12-18,Cash,Monday,16
ORD_998633,CUST_048,Main Dishes,Grilled Chicken,15.0,5.0,75.0,2023-07-24,Digital Wallet,Monday,15
ORD_361057,CUST_051,Desserts,Chocolate Cake,6.0,3.0,18.0,2022-09-22,Credit Card,Thursday,9
ORD_610458,CUST_081,Starters,Beef Chili,7.0,3.0,14.0,2022-01-23,Cash,Sunday,10
ORD_195347,CUST_063,Main Dishes,Grilled Chicken,15.0,5.0,75.0,2023-02-22,Cash,Wednesday,16
ORD_822792,CUST_096,Desserts,Chocolate Cake,6.0,2.0,12.0,2022-05-29,Credit Card,Sunday,9
ORD_875532,CUST_060,Side Dishes,Side Salad,3.0,5.0,15.0,2022-01-28,Credit Card,Friday,11
ORD_689811,CUST_042,Starters,Nachos Grande,10.0,3.0,30.0,2023-04-03,Credit Card,Monday,14
ORD_733267,CUST_007,Starters,French Fries,4.0,2.0,8.0,2023-08-20,Credit Card,Sunday,8
ORD_556581,CUST_089,Side Dishes,Mashed Potatoes,4.0,5.0,20.0,2022-06-15,Cash,Wednesday,13
ORD_777915,CUST_018,Desserts,Chocolate Cake,6.0,3.0,24.0,2023-02-27,Digital Wallet,Monday,14
ORD_350064,CUST_056,Desserts,Brownie,6.0,3.0,18.0,2023-10-17,Digital Wallet,Tuesday,15
ORD_811138,CUST_075,Drinks,Iced Tea,2.5,5.0,12.5,2023-12-10,Cash,Sunday,13
ORD_263078,CUST_022,Side Dishes,Side Salad,3.0,2.0,6.0,2022-02-01,Cash,Tuesday,9
ORD_715128,CUST_066,Starters,French Fries,4.0,4.0,16.0,2022-09-27,Credit Card,Tuesday,12
ORD_265706,CUST_021,Drinks,Water,1.0,1.0,1.0,2023-10-02,Credit Card,Monday,12
ORD_646386,CUST_069,Starters,Chicken Melt,8.0,1.0,8.0,2022-06-08,Cash,Wednesday,11
ORD_716324,CUST_080,Starters,Sweet Potato Fries,5.0,2.0,10.0,2023-03-26,Digital Wallet,Sunday,13
ORD_503820,CUST_044,Starters,Chicken Melt,8.0,2.0,16.0,2023-08-06,Credit Card,Sunday,15
ORD_824150,CUST_011,Main Dishes,Grilled Chicken,15.0,4.0,60.0,2022-06-28,Digital Wallet,Tuesday,11
ORD_364801,CUST_016,Starters,Ice Cream,5.0,1.0,5.0,2022-04-25,Digital Wallet,Monday,12
ORD_151107,CUST_048,Main Dishes,Steak,20.0,4.0,80.0,2022-07-21,Cash,Thursday,16
ORD_414140,CUST_031,Desserts,Chocolate Cake,6.0,2.0,12.0,2023-05-20,Credit Card,Saturday,8
ORD_761290,CUST_031,Starters,French Fries,4.0,1.0,4.0,2023-06-12,Credit Card,Monday,9
ORD_141406,CUST_002,Desserts,Cheesecake,7.0,4.0,28.0,2023-09-05,Credit Card,Tuesday,5
ORD_528717,CUST_010,Desserts,Cheesecake,7.0,3.0,21.0,2023-07-23,Credit Card,Sunday,11
ORD_510005,CUST_040,Desserts,Chocolate Cake,6.0,3.0,18.0,2022-04-27,Digital Wallet,Wednesday,14
ORD_196825,CUST_055,Main Dishes,Steak,20.0,4.0,80.0,2022-04-12,Cash,Tuesday,19
ORD_782349,CUST_033,Starters,Ice Cream,5.0,4.0,20.0,2022-09-17,Credit Card,Saturday,10
ORD_972953,CUST_047,Main Dishes,Vegetarian Platter,14.0,5.0,70.0,2022-09-17,Credit Card,Saturday,8
ORD_667729,CUST_002,Desserts,Chocolate Cake,6.0,2.0,12.0,2022-02-07,Cash,Monday,6
ORD_350012,CUST_066,Starters,French Fries,4.0,2.0,8.0,2023-06-17,Credit Card,Saturday,13
ORD_581390,CUST_094,Drinks,Iced Tea,2.5,3.0,12.5,2023-05-12,Credit Card,Friday,7
ORD_867145,CUST_004,Starters,French Fries,4.0,1.0,4.0,2022-01-07,Credit Card,Friday,12
ORD_401980,CUST_048,Desserts,Cheesecake,7.0,4.0,28.0,2022-05-25,Cash,Wednesday,17
ORD_813864,CUST_081,Side Dishes,Side Salad,3.0,5.0,15.0,2022-04-08,Cash,Friday,11
ORD_452846,CUST_030,Main Dishes,Grilled Chicken,15.0,1.0,15.0,2023-12-18,Cash,Monday,11
ORD_161923,CUST_079,Starters,Cheese Fries,5.0,2.0,10.0,2022-03-21,Cash,Monday,12
ORD_420448,CUST_017,Starters,Beef Chili,7.0,2.0,14.0,2023-05-11,Cash,Thursday,17
ORD_627003,CUST_030,Main Dishes,Vegetarian Platter,14.0,3.0,42.0,2023-07-01,Digital Wallet,Saturday,12
ORD_749779,CUST_086,Desserts,Ice Cream,5.0,3.0,15.0,2022-04-29,Digital Wallet,Friday,11
ORD_455253,CUST_095,Side Dishes,Mashed Potatoes,4.0,5.0,20.0,2023-08-04,Cash,Friday,11
ORD_566154,CUST_094,Desserts,Brownie,6.0,1.0,6.0,2022-02-07,Cash,Monday,8
ORD_667908,CUST_073,Drinks,Lemonade,3.0,3.0,9.0,2022-07-03,Digital Wallet,Sunday,13
ORD_811422,CUST_083,Main Dishes,Vegetarian Platter,14.0,1.0,14.0,2022-11-07,Cash,Monday,9
ORD_224235,CUST_036,Drinks,Water,1.0,5.0,5.0,2022-03-19,Digital Wallet,Saturday,12
ORD_646798,CUST_044,Desserts,Ice Cream,5.0,2.0,10.0,2023-01-07,Credit Card,Saturday,16
ORD_764922,CUST_004,Side Dishes,Mashed Potatoes,4.0,4.0,16.0,2022-11-06,Cash,Sunday,13
ORD_121127,CUST_009,Side Dishes,Onion Rings,5.0,3.0,15.0,2023-07-16,Credit Card,Sunday,16
ORD_242945,CUST_004,Drinks,Water,1.0,5.0,5.0,2023-02-26,Credit Card,Sunday,14
ORD_615860,CUST_033,Starters,Sweet Potato Fries,5.0,3.0,15.0,2023-10-23,Credit Card,Monday,11
ORD_647822,CUST_097,Drinks,Orange Juice,3.0,4.0,12.0,2023-08-30,Digital Wallet,Wednesday,17
ORD_422402,CUST_086,Main Dishes,Salmon,18.0,2.0,36.0,2023-11-14,Credit Card,Tuesday,12
ORD_495850,CUST_017,Main Dishes,Steak,20.0,4.0,80.0,2023-04-24,Cash,Monday,18
ORD_428151,CUST_068,Main Dishes,Steak,20.0,2.0,40.0,2023-06-02,Credit Card,Friday,8
ORD_356897,CUST_046,Desserts,Fruit Salad,4.0,5.0,20.0,2022-03-06,Cash,Sunday,11
ORD_155182,CUST_036,Drinks,Lemonade,3.0,3.0,9.0,2022-02-16,Credit Card,Wednesday,13
ORD_298690,CUST_054,Main Dishes,Pasta Alfredo,12.0,1.0,12.0,2023-12-31,Cash,Sunday,8
ORD_217119,CUST_043,Starters,Chicken Melt,8.0,3.0,24.0,2022-02-01,Digital Wallet,Tuesday,11
ORD_335227,CUST_014,Starters,Cheese Fries,5.0,2.0,10.0,2022-12-18,Cash,Sunday,14
ORD_215119,CUST_086,Drinks,Water,1.0,2.0,2.0,2023-02-27,Digital Wallet,Monday,13
ORD_807603,CUST_050,Starters,French Fries,4.0,3.0,12.0,2022-08-05,Credit Card,Friday,12
ORD_906345,CUST_049,Desserts,Cheesecake,7.0,5.0,35.0,2023-12-02,Credit Card,Saturday,11
ORD_404394,CUST_091,Side Dishes,Garlic Bread,4.0,3.0,12.0,2022-03-24,Cash,Thursday,10
ORD_855440,CUST_100,Desserts,Chocolate Cake,6.0,4.0,24.0,2022-12-03,Cash,Saturday,14
ORD_432281,CUST_032,Side Dishes,Grilled Vegetables,5.0,4.0,20.0,2022-02-17,Credit Card,Thursday,8
ORD_421366,CUST_083,Side Dishes,Side Salad,3.0,3.0,9.0,2022-05-10,Credit Card,Tuesday,10
ORD_173892,CUST_014,Desserts,Cheesecake,7.0,4.0,28.0,2023-11-05,Cash,Sunday,15
ORD_430032,CUST_037,Desserts,Ice Cream,5.0,4.0,20.0,2022-01-15,Credit Card,Saturday,18
ORD_867952,CUST_045,Drinks,Iced Tea,2.5,4.0,10.0,2022-01-25,Credit Card,Tuesday,13
ORD_479957,CUST_092,Side Dishes,Mashed Potatoes,4.0,3.0,12.0,2023-08-02,Digital Wallet,Wednesday,15
ORD_811174,CUST_025,Desserts,Chocolate Cake,6.0,5.0,30.0,2023-03-11,Cash,Saturday,16
ORD_470930,CUST_096,Side Dishes,Side Salad,3.0,4.0,12.0,2023-10-07,Credit Card,Saturday,10
ORD_471738,CUST_015,Desserts,Cheesecake,7.0,4.0,28.0,2022-06-15,Credit Card,Wednesday,13
ORD_960591,CUST_092,Desserts,Ice Cream,5.0,3.0,15.0,2022-02-05,Digital Wallet,Saturday,16
ORD_344012,CUST_073,Side Dishes,Side Salad,3.0,1.0,3.0,2022-07-02,Credit Card,Saturday,14
ORD_110753,CUST_090,Side Dishes,Ice Cream,5.0,2.0,10.0,2023-08-01,Digital Wallet,Tuesday,10
ORD_848947,CUST_061,Main Dishes,Pasta Alfredo,12.0,5.0,60.0,2023-01-11,Credit Card,Wednesday,13
ORD_435013,CUST_032,Side Dishes,Grilled Vegetables,5.0,2.0,10.0,2023-06-23,Credit Card,Friday,9
ORD_713789,CUST_086,Drinks,Water,1.0,2.0,2.0,2022-09-04,Credit Card,Sunday,14
ORD_648218,CUST_020,Drinks,Lemonade,3.0,3.0,9.0,2022-03-25,Credit Card,Friday,15
ORD_117091,CUST_088,Main Dishes,Grilled Chicken,15.0,5.0,75.0,2023-03-19,Credit Card,Sunday,11
ORD_507878,CUST_084,Starters,Sweet Potato Fries,5.0,4.0,20.0,2022-08-14,Credit Card,Sunday,14
ORD_111741,CUST_098,Side Dishes,Side Salad,3.0,5.0,15.0,2023-11-05,Cash,Sunday,19
ORD_477271,CUST_043,Starters,Cheese Fries,5.0,2.0,10.0,2022-09-09,Digital Wallet,Friday,12
ORD_442551,CUST_035,Desserts,Ice Cream,5.0,4.0,20.0,2023-09-02,Digital Wallet,Saturday,7
ORD_928544,CUST_089,Main Dishes,Pasta Alfredo,12.0,2.0,24.0,2023-09-01,Credit Card,Friday,14
ORD_375781,CUST_066,Starters,French Fries,4.0,1.0,4.0,2022-04-03,Credit Card,Sunday,14
ORD_800119,CUST_034,Main Dishes,Pasta Alfredo,12.0,2.0,24.0,2022-12-19,Digital Wallet,Monday,12
ORD_687385,CUST_023,Drinks,Coca Cola,2.5,4.0,10.0,2022-09-05,Credit Card,Monday,13
ORD_143973,CUST_002,Main Dishes,Pasta Alfredo,12.0,3.0,36.0,2022-02-20,Digital Wallet,Sunday,7
ORD_375814,CUST_068,Drinks,Water,1.0,4.0,4.0,2022-11-28,Credit Card,Monday,9
ORD_928220,CUST_070,Desserts,Ice Cream,5.0,5.0,25.0,2022-09-17,Cash,Saturday,6
ORD_473397,CUST_036,Starters,Chicken Melt,8.0,2.0,16.0,2022-04-20,Digital Wallet,Wednesday,14
ORD_900549,CUST_047,Main Dishes,Salmon,18.0,2.0,36.0,2023-04-25,Digital Wallet,Tuesday,9
ORD_771035,CUST_086,Starters,Cheese Fries,5.0,4.0,20.0,2022-11-03,Digital Wallet,Thursday,15
ORD_325206,CUST_083,Desserts,Ice Cream,5.0,4.0,20.0,2023-08-01,Credit Card,Tuesday,11
ORD_928345,CUST_084,Desserts,Ice Cream,5.0,4.0,20.0,2023-05-18,Credit Card,Thursday,15
ORD_838867,CUST_049,Starters,French Fries,4.0,3.0,12.0,2022-03-10,Credit Card,Thursday,12
ORD_642702,CUST_082,Desserts,Brownie,6.0,2.0,12.0,2023-06-22,Credit Card,Thursday,16
ORD_450583,CUST_010,Side Dishes,Mashed Potatoes,4.0,3.0,12.0,2022-09-13,Cash,Tuesday,12
ORD_178607,CUST_062,Side Dishes,Side Salad,3.0,5.0,15.0,2022-07-05,Digital Wallet,Tuesday,9
ORD_522318,CUST_063,Main Dishes,Grilled Chicken,15.0,2.0,30.0,2023-04-15,Credit Card,Saturday,17
ORD_593067,CUST_039,Starters,French Fries,4.0,5.0,20.0,2022-12-04,Digital Wallet,Sunday,17
ORD_792803,CUST_042,Drinks,Coca Cola,2.5,5.0,12.5,2022-02-04,Cash,Friday,15
ORD_226830,CUST_027,Desserts,Fruit Salad,4.0,3.0,20.0,2023-09-17,Cash,Sunday,8
ORD_101159,CUST_069,Drinks,Water,1.0,4.0,4.0,2023-11-23,Cash,Thursday,12
ORD_435236,CUST_091,Side Dishes,Side Salad,3.0,2.0,6.0,2022-08-01,Digital Wallet,Monday,11
ORD_897012,CUST_004,Side Dishes,Ice Cream,5.0,5.0,25.0,2022-04-13,Digital Wallet,Wednesday,15
ORD_909088,CUST_031,Drinks,Iced Tea,2.5,3.0,7.5,2022-07-15,Credit Card,Friday,10
ORD_555452,CUST_042,Main Dishes,Pasta Alfredo,12.0,3.0,36.0,2022-07-06,Digital Wallet,Wednesday,16
ORD_428200,CUST_098,Drinks,Coca Cola,2.5,1.0,2.5,2022-01-24,Credit Card,Monday,20
ORD_191534,CUST_053,Drinks,Coca Cola,2.5,2.0,5.0,2022-06-26,Cash,Sunday,9
ORD_387967,CUST_092,Starters,Beef Chili,7.0,3.0,21.0,2022-01-28,Digital Wallet,Friday,17
ORD_984373,CUST_036,Drinks,Coca Cola,2.5,3.0,7.5,2023-02-01,Credit Card,Wednesday,15
ORD_218502,CUST_040,Desserts,Ice Cream,5.0,4.0,20.0,2022-09-23,Digital Wallet,Friday,15
ORD_334433,CUST_019,Main Dishes,Pasta Alfredo,12.0,4.0,48.0,2022-07-23,Digital Wallet,Saturday,11
ORD_127010,CUST_033,Starters,Cheese Fries,5.0,1.0,5.0,2023-02-10,Digital Wallet,Friday,12
ORD_112224,CUST_087,Desserts,Brownie,6.0,4.0,24.0,2022-09-05,Credit Card,Monday,14
ORD_235915,CUST_075,Starters,French Fries,4.0,4.0,16.0,2023-03-26,Digital Wallet,Sunday,14
ORD_337363,CUST_054,Main Dishes,Pasta Alfredo,12.0,3.0,36.0,2023-05-24,Digital Wallet,Wednesday,9
ORD_893035,CUST_026,Main Dishes,Steak,20.0,3.0,60.0,2023-04-07,Credit Card,Friday,16
ORD_165541,CUST_008,Desserts,Cheesecake,7.0,4.0,28.0,2023-12-15,Digital Wallet,Friday,12
ORD_287292,CUST_090,Drinks,Iced Tea,2.5,2.0,5.0,2023-09-04,Credit Card,Monday,11
ORD_937698,CUST_089,Main Dishes,Grilled Chicken,15.0,1.0,15.0,2023-08-12,Cash,Saturday,15
ORD_919061,CUST_087,Main Dishes,Salmon,18.0,3.0,54.0,2022-01-20,Cash,Thursday,15
ORD_499483,CUST_065,Main Dishes,Steak,20.0,3.0,60.0,2023-08-29,Digital Wallet,Tuesday,10
ORD_431444,CUST_086,Side Dishes,Side Salad,3.0,1.0,3.0,2022-01-19,Credit Card,Wednesday,16
ORD_547955,CUST_068,Main Dishes,Pasta Alfredo,12.0,4.0,48.0,2023-10-31,Digital Wallet,Tuesday,10
ORD_810268,CUST_089,Drinks,Water,1.0,1.0,1.0,2023-09-01,Digital Wallet,Friday,16
ORD_439861,CUST_004,Drinks,Orange Juice,3.0,1.0,3.0,2022-11-19,Cash,Saturday,16
ORD_644256,CUST_083,Side Dishes,Garlic Bread,4.0,3.0,12.0,2022-09-21,Digital Wallet,Wednesday,12
ORD_652032,CUST_004,Desserts,Cheesecake,7.0,4.0,28.0,2023-02-19,Digital Wallet,Sunday,17
ORD_308245,CUST_047,Starters,French Fries,4.0,3.0,12.0,2023-11-04,Credit Card,Saturday,10
ORD_217820,CUST_036,Starters,Nachos Grande,10.0,4.0,40.0,2023-06-24,Cash,Saturday,16
ORD_472583,CUST_074,Desserts,Chocolate Cake,6.0,3.0,18.0,2022-02-09,Cash,Wednesday,11
ORD_199523,CUST_062,Main Dishes,Grilled Chicken,15.0,5.0,75.0,2023-12-22,Digital Wallet,Friday,10
ORD_171495,CUST_022,Main Dishes,Grilled Chicken,15.0,5.0,75.0,2022-08-12,Digital Wallet,Friday,10
ORD_168819,CUST_060,Desserts,Ice Cream,5.0,3.0,5.0,2022-12-23,Credit Card,Friday,12
ORD_482464,CUST_096,Starters,Cheese Fries,5.0,3.0,15.0,2022-11-13,Credit Card,Sunday,11
ORD_100983,CUST_072,Side Dishes,Mashed Potatoes,4.0,4.0,16.0,2022-04-24,Digital Wallet,Sunday,9
ORD_965963,CUST_086,Main Dishes,Salmon,18.0,1.0,18.0,2022-03-25,Credit Card,Friday,17
ORD_488150,CUST_037,Drinks,Coca Cola,2.5,2.0,5.0,2022-01-21,Credit Card,Friday,19
ORD_756867,CUST_031,Desserts,Ice Cream,5.0,2.0,10.0,2023-09-28,Cash,Thursday,11
ORD_511748,CUST_022,Side Dishes,Side Salad,3.0,4.0,12.0,2022-07-29,Cash,Friday,11
ORD_142774,CUST_009,Side Dishes,Grilled Vegetables,5.0,1.0,5.0,2023-07-10,Credit Card,Monday,17
ORD_774247,CUST_026,Main Dishes,Grilled Chicken,15.0,3.0,45.0,2022-06-16,Credit Card,Thursday,17
ORD_433983,CUST_033,Main Dishes,Steak,20.0,1.0,20.0,2023-03-28,Cash,Tuesday,13
ORD_124558,CUST_070,Main Dishes,Grilled Chicken,15.0,3.0,45.0,2023-04-15,Digital Wallet,Saturday,7
ORD_307999,CUST_068,Starters,French Fries,4.0,1.0,4.0,2023-11-09,Digital Wallet,Thursday,11
ORD_346301,CUST_066,Drinks,Coca Cola,2.5,3.0,12.5,2023-10-29,Digital Wallet,Sunday,15
ORD_496500,CUST_051,Desserts,Cheesecake,7.0,3.0,14.0,2022-05-09,Cash,Monday,10
ORD_253747,CUST_072,Starters,Sweet Potato Fries,5.0,3.0,15.0,2023-01-05,Cash,Thursday,10
ORD_684110,CUST_012,Drinks,Lemonade,3.0,3.0,9.0,2023-02-14,Cash,Tuesday,11
ORD_954106,CUST_036,Desserts,French Fries,4.0,2.0,8.0,2023-07-23,Digital Wallet,Sunday,17
ORD_275578,CUST_026,Main Dishes,Salmon,18.0,3.0,54.0,2023-06-11,Cash,Sunday,18
ORD_316436,CUST_012,Side Dishes,Ice Cream,5.0,4.0,20.0,2022-06-27,Cash,Monday,12
ORD_476085,CUST_005,Side Dishes,Side Salad,3.0,3.0,9.0,2023-03-23,Digital Wallet,Thursday,18
ORD_957985,CUST_032,Main Dishes,Steak,20.0,4.0,80.0,2022-10-28,Credit Card,Friday,10
ORD_263164,CUST_005,Side Dishes,Garlic Bread,4.0,1.0,4.0,2022-06-18,Cash,Saturday,19
ORD_399212,CUST_073,Main Dishes,Grilled Chicken,15.0,5.0,75.0,2022-02-24,Credit Card,Thursday,15
ORD_672837,CUST_024,Side Dishes,Mashed Potatoes,4.0,4.0,16.0,2023-01-08,Cash,Sunday,11
ORD_306310,CUST_020,Desserts,Chocolate Cake,6.0,5.0,30.0,2023-02-14,Credit Card,Tuesday,16
ORD_224281,CUST_096,Desserts,Cheesecake,7.0,2.0,14.0,2023-12-07,Credit Card,Thursday,12
ORD_374821,CUST_060,Drinks,Iced Tea,2.5,2.0,5.0,2023-06-03,Digital Wallet,Saturday,13
ORD_191123,CUST_096,Desserts,Ice Cream,5.0,2.0,10.0,2022-06-01,Cash,Wednesday,13
ORD_430017,CUST_072,Desserts,Ice Cream,5.0,4.0,20.0,2022-11-09,Digital Wallet,Wednesday,11
ORD_959879,CUST_004,Main Dishes,Grilled Chicken,15.0,5.0,75.0,2023-05-15,Cash,Monday,18
ORD_633616,CUST_016,Starters,Ice Cream,5.0,1.0,5.0,2023-08-15,Digital Wallet,Tuesday,13
ORD_331589,CUST_027,Starters,Cheese Fries,5.0,5.0,25.0,2023-01-15,Digital Wallet,Sunday,9
ORD_881020,CUST_081,Desserts,Ice Cream,5.0,1.0,5.0,2023-01-15,Digital Wallet,Sunday,12
ORD_592663,CUST_055,Main Dishes,Salmon,18.0,4.0,72.0,2022-08-13,Cash,Saturday,20
ORD_502168,CUST_070,Main Dishes,Salmon,18.0,5.0,90.0,2022-02-25,Credit Card,Friday,8
ORD_391442,CUST_090,Desserts,Chocolate Cake,6.0,3.0,18.0,2023-12-02,Digital Wallet,Saturday,12
ORD_827678,CUST_029,Starters,Cheese Fries,5.0,3.0,15.0,2022-01-09,Credit Card,Sunday,7
ORD_340999,CUST_095,Starters,Beef Chili,7.0,3.0,21.0,2022-01-30,Cash,Sunday,12
ORD_242424,CUST_049,Starters,Cheese Fries,5.0,3.0,15.0,2023-03-23,Digital Wallet,Thursday,13
ORD_651568,CUST_083,Drinks,Water,1.0,5.0,5.0,2023-06-26,Credit Card,Monday,13
ORD_542561,CUST_032,Main Dishes,Pasta Alfredo,12.0,4.0,48.0,2022-10-02,Digital Wallet,Sunday,11
ORD_258129,CUST_029,Main Dishes,Grilled Chicken,15.0,4.0,60.0,2023-01-03,Digital Wallet,Tuesday,8
ORD_891444,CUST_043,Drinks,Orange Juice,3.0,3.0,9.0,2022-08-08,Cash,Monday,13
ORD_639121,CUST_043,Drinks,Coca Cola,2.5,5.0,12.5,2023-11-22,Cash,Wednesday,14
ORD_144924,CUST_020,Main Dishes,Steak,20.0,5.0,100.0,2022-08-01,Cash,Monday,17
ORD_150258,CUST_091,Main Dishes,Pasta Alfredo,12.0,2.0,24.0,2022-10-04,Digital Wallet,Tuesday,12
ORD_658084,CUST_083,Drinks,Orange Juice,3.0,3.0,12.0,2022-08-10,Credit Card,Wednesday,14
ORD_451337,CUST_098,Main Dishes,Steak,20.0,5.0,100.0,2023-02-18,Credit Card,Saturday,21
ORD_180026,CUST_035,Side Dishes,Side Salad,3.0,3.0,6.0,2023-09-05,Credit Card,Tuesday,8
ORD_495555,CUST_057,Main Dishes,Pasta Alfredo,12.0,4.0,48.0,2023-11-22,Credit Card,Wednesday,10
ORD_369982,CUST_054,Main Dishes,Steak,20.0,3.0,60.0,2023-09-27,Cash,Wednesday,10
ORD_502465,CUST_046,Side Dishes,Side Salad,3.0,5.0,15.0,2023-10-27,Credit Card,Friday,12
ORD_275967,CUST_028,Drinks,Iced Tea,2.5,2.0,5.0,2023-09-04,Cash,Monday,14
ORD_989481,CUST_040,Drinks,Water,1.0,4.0,4.0,2022-08-11,Digital Wallet,Thursday,16
ORD_213059,CUST_075,Main Dishes,Steak,20.0,3.0,60.0,2023-12-07,Credit Card,Thursday,15
ORD_960762,CUST_051,Drinks,Orange Juice,3.0,2.0,6.0,2022-03-04,Credit Card,Friday,11
ORD_346738,CUST_077,Drinks,Coca Cola,2.5,1.0,2.5,2023-09-29,Digital Wallet,Friday,7
ORD_357723,CUST_031,Starters,Chicken Melt,8.0,5.0,40.0,2023-08-31,Cash,Thursday,12
ORD_190751,CUST_024,Main Dishes,Grilled Chicken,15.0,5.0,75.0,2022-11-25,Digital Wallet,Friday,12
ORD_584831,CUST_081,Drinks,Orange Juice,3.0,5.0,15.0,2022-01-04,Digital Wallet,Tuesday,13
ORD_678747,CUST_051,Side Dishes,Grilled Vegetables,5.0,2.0,10.0,2023-06-26,Digital Wallet,Monday,12
ORD_776509,CUST_072,Starters,Cheese Fries,5.0,2.0,10.0,2022-04-01,Credit Card,Friday,12
ORD_186914,CUST_064,Drinks,Water,1.0,1.0,1.0,2022-08-01,Credit Card,Monday,11
ORD_828822,CUST_016,Starters,French Fries,4.0,1.0,4.0,2022-11-09,Cash,Wednesday,14
ORD_381783,CUST_045,Desserts,Chocolate Cake,6.0,1.0,6.0,2022-09-15,Digital Wallet,Thursday,14
ORD_971091,CUST_040,Starters,Beef Chili,7.0,3.0,21.0,2022-08-01,Cash,Monday,17
ORD_182131,CUST_096,Starters,French Fries,4.0,2.0,8.0,2023-05-22,Digital Wallet,Monday,14
ORD_410090,CUST_061,Desserts,Ice Cream,5.0,1.0,5.0,2022-12-28,Digital Wallet,Wednesday,14
ORD_506002,CUST_069,Side Dishes,Grilled Vegetables,5.0,5.0,25.0,2022-08-07,Credit Card,Sunday,13
ORD_334720,CUST_026,Side Dishes,Side Salad,3.0,3.0,9.0,2022-01-14,Digital Wallet,Friday,19
ORD_171344,CUST_026,Main Dishes,Pasta Alfredo,12.0,3.0,60.0,2023-06-20,Digital Wallet,Tuesday,20
ORD_566055,CUST_068,Starters,Sweet Potato Fries,5.0,1.0,5.0,2022-11-19,Credit Card,Saturday,12
ORD_135745,CUST_027,Main Dishes,Steak,20.0,5.0,100.0,2022-01-23,Credit Card,Sunday,10
ORD_627559,CUST_079,Side Dishes,Side Salad,3.0,3.0,9.0,2022-04-23,Digital Wallet,Saturday,13
ORD_856692,CUST_049,Main Dishes,Pasta Alfredo,12.0,1.0,12.0,2022-10-29,Digital Wallet,Saturday,14
ORD_349803,CUST_011,Main Dishes,Steak,20.0,4.0,80.0,2023-01-29,Digital Wallet,Sunday,12
ORD_131888,CUST_001,Drinks,Orange Juice,3.0,1.0,3.0,2022-04-05,Cash,Tuesday,17
ORD_450846,CUST_022,Main Dishes,Pasta Alfredo,12.0,4.0,48.0,2022-04-24,Credit Card,Sunday,12
ORD_897120,CUST_059,Desserts,Ice Cream,5.0,3.0,15.0,2023-11-03,Credit Card,Friday,17
ORD_301446,CUST_012,Side Dishes,Side Salad,3.0,1.0,3.0,2023-04-02,Credit Card,Sunday,13
ORD_480639,CUST_075,Desserts,Cheesecake,7.0,1.0,7.0,2023-02-27,Digital Wallet,Monday,16
ORD_957982,CUST_090,Main Dishes,Pasta Alfredo,12.0,5.0,60.0,2023-04-06,Cash,Thursday,13
ORD_124932,CUST_095,Starters,Chicken Melt,8.0,4.0,32.0,2022-11-30,Digital Wallet,Wednesday,13
ORD_217666,CUST_057,Side Dishes,Side Salad,3.0,1.0,3.0,2023-05-15,Cash,Monday,11
ORD_868727,CUST_100,Desserts,Ice Cream,5.0,3.0,15.0,2023-05-18,Cash,Thursday,15
ORD_574831,CUST_088,Main Dishes,Steak,20.0,5.0,100.0,2022-01-24,Credit Card,Monday,12
ORD_476418,CUST_010,Side Dishes,Garlic Bread,4.0,2.0,8.0,2023-08-17,Cash,Thursday,13
ORD_322810,CUST_011,Side Dishes,Garlic Bread,4.0,3.0,12.0,2022-06-12,Credit Card,Sunday,13
ORD_786993,CUST_081,Drinks,Coca Cola,2.5,5.0,12.5,2022-06-26,Digital Wallet,Sunday,14
ORD_300241,CUST_040,Starters,Chicken Melt,8.0,4.0,32.0,2023-07-29,Credit Card,Saturday,18
ORD_993793,CUST_090,Starters,Cheese Fries,5.0,5.0,25.0,2022-09-22,Credit Card,Thursday,14
ORD_807671,CUST_046,Side Dishes,Grilled Vegetables,5.0,5.0,25.0,2022-03-05,Digital Wallet,Saturday,13
ORD_463758,CUST_035,Side Dishes,Mashed Potatoes,4.0,4.0,16.0,2023-02-22,Cash,Wednesday,9
ORD_263877,CUST_069,Main Dishes,Steak,20.0,1.0,20.0,2023-01-25,Digital Wallet,Wednesday,14
ORD_542737,CUST_021,Desserts,Chocolate Cake,6.0,3.0,18.0,2023-01-09,Credit Card,Monday,13
ORD_877792,CUST_078,Drinks,Orange Juice,3.0,5.0,15.0,2023-07-23,Digital Wallet,Sunday,13
ORD_132493,CUST_011,Side Dishes,Mashed Potatoes,4.0,3.0,12.0,2022-02-03,Digital Wallet,Thursday,14
ORD_870320,CUST_016,Starters,Cheese Fries,5.0,5.0,25.0,2022-05-30,Digital Wallet,Monday,15
ORD_411845,CUST_044,Side Dishes,Garlic Bread,4.0,4.0,16.0,2022-10-10,Cash,Monday,17
ORD_374628,CUST_013,Side Dishes,Garlic Bread,4.0,3.0,12.0,2023-01-22,Digital Wallet,Sunday,14
ORD_865921,CUST_055,Side Dishes,Ice Cream,5.0,5.0,25.0,2023-11-01,Credit Card,Wednesday,21
ORD_654242,CUST_092,Side Dishes,Grilled Vegetables,5.0,4.0,20.0,2022-01-11,Credit Card,Tuesday,18
ORD_414740,CUST_040,Starters,French Fries,4.0,5.0,20.0,2022-06-29,Credit Card,Wednesday,19
ORD_796904,CUST_070,Starters,Chicken Melt,8.0,4.0,32.0,2022-10-28,Credit Card,Friday,9
ORD_313772,CUST_019,Side Dishes,Grilled Vegetables,5.0,1.0,5.0,2022-08-10,Credit Card,Wednesday,12
ORD_655664,CUST_042,Side Dishes,Mashed Potatoes,4.0,4.0,16.0,2022-05-21,Credit Card,Saturday,17
ORD_272488,CUST_018,Starters,Cheese Fries,5.0,3.0,15.0,2022-04-25,Digital Wallet,Monday,15
ORD_400330,CUST_010,Main Dishes,Salmon,18.0,5.0,90.0,2023-12-15,Digital Wallet,Friday,14
ORD_173598,CUST_065,Main Dishes,Steak,20.0,5.0,100.0,2022-04-01,Digital Wallet,Friday,11
ORD_819972,CUST_092,Drinks,Water,1.0,3.0,3.0,2022-06-22,Credit Card,Wednesday,19
ORD_852517,CUST_011,Starters,Sweet Potato Fries,5.0,5.0,25.0,2022-05-15,Digital Wallet,Sunday,15
ORD_290895,CUST_026,Side Dishes,Lemonade,3.0,5.0,15.0,2023-03-21,Digital Wallet,Tuesday,21
ORD_151370,CUST_092,Drinks,Lemonade,3.0,2.0,6.0,2022-07-08,Digital Wallet,Friday,20
ORD_964779,CUST_001,Desserts,Ice Cream,5.0,4.0,20.0,2022-06-25,Cash,Saturday,18
ORD_416902,CUST_061,Desserts,Cheesecake,7.0,3.0,21.0,2023-03-27,Credit Card,Monday,15
ORD_312037,CUST_020,Drinks,Orange Juice,3.0,3.0,6.0,2022-03-08,Cash,Tuesday,18
ORD_901526,CUST_020,Side Dishes,Grilled Vegetables,5.0,3.0,25.0,2023-12-09,Credit Card,Saturday,19
ORD_133714,CUST_078,Main Dishes,Pasta Alfredo,12.0,4.0,48.0,2023-04-01,Cash,Saturday,14
ORD_825918,CUST_043,Side Dishes,Grilled Vegetables,5.0,5.0,25.0,2023-06-25,Cash,Sunday,15
ORD_550012,CUST_081,Drinks,Water,1.0,4.0,4.0,2023-03-15,Credit Card,Wednesday,15
ORD_514112,CUST_051,Desserts,Chocolate Cake,6.0,2.0,12.0,2023-07-01,Cash,Saturday,13
ORD_974144,CUST_018,Desserts,Fruit Salad,4.0,4.0,16.0,2023-04-06,Cash,Thursday,16
ORD_990777,CUST_100,Drinks,Water,1.0,3.0,3.0,2022-03-24,Digital Wallet,Thursday,16
ORD_569335,CUST_094,Main Dishes,Pasta Alfredo,12.0,3.0,36.0,2022-03-01,Credit Card,Tuesday,9
ORD_118646,CUST_012,Main Dishes,Salmon,18.0,1.0,18.0,2023-09-25,Digital Wallet,Monday,14
ORD_595820,CUST_065,Desserts,Ice Cream,5.0,5.0,25.0,2022-12-17,Credit Card,Saturday,12
ORD_823123,CUST_073,Main Dishes,Steak,20.0,1.0,20.0,2023-08-08,Cash,Tuesday,16
ORD_493897,CUST_011,Starters,Chicken Melt,8.0,2.0,16.0,2023-09-17,Credit Card,Sunday,16
ORD_352710,CUST_032,Desserts,Chocolate Cake,6.0,4.0,24.0,2023-02-23,Cash,Thursday,12
ORD_524856,CUST_021,Drinks,Water,1.0,3.0,4.0,2023-12-08,Credit Card,Friday,14
ORD_613687,CUST_033,Starters,French Fries,4.0,2.0,8.0,2023-07-28,Credit Card,Friday,14
ORD_220088,CUST_089,Drinks,Orange Juice,3.0,1.0,3.0,2022-12-08,Cash,Thursday,17
ORD_399549,CUST_070,Starters,Sweet Potato Fries,5.0,3.0,15.0,2023-06-19,Credit Card,Monday,10
ORD_991582,CUST_073,Starters,Beef Chili,7.0,1.0,7.0,2023-01-17,Digital Wallet,Tuesday,17
ORD_528312,CUST_023,Desserts,Ice Cream,5.0,3.0,15.0,2023-01-17,Credit Card,Tuesday,14
ORD_371414,CUST_095,Drinks,Coca Cola,2.5,4.0,10.0,2023-10-19,Credit Card,Thursday,14
ORD_702367,CUST_003,Desserts,Fruit Salad,4.0,1.0,4.0,2023-03-14,Digital Wallet,Tuesday,17
ORD_221854,CUST_046,Drinks,Lemonade,3.0,4.0,12.0,2022-04-01,Cash,Friday,14
ORD_349710,CUST_066,Starters,French Fries,4.0,3.0,20.0,2023-12-31,Cash,Sunday,16
ORD_560993,CUST_031,Side Dishes,Mashed Potatoes,4.0,4.0,16.0,2023-04-11,Cash,Tuesday,13
ORD_204602,CUST_070,Drinks,Water,1.0,4.0,4.0,2022-08-08,Digital Wallet,Monday,11
ORD_564729,CUST_051,Starters,Nachos Grande,10.0,4.0,40.0,2022-11-28,Credit Card,Monday,14
ORD_122545,CUST_066,Side Dishes,Grilled Vegetables,5.0,1.0,5.0,2023-07-15,Cash,Saturday,17
ORD_796961,CUST_010,Main Dishes,Vegetarian Platter,14.0,3.0,42.0,2023-03-19,Digital Wallet,Sunday,15
ORD_505265,CUST_078,Starters,French Fries,4.0,5.0,20.0,2023-10-18,Cash,Wednesday,15
ORD_440799,CUST_066,Drinks,Coca Cola,2.5,5.0,12.5,2023-05-09,Cash,Tuesday,18
ORD_271815,CUST_096,Main Dishes,Vegetarian Platter,14.0,2.0,28.0,2022-06-08,Credit Card,Wednesday,15
ORD_431220,CUST_096,Desserts,Ice Cream,5.0,5.0,25.0,2023-01-08,Digital Wallet,Sunday,16
ORD_155944,CUST_073,Side Dishes,Onion Rings,5.0,3.0,15.0,2023-06-08,Digital Wallet,Thursday,18
ORD_939089,CUST_020,Desserts,Chocolate Cake,6.0,5.0,30.0,2023-01-01,Credit Card,Sunday,20
ORD_822385,CUST_036,Starters,Sweet Potato Fries,5.0,1.0,5.0,2022-05-27,Digital Wallet,Friday,18
ORD_203452,CUST_049,Side Dishes,Mashed Potatoes,4.0,5.0,20.0,2022-05-09,Digital Wallet,Monday,15
ORD_140824,CUST_064,Desserts,Ice Cream,5.0,2.0,10.0,2022-06-09,Digital Wallet,Thursday,12
ORD_571055,CUST_008,Side Dishes,Side Salad,3.0,5.0,15.0,2023-10-13,Cash,Friday,13
ORD_566789,CUST_016,Side Dishes,Mashed Potatoes,4.0,4.0,16.0,2022-11-27,Credit Card,Sunday,16
ORD_757231,CUST_066,Drinks,Lemonade,3.0,1.0,3.0,2023-06-26,Cash,Monday,19
ORD_485724,CUST_024,Drinks,Coca Cola,2.5,4.0,10.0,2022-06-08,Cash,Wednesday,13
ORD_252079,CUST_041,Starters,Sweet Potato Fries,5.0,3.0,15.0,2023-01-04,Cash,Wednesday,14
ORD_715442,CUST_062,Side Dishes,Mashed Potatoes,4.0,1.0,4.0,2022-10-20,Cash,Thursday,11
ORD_486525,CUST_050,Starters,Beef Chili,7.0,2.0,14.0,2022-05-26,Cash,Thursday,13
ORD_724853,CUST_007,Desserts,Chocolate Cake,6.0,5.0,30.0,2023-07-28,Cash,Friday,9
ORD_911482,CUST_027,Side Dishes,Side Salad,3.0,1.0,3.0,2023-10-09,Cash,Monday,11
ORD_763204,CUST_041,Main Dishes,Salmon,18.0,1.0,18.0,2022-07-16,Credit Card,Saturday,15
ORD_842711,CUST_035,Starters,Nachos Grande,10.0,2.0,20.0,2023-05-22,Cash,Monday,10
ORD_731185,CUST_006,Drinks,Lemonade,3.0,3.0,9.0,2022-05-14,Digital Wallet,Saturday,11
ORD_284944,CUST_038,Drinks,Lemonade,3.0,5.0,15.0,2022-03-20,Credit Card,Sunday,12
ORD_100301,CUST_067,Main Dishes,Pasta Alfredo,12.0,4.0,48.0,2022-02-24,Cash,Thursday,10
ORD_248901,CUST_046,Starters,French Fries,4.0,1.0,4.0,2023-05-20,Credit Card,Saturday,15
ORD_435002,CUST_014,Main Dishes,Vegetarian Platter,14.0,1.0,14.0,2023-04-12,Cash,Wednesday,16
ORD_919662,CUST_010,Drinks,Coca Cola,2.5,3.0,7.5,2022-05-02,Digital Wallet,Monday,16
ORD_813005,CUST_046,Drinks,Water,1.0,5.0,5.0,2022-05-18,Credit Card,Wednesday,16
ORD_502611,CUST_082,Main Dishes,Vegetarian Platter,14.0,3.0,42.0,2022-11-13,Digital Wallet,Sunday,17
ORD_999813,CUST_016,Drinks,Water,1.0,2.0,2.0,2022-06-09,Cash,Thursday,17
ORD_262864,CUST_081,Main Dishes,Pasta Alfredo,12.0,2.0,24.0,2022-12-30,Digital Wallet,Friday,16
ORD_262688,CUST_031,Side Dishes,Side Salad,3.0,4.0,12.0,2022-07-16,Cash,Saturday,14
ORD_471395,CUST_049,Drinks,Water,1.0,1.0,1.0,2023-11-22,Digital Wallet,Wednesday,16
ORD_247679,CUST_077,Side Dishes,Grilled Vegetables,5.0,2.0,10.0,2022-01-26,Credit Card,Wednesday,8
ORD_677928,CUST_043,Side Dishes,Onion Rings,5.0,3.0,15.0,2023-03-07,Digital Wallet,Tuesday,16
ORD_542662,CUST_019,Side Dishes,Garlic Bread,4.0,1.0,4.0,2022-06-09,Digital Wallet,Thursday,13
ORD_426305,CUST_029,Desserts,Brownie,6.0,3.0,18.0,2023-08-10,Cash,Thursday,9
ORD_804612,CUST_087,Side Dishes,Side Salad,3.0,2.0,6.0,2022-03-03,Cash,Thursday,16
ORD_792476,CUST_041,Side Dishes,Mashed Potatoes,4.0,4.0,16.0,2022-02-16,Digital Wallet,Wednesday,16
ORD_604831,CUST_009,Starters,Nachos Grande,10.0,2.0,20.0,2022-11-23,Cash,Wednesday,18
ORD_789327,CUST_028,Starters,Sweet Potato Fries,5.0,4.0,20.0,2023-05-07,Digital Wallet,Sunday,15
ORD_190111,CUST_036,Drinks,Coca Cola,2.5,1.0,2.5,2023-06-03,Digital Wallet,Saturday,19
ORD_924635,CUST_002,Main Dishes,Salmon,18.0,2.0,36.0,2022-08-09,Cash,Tuesday,8
ORD_401965,CUST_015,Desserts,Ice Cream,5.0,2.0,10.0,2023-05-31,Credit Card,Wednesday,14
ORD_904804,CUST_094,Starters,Sweet Potato Fries,5.0,5.0,25.0,2022-11-08,Credit Card,Tuesday,10
ORD_750957,CUST_061,Starters,French Fries,4.0,4.0,16.0,2022-03-22,Credit Card,Tuesday,16
ORD_546482,CUST_079,Side Dishes,Mashed Potatoes,4.0,3.0,12.0,2022-02-12,Cash,Saturday,14
ORD_684497,CUST_013,Drinks,Coca Cola,2.5,3.0,7.5,2022-01-09,Cash,Sunday,15
ORD_745242,CUST_046,Drinks,Coca Cola,2.5,2.0,5.0,2023-07-03,Digital Wallet,Monday,17
ORD_822014,CUST_085,Starters,Beef Chili,7.0,4.0,28.0,2023-02-12,Credit Card,Sunday,15
ORD_187243,CUST_085,Desserts,Ice Cream,5.0,3.0,10.0,2023-07-14,Digital Wallet,Friday,16
ORD_691781,CUST_064,Drinks,Lemonade,3.0,2.0,6.0,2022-07-16,Cash,Saturday,13
ORD_235817,CUST_022,Side Dishes,Side Salad,3.0,1.0,3.0,2023-08-12,Digital Wallet,Saturday,13
ORD_724517,CUST_076,Desserts,Cheesecake,7.0,1.0,7.0,2022-05-13,Credit Card,Friday,11
ORD_587799,CUST_039,Starters,Ice Cream,5.0,4.0,20.0,2023-12-07,Credit Card,Thursday,18
ORD_116035,CUST_027,Starters,Sweet Potato Fries,5.0,3.0,15.0,2022-08-08,Digital Wallet,Monday,12
ORD_723955,CUST_039,Side Dishes,Mashed Potatoes,4.0,3.0,16.0,2023-03-09,Credit Card,Thursday,19
ORD_639355,CUST_045,Main Dishes,Steak,20.0,1.0,20.0,2022-02-19,Digital Wallet,Saturday,15
ORD_490881,CUST_028,Starters,French Fries,4.0,2.0,8.0,2023-04-07,Cash,Friday,16
ORD_799469,CUST_057,Starters,Cheese Fries,5.0,4.0,20.0,2022-01-28,Cash,Friday,12
ORD_650585,CUST_014,Drinks,Orange Juice,3.0,3.0,9.0,2022-01-02,Digital Wallet,Sunday,17
ORD_922647,CUST_046,Main Dishes,Pasta Alfredo,12.0,1.0,12.0,2023-02-02,Digital Wallet,Thursday,18
ORD_954286,CUST_001,Main Dishes,Grilled Chicken,15.0,3.0,45.0,2022-10-07,Credit Card,Friday,19
ORD_641801,CUST_094,Starters,Chicken Melt,8.0,1.0,8.0,2023-09-25,Credit Card,Monday,11
ORD_926705,CUST_076,Main Dishes,Grilled Chicken,15.0,5.0,75.0,2022-02-06,Digital Wallet,Sunday,12
ORD_991027,CUST_050,Main Dishes,Vegetarian Platter,14.0,3.0,42.0,2022-06-30,Credit Card,Thursday,14
ORD_872421,CUST_043,Drinks,Coca Cola,2.5,4.0,10.0,2022-03-17,Digital Wallet,Thursday,17
ORD_459228,CUST_097,Starters,Chicken Melt,8.0,4.0,32.0,2023-09-07,Cash,Thursday,18
ORD_384770,CUST_035,Drinks,Water,1.0,5.0,5.0,2022-01-22,Digital Wallet,Saturday,11
ORD_829007,CUST_045,Drinks,Coca Cola,2.5,2.0,5.0,2023-03-30,Digital Wallet,Thursday,16
ORD_795024,CUST_011,Desserts,Brownie,6.0,5.0,30.0,2023-06-12,Credit Card,Monday,17
ORD_213997,CUST_100,Desserts,Ice Cream,5.0,1.0,5.0,2022-09-03,Credit Card,Saturday,17
ORD_233623,CUST_095,Side Dishes,Garlic Bread,4.0,3.0,12.0,2023-02-03,Digital Wallet,Friday,15
ORD_362535,CUST_063,Drinks,Water,1.0,2.0,2.0,2023-04-25,Digital Wallet,Tuesday,18
ORD_990341,CUST_017,Side Dishes,Onion Rings,5.0,3.0,15.0,2022-03-17,Credit Card,Thursday,19
ORD_442435,CUST_082,Main Dishes,Pasta Alfredo,12.0,1.0,12.0,2022-02-28,Digital Wallet,Monday,18
ORD_168778,CUST_077,Starters,French Fries,4.0,4.0,16.0,2023-06-17,Digital Wallet,Saturday,9
ORD_905248,CUST_027,Drinks,Iced Tea,2.5,3.0,7.5,2023-01-14,Digital Wallet,Saturday,13
ORD_327416,CUST_031,Drinks,Coca Cola,2.5,3.0,7.5,2022-06-15,Digital Wallet,Wednesday,15
ORD_580794,CUST_017,Starters,French Fries,4.0,3.0,12.0,2023-12-11,Credit Card,Monday,20
ORD_424322,CUST_055,Desserts,Ice Cream,5.0,4.0,20.0,2023-06-25,Cash,Sunday,22
ORD_715158,CUST_026,Desserts,Ice Cream,5.0,5.0,25.0,2022-11-01,Cash,Tuesday,22
ORD_276813,CUST_041,Main Dishes,Pasta Alfredo,12.0,5.0,60.0,2022-03-21,Cash,Monday,17
ORD_363348,CUST_086,Main Dishes,Pasta Alfredo,12.0,4.0,48.0,2022-01-21,Cash,Friday,18
ORD_461155,CUST_064,Side Dishes,Onion Rings,5.0,3.0,20.0,2022-10-28,Credit Card,Friday,14
ORD_154815,CUST_023,Drinks,Lemonade,3.0,2.0,6.0,2023-12-18,Cash,Monday,15
ORD_881226,CUST_072,Desserts,Chocolate Cake,6.0,3.0,18.0,2022-01-01,Digital Wallet,Saturday,13
ORD_515364,CUST_028,Main Dishes,Steak,20.0,1.0,20.0,2022-08-24,Digital Wallet,Wednesday,17
ORD_174975,CUST_073,Side Dishes,Mashed Potatoes,4.0,4.0,16.0,2022-10-30,Credit Card,Sunday,19
ORD_220866,CUST_088,Drinks,Water,1.0,3.0,3.0,2022-09-09,Cash,Friday,13
ORD_286110,CUST_050,Starters,French Fries,4.0,4.0,16.0,2023-04-26,Credit Card,Wednesday,15
ORD_643657,CUST_031,Main Dishes,Grilled Chicken,15.0,2.0,30.0,2023-12-02,Credit Card,Saturday,16
ORD_982748,CUST_007,Main Dishes,Salmon,18.0,2.0,36.0,2022-04-29,Credit Card,Friday,10
ORD_223184,CUST_032,Desserts,Beef Chili,7.0,4.0,28.0,2022-04-29,Credit Card,Friday,13
ORD_264306,CUST_096,Drinks,Lemonade,3.0,1.0,3.0,2022-05-17,Digital Wallet,Tuesday,17
ORD_412151,CUST_030,Desserts,Cheesecake,7.0,5.0,35.0,2023-08-31,Cash,Thursday,13
ORD_930984,CUST_074,Starters,Sweet Potato Fries,5.0,4.0,20.0,2022-05-27,Cash,Friday,12
ORD_122301,CUST_061,Side Dishes,Onion Rings,5.0,1.0,5.0,2022-06-04,Cash,Saturday,17
ORD_699749,CUST_048,Main Dishes,Vegetarian Platter,14.0,2.0,28.0,2022-08-20,Cash,Saturday,18
ORD_205391,CUST_013,Starters,Cheese Fries,5.0,2.0,10.0,2022-02-08,Cash,Tuesday,16
ORD_799489,CUST_018,Side Dishes,Ice Cream,5.0,1.0,5.0,2023-09-25,Credit Card,Monday,17
ORD_708136,CUST_032,Drinks,Lemonade,3.0,3.0,9.0,2022-06-09,Cash,Thursday,14
ORD_434064,CUST_048,Desserts,Fruit Salad,4.0,4.0,16.0,2023-08-23,Credit Card,Wednesday,19
ORD_673552,CUST_006,Side Dishes,Onion Rings,5.0,1.0,5.0,2022-03-27,Cash,Sunday,12
ORD_356169,CUST_095,Starters,Sweet Potato Fries,5.0,4.0,20.0,2022-03-27,Digital Wallet,Sunday,16
ORD_557773,CUST_020,Desserts,Chocolate Cake,6.0,3.0,18.0,2022-06-13,Cash,Monday,21
ORD_670742,CUST_083,Side Dishes,Mashed Potatoes,4.0,3.0,4.0,2022-09-17,Credit Card,Saturday,15
ORD_336627,CUST_078,Desserts,Ice Cream,5.0,2.0,10.0,2023-04-18,Cash,Tuesday,16
ORD_448927,CUST_027,Main Dishes,Pasta Alfredo,12.0,1.0,12.0,2023-12-31,Cash,Sunday,14
ORD_410990,CUST_030,Side Dishes,Mashed Potatoes,4.0,1.0,4.0,2022-03-08,Credit Card,Tuesday,14
ORD_241052,CUST_014,Starters,French Fries,4.0,1.0,4.0,2022-03-16,Credit Card,Wednesday,18
ORD_754381,CUST_010,Desserts,Ice Cream,5.0,3.0,15.0,2023-08-09,Credit Card,Wednesday,17
ORD_451537,CUST_029,Starters,French Fries,4.0,5.0,20.0,2023-03-21,Credit Card,Tuesday,10
ORD_690517,CUST_006,Main Dishes,Grilled Chicken,15.0,5.0,75.0,2023-08-22,Cash,Tuesday,13
ORD_940222,CUST_098,Desserts,Chocolate Cake,6.0,4.0,24.0,2023-12-31,Cash,Sunday,22
ORD_632621,CUST_015,Desserts,Ice Cream,5.0,1.0,5.0,2023-05-26,Digital Wallet,Friday,15
ORD_378531,CUST_016,Desserts,Fruit Salad,4.0,2.0,8.0,2022-04-20,Digital Wallet,Wednesday,18
ORD_442427,CUST_094,Main Dishes,Vegetarian Platter,14.0,1.0,14.0,2023-10-05,Cash,Thursday,12
ORD_866110,CUST_063,Starters,Cheese Fries,5.0,3.0,15.0,2023-06-16,Cash,Friday,19
ORD_872658,CUST_058,Main Dishes,Grilled Chicken,15.0,4.0,60.0,2023-10-09,Cash,Monday,13
ORD_896566,CUST_075,Starters,Chicken Melt,8.0,3.0,24.0,2022-03-13,Credit Card,Sunday,17
ORD_317370,CUST_084,Desserts,Ice Cream,5.0,3.0,10.0,2022-03-13,Digital Wallet,Sunday,16
ORD_641072,CUST_017,Drinks,Water,1.0,3.0,3.0,2022-11-28,Cash,Monday,21
ORD_620894,CUST_035,Side Dishes,Side Salad,3.0,5.0,15.0,2023-11-08,Digital Wallet,Wednesday,12
ORD_257895,CUST_088,Side Dishes,Mashed Potatoes,4.0,1.0,4.0,2022-05-06,Cash,Friday,14
ORD_613896,CUST_054,Side Dishes,Side Salad,3.0,3.0,12.0,2023-05-26,Cash,Friday,11
ORD_808702,CUST_051,Main Dishes,Steak,20.0,5.0,100.0,2022-03-12,Cash,Saturday,15
ORD_866951,CUST_017,Desserts,Fruit Salad,4.0,5.0,20.0,2022-02-23,Credit Card,Wednesday,22
ORD_639249,CUST_050,Main Dishes,Steak,20.0,5.0,100.0,2023-04-29,Cash,Saturday,16
ORD_102708,CUST_020,Main Dishes,Pasta Alfredo,12.0,5.0,60.0,2023-06-25,Cash,Sunday,22
ORD_729179,CUST_098,Main Dishes,Pasta Alfredo,12.0,2.0,24.0,2022-05-07,Credit Card,Saturday,23
ORD_822765,CUST_034,Drinks,Water,1.0,4.0,4.0,2023-03-03,Credit Card,Friday,13
ORD_516676,CUST_029,Side Dishes,Grilled Vegetables,5.0,1.0,5.0,2023-06-08,Cash,Thursday,11
ORD_987129,CUST_067,Side Dishes,Garlic Bread,4.0,4.0,16.0,2022-12-17,Cash,Saturday,11
ORD_843328,CUST_093,Main Dishes,Grilled Chicken,15.0,3.0,45.0,2023-03-06,Credit Card,Monday,14
ORD_383264,CUST_006,Starters,French Fries,4.0,3.0,12.0,2023-03-06,Credit Card,Monday,14
ORD_488885,CUST_058,Drinks,Coca Cola,2.5,5.0,12.5,2022-09-08,Cash,Thursday,14
ORD_633063,CUST_016,Starters,Cheese Fries,5.0,3.0,15.0,2023-12-29,Digital Wallet,Friday,19
ORD_794829,CUST_032,Starters,Sweet Potato Fries,5.0,1.0,5.0,2022-08-09,Cash,Tuesday,15
ORD_129611,CUST_004,Side Dishes,Grilled Vegetables,5.0,2.0,10.0,2022-02-21,Credit Card,Monday,19
ORD_238689,CUST_004,Desserts,Ice Cream,5.0,1.0,5.0,2023-06-28,Digital Wallet,Wednesday,20
ORD_676260,CUST_066,Drinks,Water,1.0,1.0,1.0,2023-10-29,Digital Wallet,Sunday,20
ORD_512959,CUST_041,Drinks,Water,1.0,4.0,4.0,2022-06-10,Digital Wallet,Friday,18
ORD_543045,CUST_004,Desserts,Ice Cream,5.0,4.0,20.0,2022-01-26,Cash,Wednesday,21
ORD_685814,CUST_018,Starters,Beef Chili,7.0,2.0,14.0,2022-11-29,Credit Card,Tuesday,18
ORD_108570,CUST_085,Main Dishes,Steak,20.0,2.0,40.0,2022-06-27,Digital Wallet,Monday,17
ORD_874832,CUST_060,Desserts,Ice Cream,5.0,2.0,10.0,2022-05-11,Digital Wallet,Wednesday,14
ORD_197339,CUST_075,Main Dishes,Pasta Alfredo,12.0,4.0,48.0,2022-03-09,Credit Card,Wednesday,18
ORD_278756,CUST_051,Starters,Chicken Melt,8.0,4.0,32.0,2022-10-09,Credit Card,Sunday,16
ORD_628247,CUST_010,Drinks,Coca Cola,2.5,5.0,12.5,2022-12-04,Credit Card,Sunday,18
ORD_947131,CUST_075,Desserts,French Fries,4.0,5.0,20.0,2023-02-05,Cash,Sunday,19
ORD_244576,CUST_030,Starters,French Fries,4.0,1.0,4.0,2023-09-12,Digital Wallet,Tuesday,15
ORD_299059,CUST_087,Starters,Chicken Melt,8.0,1.0,8.0,2023-04-04,Credit Card,Tuesday,17
ORD_909273,CUST_012,Main Dishes,Salmon,18.0,2.0,36.0,2023-03-21,Credit Card,Tuesday,15
ORD_529985,CUST_049,Starters,French Fries,4.0,5.0,20.0,2022-08-29,Cash,Monday,17
ORD_199442,CUST_091,Desserts,Chocolate Cake,6.0,5.0,30.0,2023-05-01,Cash,Monday,13
ORD_225360,CUST_034,Main Dishes,Steak,20.0,3.0,60.0,2023-09-22,Cash,Friday,14
ORD_562392,CUST_007,Starters,French Fries,4.0,3.0,12.0,2022-01-17,Cash,Monday,11
ORD_162849,CUST_090,Starters,Cheese Fries,5.0,4.0,20.0,2022-11-24,Credit Card,Thursday,15
ORD_897063,CUST_031,Drinks,Lemonade,3.0,2.0,6.0,2022-12-30,Digital Wallet,Friday,17
ORD_282353,CUST_051,Drinks,Iced Tea,2.5,2.0,5.0,2023-12-10,Digital Wallet,Sunday,17
ORD_791101,CUST_082,Main Dishes,Grilled Chicken,15.0,3.0,45.0,2022-08-09,Credit Card,Tuesday,19
ORD_629680,CUST_022,Starters,Chicken Melt,8.0,2.0,16.0,2022-03-05,Digital Wallet,Saturday,14
ORD_220503,CUST_030,Desserts,Fruit Salad,4.0,1.0,4.0,2023-11-07,Cash,Tuesday,16
ORD_221071,CUST_051,Drinks,Water,1.0,3.0,3.0,2023-12-12,Cash,Tuesday,18
ORD_776576,CUST_036,Main Dishes,Pasta Alfredo,12.0,3.0,36.0,2022-07-17,Credit Card,Sunday,20
ORD_214503,CUST_033,Main Dishes,Pasta Alfredo,12.0,5.0,60.0,2022-01-15,Cash,Saturday,15
ORD_126199,CUST_002,Side Dishes,Onion Rings,5.0,1.0,5.0,2022-06-01,Cash,Wednesday,9
ORD_231448,CUST_023,Side Dishes,Mashed Potatoes,4.0,5.0,20.0,2022-03-12,Credit Card,Saturday,16
ORD_447998,CUST_023,Desserts,Cheesecake,7.0,2.0,14.0,2022-04-21,Credit Card,Thursday,17
ORD_240476,CUST_029,Main Dishes,Vegetarian Platter,14.0,5.0,70.0,2023-05-30,Credit Card,Tuesday,12
ORD_133568,CUST_057,Desserts,Fruit Salad,4.0,5.0,20.0,2022-09-21,Cash,Wednesday,13
ORD_678480,CUST_034,Main Dishes,Pasta Alfredo,12.0,1.0,12.0,2022-05-22,Credit Card,Sunday,15
ORD_735921,CUST_046,Main Dishes,Grilled Chicken,15.0,2.0,30.0,2022-04-16,Digital Wallet,Saturday,19
ORD_240890,CUST_015,Side Dishes,Grilled Vegetables,5.0,4.0,20.0,2022-09-17,Cash,Saturday,16
ORD_109775,CUST_100,Desserts,Chocolate Cake,6.0,4.0,24.0,2022-12-15,Cash,Thursday,18
ORD_162788,CUST_034,Desserts,Chocolate Cake,6.0,3.0,18.0,2023-06-11,Credit Card,Sunday,16
ORD_169018,CUST_077,Main Dishes,Pasta Alfredo,12.0,3.0,36.0,2022-07-16,Credit Card,Saturday,10
ORD_731830,CUST_063,Desserts,Chocolate Cake,6.0,2.0,12.0,2023-02-08,Cash,Wednesday,20
ORD_699461,CUST_054,Main Dishes,Grilled Chicken,15.0,4.0,60.0,2023-12-23,Digital Wallet,Saturday,12
ORD_529457,CUST_056,Starters,French Fries,4.0,4.0,16.0,2023-02-16,Credit Card,Thursday,16
ORD_274755,CUST_024,Main Dishes,Pasta Alfredo,12.0,3.0,36.0,2023-05-10,Credit Card,Wednesday,14
ORD_135226,CUST_001,Desserts,Ice Cream,5.0,4.0,20.0,2023-07-30,Credit Card,Sunday,20
ORD_559320,CUST_076,Main Dishes,Pasta Alfredo,12.0,4.0,48.0,2022-02-24,Digital Wallet,Thursday,13
ORD_446664,CUST_006,Main Dishes,Salmon,18.0,3.0,54.0,2022-07-12,Cash,Tuesday,15
ORD_859982,CUST_065,Drinks,Lemonade,3.0,4.0,12.0,2022-04-20,Cash,Wednesday,13
ORD_396448,CUST_074,Drinks,Water,1.0,2.0,2.0,2023-11-22,Credit Card,Wednesday,13
ORD_161088,CUST_092,Side Dishes,Side Salad,3.0,3.0,9.0,2022-02-11,Digital Wallet,Friday,21
ORD_580428,CUST_016,Side Dishes,Grilled Vegetables,5.0,2.0,10.0,2022-03-04,Cash,Friday,20
ORD_840497,CUST_067,Desserts,Chocolate Cake,6.0,2.0,12.0,2023-05-28,Cash,Sunday,12
ORD_281872,CUST_028,Starters,Beef Chili,7.0,4.0,28.0,2023-05-09,Credit Card,Tuesday,18
ORD_584572,CUST_069,Drinks,Water,1.0,1.0,1.0,2022-01-16,Digital Wallet,Sunday,15
ORD_409538,CUST_039,Drinks,Water,1.0,1.0,1.0,2023-04-10,Digital Wallet,Monday,20
ORD_271586,CUST_067,Desserts,Chocolate Cake,6.0,5.0,30.0,2023-07-02,Digital Wallet,Sunday,13
ORD_982327,CUST_034,Main Dishes,Pasta Alfredo,12.0,3.0,36.0,2022-01-17,Cash,Monday,17
ORD_134240,CUST_083,Desserts,Brownie,6.0,1.0,6.0,2022-10-05,Digital Wallet,Wednesday,16
ORD_616721,CUST_017,Starters,Beef Chili,7.0,5.0,35.0,2023-08-13,Digital Wallet,Sunday,23
ORD_618792,CUST_099,Desserts,Fruit Salad,4.0,3.0,12.0,2022-07-16,Cash,Saturday,10
ORD_113473,CUST_008,Main Dishes,Grilled Chicken,15.0,3.0,45.0,2022-03-22,Digital Wallet,Tuesday,14
ORD_849928,CUST_007,Main Dishes,Pasta Alfredo,12.0,1.0,12.0,2023-09-17,Digital Wallet,Sunday,12
ORD_659036,CUST_040,Drinks,Water,1.0,1.0,1.0,2023-03-21,Credit Card,Tuesday,20
ORD_171801,CUST_083,Desserts,Brownie,6.0,3.0,18.0,2023-08-06,Cash,Sunday,17
ORD_196563,CUST_098,Main Dishes,Grilled Chicken,15.0,5.0,75.0,2023-05-20,Digital Wallet,Saturday,24
ORD_480100,CUST_047,Drinks,Coca Cola,2.5,4.0,10.0,2022-02-25,Digital Wallet,Friday,11
ORD_609382,CUST_068,Main Dishes,Pasta Alfredo,12.0,5.0,60.0,2022-09-20,Digital Wallet,Tuesday,13
ORD_373074,CUST_098,Desserts,Chocolate Cake,6.0,2.0,12.0,2023-05-15,Digital Wallet,Monday,25
ORD_981977,CUST_038,Drinks,Orange Juice,3.0,1.0,3.0,2022-02-27,Cash,Sunday,13
ORD_772875,CUST_096,Main Dishes,Grilled Chicken,15.0,3.0,45.0,2022-08-19,Cash,Friday,18
ORD_420151,CUST_016,Drinks,Lemonade,3.0,3.0,9.0,2023-02-26,Credit Card,Sunday,21
ORD_275110,CUST_021,Side Dishes,Side Salad,3.0,3.0,9.0,2023-02-24,Digital Wallet,Friday,15
ORD_142107,CUST_096,Drinks,Coca Cola,2.5,4.0,10.0,2023-08-10,Digital Wallet,Thursday,19
ORD_310849,CUST_035,Main Dishes,Pasta Alfredo,12.0,3.0,60.0,2023-09-06,Cash,Wednesday,13
ORD_489878,CUST_079,Drinks,Coca Cola,2.5,4.0,10.0,2023-01-04,Credit Card,Wednesday,15
ORD_811603,CUST_056,Desserts,Chocolate Cake,6.0,1.0,6.0,2023-01-13,Cash,Friday,17
ORD_307953,CUST_005,Drinks,Water,1.0,1.0,1.0,2022-12-30,Digital Wallet,Friday,20
ORD_936336,CUST_088,Side Dishes,Grilled Vegetables,5.0,1.0,5.0,2022-04-25,Credit Card,Monday,15
ORD_278260,CUST_065,Side Dishes,Lemonade,3.0,2.0,6.0,2023-12-01,Credit Card,Friday,14
ORD_298925,CUST_081,Starters,Beef Chili,7.0,3.0,35.0,2023-10-31,Digital Wallet,Tuesday,17
ORD_950314,CUST_040,Side Dishes,Mashed Potatoes,4.0,2.0,8.0,2023-11-14,Credit Card,Tuesday,21
ORD_668267,CUST_028,Main Dishes,Steak,20.0,3.0,60.0,2023-06-30,Digital Wallet,Friday,19
ORD_326544,CUST_037,Desserts,Beef Chili,7.0,3.0,21.0,2023-01-17,Credit Card,Tuesday,20
ORD_953059,CUST_009,Starters,Cheese Fries,5.0,4.0,20.0,2023-01-29,Credit Card,Sunday,19
ORD_987509,CUST_024,Main Dishes,Pasta Alfredo,12.0,3.0,24.0,2023-10-15,Cash,Sunday,15
ORD_446172,CUST_021,Drinks,Water,1.0,5.0,5.0,2023-06-25,Credit Card,Sunday,16
ORD_544724,CUST_043,Drinks,Lemonade,3.0,4.0,12.0,2022-09-30,Cash,Friday,18
ORD_749482,CUST_017,Drinks,Iced Tea,2.5,4.0,10.0,2023-08-21,Digital Wallet,Monday,24
ORD_202166,CUST_004,Starters,Nachos Grande,10.0,3.0,30.0,2022-10-25,Digital Wallet,Tuesday,22
ORD_113410,CUST_076,Starters,French Fries,4.0,4.0,16.0,2022-12-29,Credit Card,Thursday,14
ORD_403124,CUST_040,Drinks,Water,1.0,5.0,5.0,2023-03-05,Digital Wallet,Sunday,22
ORD_708908,CUST_062,Main Dishes,Steak,20.0,1.0,20.0,2022-04-06,Digital Wallet,Wednesday,12
ORD_992232,CUST_046,Desserts,Ice Cream,5.0,2.0,10.0,2022-06-09,Credit Card,Thursday,20
ORD_411361,CUST_080,Desserts,Fruit Salad,4.0,4.0,16.0,2023-11-25,Credit Card,Saturday,14
ORD_273000,CUST_040,Side Dishes,Grilled Vegetables,5.0,1.0,5.0,2023-04-29,Cash,Saturday,23
ORD_724494,CUST_068,Drinks,Water,1.0,5.0,5.0,2023-08-26,Cash,Saturday,14
ORD_339034,CUST_095,Drinks,Coca Cola,2.5,1.0,2.5,2023-08-17,Credit Card,Thursday,17
ORD_938370,CUST_042,Desserts,Brownie,6.0,5.0,30.0,2022-09-16,Cash,Friday,18
ORD_592521,CUST_093,Desserts,Ice Cream,5.0,5.0,25.0,2022-10-05,Digital Wallet,Wednesday,15
ORD_191165,CUST_029,Starters,Nachos Grande,10.0,1.0,10.0,2023-09-03,Cash,Sunday,13
ORD_926929,CUST_015,Starters,Beef Chili,7.0,2.0,14.0,2022-03-30,Cash,Wednesday,17
ORD_398835,CUST_027,Starters,Sweet Potato Fries,5.0,1.0,5.0,2022-05-06,Credit Card,Friday,15
ORD_568626,CUST_077,Main Dishes,Grilled Chicken,15.0,3.0,45.0,2022-05-10,Digital Wallet,Tuesday,11
ORD_902589,CUST_023,Drinks,Lemonade,3.0,3.0,9.0,2023-09-25,Digital Wallet,Monday,18
ORD_285888,CUST_001,Desserts,Fruit Salad,4.0,2.0,8.0,2023-02-22,Credit Card,Wednesday,21
ORD_598140,CUST_088,Desserts,Brownie,6.0,4.0,24.0,2022-11-22,Credit Card,Tuesday,16
ORD_380214,CUST_088,Desserts,Ice Cream,5.0,3.0,15.0,2023-06-22,Cash,Thursday,17
ORD_765222,CUST_051,Side Dishes,Lemonade,3.0,2.0,6.0,2022-03-01,Digital Wallet,Tuesday,19
ORD_451966,CUST_059,Drinks,Iced Tea,2.5,5.0,12.5,2022-04-01,Cash,Friday,18
ORD_896375,CUST_069,Main Dishes,Vegetarian Platter,14.0,4.0,56.0,2023-09-17,Cash,Sunday,16
ORD_634759,CUST_099,Drinks,Water,1.0,5.0,5.0,2023-01-15,Credit Card,Sunday,11
ORD_811896,CUST_016,Main Dishes,Vegetarian Platter,14.0,3.0,28.0,2023-01-05,Cash,Thursday,22
ORD_933275,CUST_012,Starters,French Fries,4.0,1.0,4.0,2023-04-28,Cash,Friday,16
ORD_654814,CUST_039,Drinks,Coca Cola,2.5,5.0,12.5,2022-12-04,Digital Wallet,Sunday,21
ORD_241095,CUST_090,Drinks,Coca Cola,2.5,2.0,5.0,2022-12-02,Cash,Friday,16
ORD_343058,CUST_034,Side Dishes,Onion Rings,5.0,5.0,25.0,2022-01-24,Credit Card,Monday,18
ORD_309075,CUST_025,Side Dishes,Grilled Vegetables,5.0,2.0,10.0,2023-07-11,Cash,Tuesday,17
ORD_593713,CUST_043,Drinks,Water,1.0,3.0,2.0,2023-07-11,Credit Card,Tuesday,19
ORD_222281,CUST_087,Desserts,Ice Cream,5.0,2.0,10.0,2022-03-27,Credit Card,Sunday,18
ORD_925747,CUST_100,Main Dishes,Pasta Alfredo,12.0,4.0,48.0,2023-01-11,Digital Wallet,Wednesday,19
ORD_730135,CUST_086,Side Dishes,Side Salad,3.0,4.0,12.0,2022-01-26,Credit Card,Wednesday,19
ORD_138863,CUST_093,Desserts,Ice Cream,5.0,2.0,10.0,2022-03-10,Digital Wallet,Thursday,16
ORD_921844,CUST_003,Drinks,Orange Juice,3.0,1.0,3.0,2023-07-31,Credit Card,Monday,18
ORD_460969,CUST_010,Starters,Chicken Melt,8.0,3.0,24.0,2022-12-29,Cash,Thursday,19
ORD_628259,CUST_039,Side Dishes,Mashed Potatoes,4.0,3.0,12.0,2023-03-24,Credit Card,Friday,22
ORD_775956,CUST_075,Main Dishes,Pasta Alfredo,12.0,3.0,36.0,2022-02-12,Cash,Saturday,20
ORD_427480,CUST_052,Starters,Cheese Fries,5.0,1.0,5.0,2023-02-28,Cash,Tuesday,8
ORD_435621,CUST_082,Starters,Beef Chili,7.0,3.0,21.0,2023-09-21,Digital Wallet,Thursday,20
ORD_422549,CUST_003,Starters,Beef Chili,7.0,4.0,28.0,2022-11-24,Digital Wallet,Thursday,19
ORD_387050,CUST_072,Main Dishes,Vegetarian Platter,14.0,2.0,28.0,2023-12-15,Cash,Friday,14
ORD_131478,CUST_054,Side Dishes,Side Salad,3.0,2.0,6.0,2023-03-05,Digital Wallet,Sunday,13
ORD_536504,CUST_085,Desserts,Brownie,6.0,3.0,12.0,2023-03-26,Cash,Sunday,18
ORD_835088,CUST_040,Starters,French Fries,4.0,2.0,8.0,2022-09-17,Cash,Saturday,24
ORD_541707,CUST_058,Main Dishes,Salmon,18.0,3.0,54.0,2022-10-23,Cash,Sunday,15
ORD_393521,CUST_010,Desserts,Ice Cream,5.0,2.0,10.0,2022-03-26,Cash,Saturday,20
ORD_735364,CUST_100,Main Dishes,Pasta Alfredo,12.0,5.0,60.0,2023-07-16,Digital Wallet,Sunday,20
ORD_247832,CUST_037,Drinks,Iced Tea,2.5,1.0,2.5,2022-06-06,Credit Card,Monday,21
ORD_709072,CUST_007,Main Dishes,Pasta Alfredo,12.0,3.0,36.0,2023-03-06,Cash,Monday,13
ORD_932650,CUST_029,Starters,Cheese Fries,5.0,3.0,15.0,2023-08-02,Cash,Wednesday,14
ORD_723265,CUST_039,Starters,French Fries,4.0,2.0,8.0,2022-02-13,Digital Wallet,Sunday,23
ORD_678061,CUST_059,Desserts,Chocolate Cake,6.0,5.0,30.0,2023-05-08,Cash,Monday,19
ORD_425488,CUST_036,Starters,French Fries,4.0,5.0,20.0,2023-03-19,Cash,Sunday,21
ORD_504958,CUST_060,Main Dishes,Steak,20.0,5.0,100.0,2023-01-18,Digital Wallet,Wednesday,15
ORD_310357,CUST_031,Main Dishes,Grilled Chicken,15.0,1.0,15.0,2023-08-17,Cash,Thursday,18
ORD_987728,CUST_023,Desserts,Chocolate Cake,6.0,4.0,24.0,2023-07-29,Cash,Saturday,19
ORD_115174,CUST_096,Desserts,Brownie,6.0,3.0,18.0,2022-01-17,Cash,Monday,20
ORD_972222,CUST_042,Main Dishes,Pasta Alfredo,12.0,3.0,36.0,2023-03-22,Digital Wallet,Wednesday,19
ORD_850187,CUST_095,Side Dishes,Garlic Bread,4.0,2.0,8.0,2023-05-18,Credit Card,Thursday,18
ORD_299959,CUST_027,Main Dishes,Salmon,18.0,2.0,36.0,2022-07-17,Cash,Sunday,16
ORD_583763,CUST_098,Drinks,Orange Juice,3.0,4.0,12.0,2023-04-01,Digital Wallet,Saturday,26
ORD_303788,CUST_065,Main Dishes,Steak,20.0,2.0,40.0,2023-02-21,Digital Wallet,Tuesday,15
ORD_952148,CUST_016,Starters,Cheese Fries,5.0,3.0,20.0,2023-06-19,Credit Card,Monday,23
ORD_172108,CUST_053,Main Dishes,Salmon,18.0,2.0,36.0,2022-11-13,Cash,Sunday,10
ORD_361591,CUST_010,Starters,Ice Cream,5.0,2.0,10.0,2022-03-31,Digital Wallet,Thursday,21
ORD_998793,CUST_001,Side Dishes,Garlic Bread,4.0,1.0,4.0,2022-05-06,Cash,Friday,22
ORD_703518,CUST_070,Desserts,Chocolate Cake,6.0,2.0,12.0,2022-08-17,Cash,Wednesday,12
ORD_824194,CUST_060,Main Dishes,Pasta Alfredo,12.0,5.0,60.0,2022-11-02,Credit Card,Wednesday,16
ORD_160602,CUST_056,Starters,French Fries,4.0,3.0,12.0,2022-06-27,Digital Wallet,Monday,18
ORD_535939,CUST_085,Starters,French Fries,4.0,2.0,8.0,2022-10-16,Digital Wallet,Sunday,19
ORD_938588,CUST_004,Main Dishes,Pasta Alfredo,12.0,5.0,60.0,2022-03-01,Digital Wallet,Tuesday,23
ORD_440471,CUST_053,Desserts,Fruit Salad,4.0,1.0,4.0,2023-03-26,Cash,Sunday,11
ORD_561253,CUST_062,Starters,Sweet Potato Fries,5.0,5.0,25.0,2022-11-17,Digital Wallet,Thursday,13
ORD_841330,CUST_074,Side Dishes,Mashed Potatoes,4.0,4.0,16.0,2022-11-11,Credit Card,Friday,14
ORD_835005,CUST_011,Desserts,Chocolate Cake,6.0,1.0,6.0,2023-01-12,Cash,Thursday,18
ORD_460538,CUST_055,Starters,French Fries,4.0,2.0,8.0,2022-07-12,Credit Card,Tuesday,23
ORD_178931,CUST_052,Main  Dishes,Pasta Alfredo,12.0,4.0,48.0,2022-10-05,Credit Card,Wednesday,9
ORD_166513,CUST_016,Side Dishes,Side Salad,3.0,1.0,3.0,2022-03-20,Cash,Sunday,24
ORD_493344,CUST_090,Starters,Beef Chili,7.0,5.0,35.0,2023-07-10,Credit Card,Monday,17
ORD_994202,CUST_093,Drinks,Water,1.0,5.0,5.0,2023-07-21,Credit Card,Friday,17
ORD_759014,CUST_038,Starters,Chicken Melt,8.0,3.0,24.0,2022-12-05,Credit Card,Monday,14
ORD_701344,CUST_063,Main Dishes,Grilled Chicken,15.0,3.0,45.0,2023-03-08,Digital Wallet,Wednesday,21
ORD_704656,CUST_002,Starters,Sweet Potato Fries,5.0,3.0,15.0,2022-06-30,Digital Wallet,Thursday,10
ORD_878598,CUST_022,Starters,French Fries,4.0,1.0,4.0,2023-12-16,Cash,Saturday,15
ORD_726702,CUST_036,Side Dishes,Side Salad,3.0,5.0,15.0,2023-11-26,Credit Card,Sunday,22
ORD_740115,CUST_065,Main Dishes,Grilled Chicken,15.0,2.0,30.0,2023-10-31,Credit Card,Tuesday,16
ORD_301888,CUST_052,Main Dishes,Salmon,18.0,2.0,36.0,2022-07-18,Cash,Monday,10
ORD_781096,CUST_050,Main Dishes,Salmon,18.0,2.0,36.0,2023-01-03,Cash,Tuesday,17
ORD_218645,CUST_018,Drinks,Water,1.0,5.0,5.0,2022-09-02,Digital Wallet,Friday,19
ORD_543930,CUST_074,Side Dishes,Garlic Bread,4.0,2.0,8.0,2023-11-14,Credit Card,Tuesday,15
ORD_308902,CUST_010,Side Dishes,Grilled Vegetables,5.0,2.0,10.0,2023-05-17,Credit Card,Wednesday,22
ORD_623808,CUST_083,Side Dishes,Mashed Potatoes,4.0,4.0,16.0,2023-07-25,Credit Card,Tuesday,18
ORD_485874,CUST_043,Main Dishes,Salmon,18.0,5.0,90.0,2023-07-29,Credit Card,Saturday,20
ORD_514447,CUST_058,Desserts,Chocolate Cake,6.0,2.0,12.0,2022-06-29,Credit Card,Wednesday,16
ORD_791950,CUST_096,Main Dishes,Grilled Chicken,15.0,3.0,45.0,2023-09-07,Digital Wallet,Thursday,21
ORD_820401,CUST_048,Main Dishes,Salmon,18.0,3.0,36.0,2023-04-30,Digital Wallet,Sunday,20
ORD_383193,CUST_087,Drinks,Water,1.0,3.0,3.0,2022-06-24,Credit Card,Friday,19
ORD_370488,CUST_089,Main Dishes,Steak,20.0,3.0,60.0,2023-08-13,Credit Card,Sunday,18
ORD_221149,CUST_004,Main Dishes,Grilled Chicken,15.0,1.0,15.0,2023-08-15,Digital Wallet,Tuesday,24
ORD_374663,CUST_083,Desserts,Fruit Salad,4.0,4.0,16.0,2022-12-15,Digital Wallet,Thursday,19
ORD_628021,CUST_021,Side Dishes,Side Salad,3.0,2.0,6.0,2023-05-19,Digital Wallet,Friday,17
ORD_205522,CUST_053,Desserts,Chocolate Cake,6.0,5.0,30.0,2023-10-30,Credit Card,Monday,12
ORD_323991,CUST_013,Side Dishes,Onion Rings,5.0,3.0,15.0,2022-05-27,Cash,Friday,17
ORD_799978,CUST_006,Main Dishes,Vegetarian Platter,14.0,2.0,28.0,2023-03-28,Credit Card,Tuesday,16
ORD_849629,CUST_068,Desserts,Ice Cream,5.0,5.0,25.0,2023-05-19,Cash,Friday,15
ORD_787292,CUST_026,Side Dishes,Mashed Potatoes,4.0,5.0,20.0,2023-08-05,Cash,Saturday,23
ORD_764043,CUST_011,Desserts,Ice Cream,5.0,1.0,5.0,2023-11-08,Credit Card,Wednesday,19
ORD_316403,CUST_032,Drinks,Iced Tea,2.5,3.0,7.5,2022-07-25,Cash,Monday,16
ORD_659542,CUST_094,Main Dishes,Pasta Alfredo,12.0,3.0,36.0,2022-10-21,Cash,Friday,13
ORD_246263,CUST_041,Desserts,Chocolate Cake,6.0,3.0,18.0,2022-11-22,Credit Card,Tuesday,19
ORD_262865,CUST_018,Starters,Chicken Melt,8.0,3.0,24.0,2022-03-19,Cash,Saturday,20
ORD_521905,CUST_028,Starters,Nachos Grande,10.0,1.0,10.0,2023-07-28,Cash,Friday,20
ORD_345937,CUST_001,Main Dishes,Pasta Alfredo,12.0,3.0,36.0,2023-02-21,Cash,Tuesday,23
ORD_417081,CUST_038,Side Dishes,French Fries,4.0,4.0,16.0,2022-05-18,Digital Wallet,Wednesday,15
ORD_143745,CUST_078,Side Dishes,Grilled Vegetables,5.0,3.0,15.0,2022-03-10,Digital Wallet,Thursday,17
ORD_624241,CUST_066,Main Dishes,Vegetarian Platter,14.0,2.0,28.0,2023-02-05,Credit Card,Sunday,21
ORD_954861,CUST_015,Starters,Cheese Fries,5.0,2.0,10.0,2022-04-07,Cash,Thursday,18
ORD_865794,CUST_078,Desserts,Ice Cream,5.0,2.0,10.0,2022-03-04,Credit Card,Friday,18
ORD_261018,CUST_040,Starters,Cheese Fries,5.0,3.0,15.0,2022-11-30,Cash,Wednesday,25
ORD_657651,CUST_066,Side Dishes,Mashed Potatoes,4.0,5.0,20.0,2023-10-09,Digital Wallet,Monday,22
ORD_501773,CUST_091,Side Dishes,Grilled Vegetables,5.0,4.0,20.0,2023-07-10,Cash,Monday,14
ORD_883299,CUST_017,Desserts,Chocolate Cake,6.0,3.0,18.0,2022-03-05,Cash,Saturday,25
ORD_982351,CUST_073,Starters,Sweet Potato Fries,5.0,4.0,20.0,2022-02-26,Credit Card,Saturday,20
ORD_622533,CUST_064,Desserts,Cheesecake,7.0,3.0,21.0,2022-01-22,Cash,Saturday,15
ORD_447049,CUST_098,Side Dishes,Side Salad,3.0,3.0,9.0,2022-10-20,Cash,Thursday,27
ORD_163683,CUST_023,Desserts,Brownie,6.0,2.0,12.0,2023-10-11,Cash,Wednesday,20
ORD_252814,CUST_056,Desserts,Ice Cream,5.0,5.0,25.0,2023-07-10,Credit Card,Monday,19
ORD_349211,CUST_045,Desserts,Ice Cream,5.0,5.0,25.0,2023-11-17,Cash,Friday,17
ORD_582540,CUST_083,Main Dishes,Steak,20.0,4.0,80.0,2022-11-04,Credit Card,Friday,20
ORD_207654,CUST_056,Side Dishes,Grilled Vegetables,5.0,1.0,5.0,2023-10-07,Digital Wallet,Saturday,20
ORD_828766,CUST_058,Drinks,Water,1.0,3.0,3.0,2022-08-28,Cash,Sunday,17
ORD_612772,CUST_072,Side Dishes,Side Salad,3.0,1.0,3.0,2022-01-14,Digital Wallet,Friday,15
ORD_810379,CUST_066,Desserts,Ice Cream,5.0,3.0,15.0,2022-12-24,Digital Wallet,Saturday,23
ORD_602698,CUST_097,Main Dishes,Steak,20.0,3.0,20.0,2022-02-24,Digital Wallet,Thursday,19
ORD_951881,CUST_043,Starters,French Fries,4.0,4.0,16.0,2022-04-02,Digital Wallet,Saturday,21
ORD_205336,CUST_055,Side Dishes,Side Salad,3.0,4.0,12.0,2022-04-10,Digital Wallet,Sunday,24
ORD_656055,CUST_056,Drinks,Lemonade,3.0,3.0,12.0,2023-08-19,Credit Card,Saturday,21
ORD_152578,CUST_044,Starters,French Fries,4.0,3.0,12.0,2023-05-15,Digital Wallet,Monday,18
ORD_180159,CUST_058,Starters,Beef Chili,7.0,4.0,28.0,2023-08-22,Credit Card,Tuesday,18
ORD_564644,CUST_052,Starters,Nachos Grande,10.0,4.0,40.0,2023-10-10,Digital Wallet,Tuesday,11
ORD_605217,CUST_059,Starters,French Fries,4.0,2.0,8.0,2023-12-01,Digital Wallet,Friday,20
ORD_844645,CUST_027,Starters,Nachos Grande,10.0,5.0,50.0,2022-04-15,Credit Card,Friday,17
ORD_933993,CUST_085,Drinks,Orange Juice,3.0,3.0,9.0,2023-09-29,Digital Wallet,Friday,20
ORD_712299,CUST_007,Main Dishes,Pasta Alfredo,12.0,1.0,12.0,2022-08-19,Cash,Friday,14
ORD_344061,CUST_052,Main Dishes,Pasta Alfredo,12.0,2.0,24.0,2022-05-05,Digital Wallet,Thursday,12
ORD_699369,CUST_038,Main Dishes,Grilled Chicken,15.0,3.0,45.0,2022-03-26,Digital Wallet,Saturday,16
ORD_774895,CUST_068,Desserts,Ice Cream,5.0,5.0,25.0,2023-06-06,Cash,Tuesday,16
ORD_322835,CUST_012,Drinks,Orange Juice,3.0,1.0,3.0,2023-06-06,Cash,Tuesday,17
ORD_435404,CUST_013,Starters,Cheese Fries,5.0,1.0,5.0,2023-08-24,Digital Wallet,Thursday,18
ORD_262028,CUST_043,Main Dishes,Salmon,18.0,3.0,54.0,2022-10-14,Credit Card,Friday,22
ORD_640113,CUST_010,Desserts,Chocolate Cake,6.0,1.0,6.0,2022-12-28,Cash,Wednesday,23
ORD_901146,CUST_012,Starters,Nachos Grande,10.0,2.0,20.0,2023-11-17,Cash,Friday,18
ORD_195810,CUST_036,Desserts,Fruit Salad,4.0,3.0,12.0,2023-02-11,Cash,Saturday,23
ORD_204527,CUST_042,Starters,Cheese Fries,5.0,3.0,20.0,2022-07-27,Cash,Wednesday,20
ORD_149825,CUST_077,Side Dishes,Mashed Potatoes,4.0,3.0,12.0,2023-09-06,Credit Card,Wednesday,12
ORD_769566,CUST_047,Desserts,Chocolate Cake,6.0,2.0,12.0,2022-12-23,Digital Wallet,Friday,12
ORD_713352,CUST_025,Desserts,Ice Cream,5.0,4.0,20.0,2023-06-01,Credit Card,Thursday,18
ORD_814764,CUST_008,Main Dishes,Steak,20.0,5.0,100.0,2023-04-23,Cash,Sunday,15
ORD_882488,CUST_053,Main Dishes,Pasta Alfredo,12.0,3.0,36.0,2022-11-19,Cash,Saturday,13
ORD_275585,CUST_071,Side Dishes,Garlic Bread,4.0,3.0,12.0,2022-08-26,Credit Card,Friday,12
ORD_328665,CUST_097,Side Dishes,Lemonade,3.0,1.0,3.0,2023-02-18,Digital Wallet,Saturday,20
ORD_526743,CUST_012,Main Dishes,Salmon,18.0,2.0,36.0,2022-08-30,Digital Wallet,Tuesday,19
ORD_499860,CUST_085,Main Dishes,Pasta Alfredo,12.0,1.0,12.0,2022-09-11,Credit Card,Sunday,21
ORD_433088,CUST_019,Desserts,Ice Cream,5.0,5.0,25.0,2023-07-08,Cash,Saturday,14
ORD_343007,CUST_066,Desserts,Chocolate Cake,6.0,2.0,12.0,2023-09-25,Digital Wallet,Monday,24
ORD_918599,CUST_087,Starters,Sweet Potato Fries,5.0,3.0,15.0,2022-05-27,Credit Card,Friday,20
ORD_618052,CUST_019,Starters,French Fries,4.0,4.0,16.0,2023-03-09,Cash,Thursday,15
ORD_157168,CUST_057,Drinks,Coca Cola,2.5,3.0,7.5,2022-03-31,Cash,Thursday,14
ORD_821907,CUST_068,Desserts,Ice Cream,5.0,4.0,20.0,2022-03-18,Digital Wallet,Friday,17
ORD_676650,CUST_017,Side Dishes,Side Salad,3.0,3.0,9.0,2022-03-20,Cash,Sunday,26
ORD_938501,CUST_025,Starters,Beef Chili,7.0,5.0,35.0,2022-04-30,Digital Wallet,Saturday,19
ORD_916705,CUST_094,Desserts,Brownie,6.0,3.0,30.0,2023-04-08,Cash,Saturday,14
ORD_754819,CUST_086,Desserts,Chocolate Cake,6.0,2.0,12.0,2023-09-19,Cash,Tuesday,20
ORD_345466,CUST_043,Starters,French Fries,4.0,3.0,12.0,2022-12-04,Cash,Sunday,23
ORD_999038,CUST_070,Side Dishes,Grilled Vegetables,5.0,1.0,5.0,2022-12-09,Cash,Friday,13
ORD_416833,CUST_094,Starters,Cheese Fries,5.0,2.0,10.0,2023-03-19,Cash,Sunday,15
ORD_481963,CUST_018,Starters,Cheese Fries,5.0,1.0,5.0,2023-09-09,Digital Wallet,Saturday,21
ORD_601990,CUST_029,Starters,Nachos Grande,10.0,4.0,40.0,2022-05-23,Cash,Monday,15
ORD_620455,CUST_036,Desserts,Ice Cream,5.0,1.0,5.0,2023-02-12,Cash,Sunday,24
ORD_973184,CUST_060,Desserts,Cheesecake,7.0,5.0,35.0,2023-03-25,Digital Wallet,Saturday,17
ORD_296670,CUST_063,Drinks,Lemonade,3.0,2.0,6.0,2023-03-25,Digital Wallet,Saturday,22
ORD_547416,CUST_086,Side Dishes,Side Salad,3.0,2.0,6.0,2023-02-10,Cash,Friday,21
ORD_662064,CUST_042,Side Dishes,Garlic Bread,4.0,4.0,16.0,2022-10-17,Digital Wallet,Monday,21
ORD_392543,CUST_048,Drinks,Water,1.0,5.0,5.0,2022-05-28,Digital Wallet,Saturday,21
ORD_837930,CUST_041,Side Dishes,Onion Rings,5.0,2.0,10.0,2023-08-08,Credit Card,Tuesday,20
ORD_787400,CUST_095,Side Dishes,Side Salad,3.0,5.0,15.0,2022-06-15,Cash,Wednesday,19
ORD_709631,CUST_007,Drinks,Iced Tea,2.5,3.0,7.5,2022-12-23,Cash,Friday,15
ORD_491217,CUST_062,Starters,Cheese Fries,5.0,1.0,5.0,2022-08-02,Credit Card,Tuesday,14
ORD_668027,CUST_077,Desserts,Fruit Salad,4.0,1.0,4.0,2023-04-01,Cash,Saturday,13
ORD_188439,CUST_091,Desserts,Ice Cream,5.0,1.0,5.0,2023-01-01,Cash,Sunday,15
ORD_538575,CUST_061,Desserts,Fruit Salad,4.0,3.0,12.0,2023-05-27,Cash,Saturday,18
ORD_336432,CUST_016,Drinks,Orange Juice,3.0,2.0,6.0,2022-05-11,Cash,Wednesday,25
ORD_880052,CUST_037,Main Dishes,Grilled Chicken,15.0,2.0,30.0,2022-12-09,Credit Card,Friday,22
ORD_161897,CUST_098,Main Dishes,Grilled Chicken,15.0,4.0,60.0,2023-06-26,Digital Wallet,Monday,28
ORD_450535,CUST_041,Main Dishes,Salmon,18.0,2.0,36.0,2022-10-22,Cash,Saturday,21
ORD_968534,CUST_042,Side Dishes,Garlic Bread,4.0,4.0,16.0,2023-12-25,Digital Wallet,Monday,22
ORD_545076,CUST_022,Side Dishes,Onion Rings,5.0,3.0,15.0,2022-05-02,Digital Wallet,Monday,16
ORD_582517,CUST_080,Side Dishes,Onion Rings,5.0,3.0,15.0,2023-08-17,Credit Card,Thursday,15
ORD_430067,CUST_071,Main Dishes,Pasta Alfredo,12.0,2.0,24.0,2022-06-19,Cash,Sunday,13
ORD_776687,CUST_038,Desserts,Chocolate Cake,6.0,1.0,6.0,2023-09-29,Cash,Friday,17
ORD_330615,CUST_057,Desserts,Cheesecake,7.0,3.0,35.0,2023-10-11,Cash,Wednesday,15
ORD_476377,CUST_034,Drinks,Water,1.0,2.0,2.0,2022-10-17,Digital Wallet,Monday,19
ORD_743939,CUST_043,Desserts,Fruit Salad,4.0,5.0,20.0,2022-12-17,Credit Card,Saturday,24
ORD_555796,CUST_046,Starters,French Fries,4.0,4.0,16.0,2022-08-02,Digital Wallet,Tuesday,21
ORD_943057,CUST_028,Desserts,Chocolate Cake,6.0,2.0,12.0,2022-12-11,Credit Card,Sunday,21
ORD_797247,CUST_015,Desserts,Ice Cream,5.0,5.0,25.0,2023-10-26,Digital Wallet,Thursday,19
ORD_380249,CUST_091,Drinks,Iced Tea,2.5,5.0,12.5,2022-11-30,Digital Wallet,Wednesday,16
ORD_462998,CUST_098,Side Dishes,Mashed Potatoes,4.0,2.0,8.0,2022-06-23,Cash,Thursday,29
ORD_933600,CUST_007,Desserts,Ice Cream,5.0,1.0,5.0,2022-07-04,Digital Wallet,Monday,16
ORD_726137,CUST_032,Main Dishes,Pasta Alfredo,12.0,2.0,24.0,2023-06-10,Credit Card,Saturday,17
ORD_667308,CUST_073,Desserts,Cheesecake,7.0,3.0,14.0,2023-06-29,Credit Card,Thursday,21
ORD_676300,CUST_073,Drinks,Water,1.0,1.0,1.0,2023-05-16,Credit Card,Tuesday,22
ORD_573274,CUST_021,Drinks,Iced Tea,2.5,1.0,2.5,2023-07-07,Cash,Friday,18
ORD_259976,CUST_038,Desserts,Fruit Salad,4.0,3.0,12.0,2022-08-20,Cash,Saturday,18
ORD_759267,CUST_025,Main Dishes,Steak,20.0,1.0,20.0,2022-07-02,Digital Wallet,Saturday,20
ORD_494849,CUST_100,Side Dishes,Garlic Bread,4.0,3.0,12.0,2023-08-16,Digital Wallet,Wednesday,21
ORD_342442,CUST_048,Desserts,Ice Cream,5.0,1.0,5.0,2023-08-16,Cash,Wednesday,22
ORD_997515,CUST_018,Drinks,Coca Cola,2.5,4.0,10.0,2023-07-17,Digital Wallet,Monday,22
ORD_940446,CUST_081,Drinks,Coca Cola,2.5,1.0,2.5,2022-10-04,Digital Wallet,Tuesday,18
ORD_787832,CUST_002,Main Dishes,Salmon,18.0,4.0,72.0,2023-04-20,Credit Card,Thursday,11
ORD_300117,CUST_074,Drinks,Iced Tea,2.5,4.0,10.0,2022-05-02,Credit Card,Monday,16
ORD_477169,CUST_090,Side Dishes,Lemonade,3.0,3.0,9.0,2022-11-03,Digital Wallet,Thursday,18
ORD_311420,CUST_009,Drinks,Lemonade,3.0,5.0,15.0,2022-03-03,Cash,Thursday,20
ORD_523150,CUST_085,Desserts,Chocolate Cake,6.0,1.0,6.0,2022-03-03,Cash,Thursday,22
ORD_486751,CUST_060,Side Dishes,Side Salad,3.0,1.0,3.0,2023-01-28,Cash,Saturday,18
ORD_980539,CUST_036,Desserts,Chocolate Cake,6.0,4.0,24.0,2022-05-18,Credit Card,Wednesday,25
ORD_706205,CUST_073,Desserts,Cheesecake,7.0,3.0,28.0,2022-11-27,Cash,Sunday,23
ORD_692929,CUST_016,Starters,Cheese Fries,5.0,2.0,10.0,2023-09-18,Cash,Monday,26
ORD_436489,CUST_093,Drinks,Lemonade,3.0,5.0,15.0,2022-01-01,Digital Wallet,Saturday,18
ORD_230910,CUST_055,Starters,Chicken Melt,8.0,3.0,24.0,2023-05-06,Credit Card,Saturday,25
ORD_458560,CUST_017,Side Dishes,French Fries,4.0,3.0,12.0,2022-06-08,Cash,Wednesday,27
ORD_810432,CUST_039,Side Dishes,Side Salad,3.0,4.0,12.0,2023-02-22,Cash,Wednesday,24
ORD_685564,CUST_051,Drinks,Lemonade,3.0,3.0,15.0,2022-09-02,Credit Card,Friday,20
ORD_724244,CUST_061,Side Dishes,Onion Rings,5.0,2.0,10.0,2023-01-20,Digital Wallet,Friday,19
ORD_281505,CUST_043,Starters,Sweet Potato Fries,5.0,4.0,20.0,2023-03-29,Digital Wallet,Wednesday,25
ORD_802887,CUST_082,Starters,Sweet Potato Fries,5.0,4.0,20.0,2023-08-20,Credit Card,Sunday,21
ORD_330127,CUST_040,Starters,French Fries,4.0,5.0,20.0,2023-03-21,Credit Card,Tuesday,26
ORD_844118,CUST_073,Starters,Nachos Grande,10.0,1.0,10.0,2023-06-13,Cash,Tuesday,24
ORD_409624,CUST_004,Main Dishes,Pasta Alfredo,12.0,2.0,24.0,2023-08-21,Digital Wallet,Monday,25
ORD_932661,CUST_014,Side Dishes,Mashed Potatoes,4.0,1.0,4.0,2023-04-25,Credit Card,Tuesday,19
ORD_545003,CUST_071,Side Dishes,Onion Rings,5.0,2.0,10.0,2022-02-25,Credit Card,Friday,14
ORD_457904,CUST_065,Drinks,Coca Cola,2.5,1.0,2.5,2023-07-17,Digital Wallet,Monday,17
ORD_614032,CUST_009,Side Dishes,Onion Rings,5.0,1.0,5.0,2023-11-29,Cash,Wednesday,21
ORD_491129,CUST_074,Desserts,Cheesecake,7.0,2.0,14.0,2023-06-26,Digital Wallet,Monday,17
ORD_322871,CUST_028,Starters,French Fries,4.0,3.0,4.0,2022-06-21,Credit Card,Tuesday,22
ORD_376939,CUST_035,Starters,French Fries,4.0,3.0,20.0,2022-06-16,Credit Card,Thursday,14
ORD_646363,CUST_002,Side Dishes,Garlic Bread,4.0,1.0,4.0,2023-06-22,Cash,Thursday,12
ORD_266541,CUST_014,Drinks,Lemonade,3.0,3.0,9.0,2022-03-07,Cash,Monday,20
ORD_269749,CUST_034,Starters,Chicken Melt,8.0,1.0,8.0,2023-06-24,Cash,Saturday,20
ORD_456839,CUST_031,Side Dishes,Grilled Vegetables,5.0,5.0,25.0,2022-01-16,Credit Card,Sunday,19
ORD_995516,CUST_050,Side Dishes,Mashed Potatoes,4.0,2.0,8.0,2022-02-24,Digital Wallet,Thursday,18
ORD_215360,CUST_081,Starters,French Fries,4.0,3.0,20.0,2023-01-20,Cash,Friday,19
ORD_269858,CUST_035,Drinks,Coca Cola,2.5,5.0,12.5,2023-04-26,Cash,Wednesday,15
ORD_720388,CUST_025,Side Dishes,Garlic Bread,4.0,5.0,20.0,2023-12-16,Credit Card,Saturday,21
ORD_732412,CUST_079,Starters,French Fries,4.0,3.0,20.0,2022-11-12,Credit Card,Saturday,16
ORD_278042,CUST_056,Drinks,Water,1.0,5.0,5.0,2023-12-21,Digital Wallet,Thursday,22
ORD_314762,CUST_087,Desserts,Brownie,6.0,3.0,18.0,2022-03-31,Credit Card,Thursday,21
ORD_956263,CUST_064,Desserts,Chocolate Cake,6.0,4.0,24.0,2022-05-24,Cash,Tuesday,16
ORD_692419,CUST_024,Side Dishes,Onion Rings,5.0,3.0,15.0,2023-05-23,Cash,Tuesday,16
ORD_404018,CUST_005,Drinks,Coca Cola,2.5,2.0,5.0,2023-03-04,Credit Card,Saturday,21
ORD_823635,CUST_022,Side Dishes,Side Salad,3.0,1.0,3.0,2022-03-11,Digital Wallet,Friday,17
ORD_313103,CUST_043,Desserts,Cheesecake,7.0,3.0,35.0,2023-11-25,Digital Wallet,Saturday,26
ORD_686738,CUST_021,Starters,Chicken Melt,8.0,5.0,40.0,2022-12-23,Digital Wallet,Friday,19
ORD_264989,CUST_052,Desserts,Chocolate Cake,6.0,4.0,24.0,2023-06-30,Digital Wallet,Friday,13
ORD_157269,CUST_098,Side Dishes,Side Salad,3.0,2.0,6.0,2022-09-12,Cash,Monday,30
ORD_586283,CUST_062,Side Dishes,Grilled Vegetables,5.0,1.0,5.0,2023-09-26,Cash,Tuesday,15
ORD_616806,CUST_044,Desserts,Chocolate Cake,6.0,5.0,30.0,2022-06-17,Cash,Friday,19
ORD_819563,CUST_005,Desserts,Chocolate Cake,6.0,1.0,6.0,2023-05-29,Cash,Monday,22
ORD_410395,CUST_090,Main Dishes,Salmon,18.0,5.0,90.0,2022-06-25,Cash,Saturday,19
ORD_541045,CUST_001,Desserts,Brownie,6.0,2.0,12.0,2022-11-17,Cash,Thursday,24
ORD_643404,CUST_049,Side Dishes,Side Salad,3.0,1.0,3.0,2023-08-01,Digital Wallet,Tuesday,18
ORD_737360,CUST_020,Drinks,Coca Cola,2.5,2.0,5.0,2023-04-03,Digital Wallet,Monday,23
ORD_235556,CUST_096,Desserts,Chocolate Cake,6.0,5.0,30.0,2022-11-28,Credit Card,Monday,22
ORD_300793,CUST_044,Main Dishes,Pasta Alfredo,12.0,1.0,12.0,2022-08-07,Cash,Sunday,20
ORD_586230,CUST_069,Starters,Chicken Melt,8.0,3.0,24.0,2022-08-07,Cash,Sunday,17
ORD_823440,CUST_018,Side Dishes,Garlic Bread,4.0,2.0,8.0,2022-02-24,Cash,Thursday,23
ORD_406302,CUST_008,Starters,French Fries,4.0,5.0,20.0,2022-12-07,Digital Wallet,Wednesday,16
ORD_585089,CUST_098,Starters,Sweet Potato Fries,5.0,1.0,5.0,2022-08-28,Digital Wallet,Sunday,31
ORD_690778,CUST_014,Starters,French Fries,4.0,3.0,12.0,2023-10-25,Cash,Wednesday,21
ORD_827452,CUST_054,Starters,Nachos Grande,10.0,3.0,30.0,2023-01-13,Digital Wallet,Friday,14
ORD_626925,CUST_017,Desserts,Cheesecake,7.0,4.0,28.0,2023-03-07,Cash,Tuesday,28
ORD_574506,CUST_066,Main Dishes,Pasta Alfredo,12.0,2.0,24.0,2023-03-07,Digital Wallet,Tuesday,25
ORD_895860,CUST_086,Main Dishes,Grilled Chicken,15.0,5.0,75.0,2023-01-26,Credit Card,Thursday,22
ORD_180512,CUST_077,Starters,Beef Chili,7.0,5.0,35.0,2023-01-30,Cash,Monday,14
ORD_433974,CUST_047,Drinks,Water,1.0,3.0,4.0,2023-09-04,Credit Card,Monday,13
ORD_904077,CUST_020,Desserts,Chocolate Cake,6.0,2.0,12.0,2023-09-04,Credit Card,Monday,24
ORD_631687,CUST_097,Side Dishes,Side Salad,3.0,1.0,3.0,2022-01-04,Digital Wallet,Tuesday,21
ORD_311585,CUST_003,Main Dishes,Vegetarian Platter,14.0,2.0,28.0,2023-08-10,Digital Wallet,Thursday,20
ORD_553387,CUST_050,Main Dishes,Steak,20.0,3.0,60.0,2023-05-19,Credit Card,Friday,19
ORD_641864,CUST_029,Main Dishes,Vegetarian Platter,14.0,3.0,42.0,2022-08-03,Cash,Wednesday,16
ORD_849019,CUST_044,Starters,Beef Chili,7.0,4.0,28.0,2022-01-24,Credit Card,Monday,21
ORD_681382,CUST_093,Side Dishes,Ice Cream,5.0,5.0,25.0,2022-12-01,Digital Wallet,Thursday,19
ORD_334281,CUST_025,Main Dishes,Steak,20.0,5.0,100.0,2022-12-01,Credit Card,Thursday,22
ORD_763507,CUST_046,Side Dishes,Mashed Potatoes,4.0,2.0,8.0,2022-08-29,Cash,Monday,22
ORD_623419,CUST_033,Drinks,Coca Cola,2.5,3.0,7.5,2023-01-12,Digital Wallet,Thursday,16
ORD_638251,CUST_083,Starters,French Fries,4.0,1.0,4.0,2022-10-09,Cash,Sunday,21
ORD_305885,CUST_075,Side Dishes,Onion Rings,5.0,1.0,5.0,2023-09-23,Credit Card,Saturday,21
ORD_210708,CUST_067,Drinks,Orange Juice,3.0,5.0,15.0,2022-07-08,Digital Wallet,Friday,14
ORD_677560,CUST_054,Main Dishes,Steak,20.0,3.0,60.0,2023-05-23,Credit Card,Tuesday,15
ORD_989509,CUST_011,Side Dishes,Grilled Vegetables,5.0,2.0,10.0,2022-11-07,Cash,Monday,20
ORD_496180,CUST_030,Desserts,Chocolate Cake,6.0,3.0,6.0,2022-08-16,Digital Wallet,Tuesday,17
ORD_359378,CUST_088,Starters,French Fries,4.0,3.0,12.0,2022-07-26,Credit Card,Tuesday,18
ORD_490476,CUST_086,Starters,French Fries,4.0,4.0,16.0,2023-02-17,Credit Card,Friday,23
ORD_140167,CUST_073,Drinks,Lemonade,3.0,3.0,15.0,2023-01-17,Cash,Tuesday,25
ORD_947310,CUST_080,Starters,Cheese Fries,5.0,4.0,20.0,2023-01-21,Cash,Saturday,16
ORD_667243,CUST_015,Starters,Chicken Melt,8.0,3.0,24.0,2023-08-17,Cash,Thursday,20
ORD_359888,CUST_069,Starters,Cheese Fries,5.0,2.0,10.0,2023-05-12,Cash,Friday,18
ORD_804288,CUST_075,Desserts,Fruit Salad,4.0,1.0,4.0,2022-06-04,Credit Card,Saturday,22
ORD_164972,CUST_045,Drinks,Orange Juice,3.0,2.0,6.0,2022-06-25,Cash,Saturday,18
ORD_431791,CUST_004,Main Dishes,Vegetarian Platter,14.0,4.0,56.0,2023-10-18,Digital Wallet,Wednesday,26
ORD_453721,CUST_096,Desserts,Beef Chili,7.0,1.0,7.0,2022-03-16,Cash,Wednesday,23
ORD_697006,CUST_091,Side Dishes,Side Salad,3.0,4.0,12.0,2023-09-02,Digital Wallet,Saturday,17
ORD_615873,CUST_051,Side Dishes,Mashed Potatoes,4.0,2.0,8.0,2022-04-17,Digital Wallet,Sunday,21
ORD_454571,CUST_090,Desserts,Chocolate Cake,6.0,1.0,6.0,2022-06-20,Digital Wallet,Monday,20
ORD_362790,CUST_056,Drinks,Water,1.0,4.0,4.0,2022-10-27,Digital Wallet,Thursday,23
ORD_813349,CUST_063,Side Dishes,Mashed Potatoes,4.0,2.0,8.0,2022-04-10,Digital Wallet,Sunday,23
ORD_593621,CUST_067,Starters,Cheese Fries,5.0,3.0,15.0,2022-01-30,Cash,Sunday,15
ORD_382401,CUST_029,Desserts,Chocolate Cake,6.0,3.0,6.0,2022-06-28,Cash,Tuesday,17
ORD_932463,CUST_056,Desserts,Ice Cream,5.0,3.0,15.0,2023-10-04,Credit Card,Wednesday,24
ORD_121604,CUST_044,Desserts,Chocolate Cake,6.0,1.0,6.0,2022-01-24,Digital Wallet,Monday,22
ORD_712817,CUST_005,Desserts,Chocolate Cake,6.0,3.0,18.0,2022-04-23,Credit Card,Saturday,23
ORD_785487,CUST_055,Desserts,Cheesecake,7.0,4.0,28.0,2022-07-05,Cash,Tuesday,26
ORD_647147,CUST_030,Desserts,Cheesecake,7.0,1.0,7.0,2023-03-03,Cash,Friday,18
ORD_108843,CUST_073,Main Dishes,Pasta Alfredo,12.0,5.0,60.0,2023-06-17,Cash,Saturday,26
ORD_789610,CUST_053,Desserts,Ice Cream,5.0,5.0,25.0,2022-01-19,Cash,Wednesday,14
ORD_595155,CUST_038,Drinks,Orange Juice,3.0,3.0,6.0,2022-09-04,Digital Wallet,Sunday,19
ORD_840152,CUST_049,Starters,Chicken Melt,8.0,1.0,8.0,2022-09-11,Cash,Sunday,19
ORD_540799,CUST_091,Starters,French Fries,4.0,1.0,4.0,2022-04-05,Digital Wallet,Tuesday,18
ORD_346127,CUST_094,Drinks,Orange Juice,3.0,5.0,15.0,2022-02-16,Cash,Wednesday,16
ORD_258927,CUST_010,Drinks,Lemonade,3.0,4.0,12.0,2022-08-12,Cash,Friday,24
ORD_439298,CUST_065,Side Dishes,Garlic Bread,4.0,2.0,8.0,2022-04-19,Digital Wallet,Tuesday,18
ORD_606000,CUST_038,Side Dishes,Onion Rings,5.0,5.0,25.0,2023-02-21,Credit Card,Tuesday,20
ORD_366879,CUST_032,Starters,Chicken Melt,8.0,5.0,40.0,2023-10-05,Digital Wallet,Thursday,18
ORD_808129,CUST_021,Desserts,Cheesecake,7.0,3.0,35.0,2023-03-07,Credit Card,Tuesday,20
ORD_120337,CUST_093,Main Dishes,Grilled Chicken,15.0,4.0,60.0,2023-09-16,Credit Card,Saturday,20
ORD_466253,CUST_011,Desserts,Chocolate Cake,6.0,4.0,24.0,2023-09-27,Cash,Wednesday,21
ORD_957079,CUST_091,Side Dishes,Mashed Potatoes,4.0,2.0,8.0,2022-08-13,Digital Wallet,Saturday,19
ORD_439982,CUST_066,Main Dishes,Pasta Alfredo,12.0,5.0,60.0,2022-08-24,Digital Wallet,Wednesday,26
ORD_756015,CUST_067,Desserts,Ice Cream,5.0,5.0,25.0,2022-04-06,Credit Card,Wednesday,16
ORD_620454,CUST_044,Main Dishes,Steak,20.0,3.0,60.0,2022-01-20,Digital Wallet,Thursday,23
ORD_434845,CUST_028,Side Dishes,Side Salad,3.0,3.0,3.0,2022-08-09,Credit Card,Tuesday,23
ORD_317430,CUST_027,Desserts,Ice Cream,5.0,5.0,25.0,2022-08-13,Credit Card,Saturday,18
ORD_653838,CUST_018,Desserts,Chocolate Cake,6.0,5.0,30.0,2022-09-28,Credit Card,Wednesday,24
ORD_516289,CUST_094,Side Dishes,Mashed Potatoes,4.0,3.0,20.0,2022-01-30,Credit Card,Sunday,17
ORD_867764,CUST_027,Desserts,Chocolate Cake,6.0,1.0,6.0,2022-11-07,Credit Card,Monday,19
ORD_672782,CUST_018,Starters,French Fries,4.0,3.0,12.0,2023-02-09,Digital Wallet,Thursday,25
ORD_556602,CUST_087,Side Dishes,Grilled Vegetables,5.0,2.0,10.0,2022-07-04,Credit Card,Monday,22
ORD_454063,CUST_088,Starters,Chicken Melt,8.0,2.0,16.0,2022-11-05,Digital Wallet,Saturday,19
ORD_187647,CUST_090,Side Dishes,Side Salad,3.0,3.0,9.0,2022-12-31,Digital Wallet,Saturday,21
ORD_478598,CUST_080,Desserts,Cheesecake,7.0,3.0,28.0,2022-02-10,Cash,Thursday,17
ORD_317547,CUST_025,Side Dishes,Side Salad,3.0,1.0,3.0,2022-08-16,Credit Card,Tuesday,23
ORD_315124,CUST_002,Side Dishes,Mashed Potatoes,4.0,2.0,8.0,2023-04-17,Digital Wallet,Monday,13
ORD_908757,CUST_042,Starters,Sweet Potato Fries,5.0,1.0,5.0,2022-01-13,Digital Wallet,Thursday,23
ORD_882435,CUST_087,Drinks,Coca Cola,2.5,5.0,12.5,2023-01-05,Cash,Thursday,23
ORD_253664,CUST_088,Starters,French Fries,4.0,5.0,20.0,2022-09-30,Credit Card,Friday,20
ORD_551840,CUST_067,Drinks,Water,1.0,3.0,3.0,2023-11-30,Digital Wallet,Thursday,17
ORD_552896,CUST_075,Drinks,Lemonade,3.0,4.0,12.0,2023-10-14,Credit Card,Saturday,23
ORD_705631,CUST_096,Drinks,Iced Tea,2.5,3.0,7.5,2022-01-10,Cash,Monday,24
ORD_457702,CUST_087,Starters,French Fries,4.0,3.0,20.0,2022-05-26,Credit Card,Thursday,24
ORD_381680,CUST_031,Main Dishes,Salmon,18.0,5.0,90.0,2022-07-20,Digital Wallet,Wednesday,20
ORD_684439,CUST_068,Starters,Cheese Fries,5.0,1.0,5.0,2023-05-26,Cash,Friday,18
ORD_338575,CUST_017,Drinks,Orange Juice,3.0,1.0,3.0,2023-02-09,Digital Wallet,Thursday,29
ORD_253884,CUST_079,Main Dishes,Pasta Alfredo,12.0,4.0,48.0,2023-07-23,Cash,Sunday,17
ORD_355402,CUST_031,Starters,Cheese Fries,5.0,1.0,5.0,2023-02-07,Credit Card,Tuesday,21
ORD_904908,CUST_076,Main Dishes,Grilled Chicken,15.0,2.0,30.0,2022-03-14,Cash,Monday,15
ORD_131272,CUST_066,Side Dishes,Onion Rings,5.0,1.0,5.0,2023-12-05,Credit Card,Tuesday,27
ORD_942402,CUST_072,Drinks,Lemonade,3.0,4.0,12.0,2022-07-30,Digital Wallet,Saturday,16
ORD_673722,CUST_019,Starters,French Fries,4.0,2.0,8.0,2023-01-09,Digital Wallet,Monday,16
ORD_507772,CUST_038,Main Dishes,Salmon,18.0,3.0,54.0,2022-11-19,Cash,Saturday,21
ORD_777895,CUST_084,Starters,French Fries,4.0,2.0,8.0,2023-01-13,Digital Wallet,Friday,17
ORD_555678,CUST_091,Starters,Chicken Melt,8.0,3.0,24.0,2022-10-08,Digital Wallet,Saturday,20
ORD_357330,CUST_023,Main Dishes,Grilled Chicken,15.0,5.0,75.0,2022-01-01,Digital Wallet,Saturday,21
ORD_646106,CUST_100,Drinks,Water,1.0,1.0,1.0,2023-11-01,Digital Wallet,Wednesday,22
ORD_919486,CUST_069,Drinks,Lemonade,3.0,5.0,15.0,2023-10-24,Cash,Tuesday,19
ORD_374878,CUST_094,Drinks,Lemonade,3.0,2.0,6.0,2022-05-13,Digital Wallet,Friday,18
ORD_874500,CUST_018,Drinks,Water,1.0,3.0,3.0,2022-12-24,Digital Wallet,Saturday,26
ORD_341244,CUST_022,Side Dishes,Side Salad,3.0,1.0,3.0,2022-08-18,Credit Card,Thursday,18
ORD_395125,CUST_065,Desserts,Chocolate Cake,6.0,3.0,18.0,2023-05-09,Cash,Tuesday,19
ORD_919769,CUST_073,Main Dishes,Pasta Alfredo,12.0,5.0,60.0,2022-04-24,Cash,Sunday,27
ORD_222703,CUST_089,Drinks,Water,1.0,3.0,3.0,2023-06-26,Digital Wallet,Monday,19
ORD_392205,CUST_064,Main Dishes,Pasta Alfredo,12.0,4.0,48.0,2022-05-19,Digital Wallet,Thursday,17
ORD_428332,CUST_014,Starters,Cheese Fries,5.0,4.0,20.0,2022-08-03,Credit Card,Wednesday,22
ORD_931914,CUST_075,Side Dishes,Side Salad,3.0,3.0,15.0,2022-09-14,Cash,Wednesday,24
ORD_887976,CUST_037,Desserts,Brownie,6.0,5.0,30.0,2023-12-02,Cash,Saturday,23
ORD_160156,CUST_020,Desserts,Ice Cream,5.0,3.0,15.0,2023-03-06,Digital Wallet,Monday,25
ORD_505312,CUST_057,Starters,French Fries,4.0,4.0,16.0,2023-09-02,Credit Card,Saturday,16
ORD_478123,CUST_068,Drinks,Coca Cola,2.5,3.0,7.5,2023-07-24,Cash,Monday,19
ORD_289845,CUST_041,Main Dishes,Pasta Alfredo,12.0,3.0,48.0,2023-07-28,Credit Card,Friday,22
ORD_877166,CUST_037,Desserts,Cheesecake,7.0,1.0,7.0,2022-04-05,Cash,Tuesday,24
ORD_310738,CUST_067,Main Dishes,Salmon,18.0,3.0,54.0,2022-03-28,Cash,Monday,18
ORD_356915,CUST_064,Side Dishes,Onion Rings,5.0,2.0,10.0,2023-07-29,Cash,Saturday,18
ORD_430609,CUST_058,Side Dishes,Onion Rings,5.0,3.0,15.0,2023-07-30,Credit Card,Sunday,19
ORD_374042,CUST_052,Starters,Cheese Fries,5.0,4.0,20.0,2023-05-01,Cash,Monday,14
ORD_355089,CUST_048,Side Dishes,Onion Rings,5.0,3.0,15.0,2023-08-16,Credit Card,Wednesday,23
ORD_354218,CUST_004,Side Dishes,Side Salad,3.0,5.0,15.0,2022-11-16,Credit Card,Wednesday,27
ORD_194187,CUST_032,Drinks,Orange Juice,3.0,1.0,3.0,2022-12-16,Cash,Friday,19
ORD_757528,CUST_071,Main Dishes,Steak,20.0,4.0,80.0,2022-05-20,Credit Card,Friday,15
ORD_999522,CUST_037,Desserts,Cheesecake,7.0,3.0,21.0,2023-05-13,Credit Card,Saturday,25
ORD_700082,CUST_093,Main Dishes,Steak,20.0,3.0,40.0,2022-06-22,Cash,Wednesday,21
ORD_944556,CUST_095,Main  Dishes,Salmon,18.0,1.0,18.0,2023-04-16,Credit Card,Sunday,20
ORD_968250,CUST_047,Main Dishes,Salmon,18.0,2.0,36.0,2022-10-02,Credit Card,Sunday,14
ORD_714914,CUST_062,Drinks,Water,1.0,1.0,1.0,2023-01-14,Digital Wallet,Saturday,16
ORD_359093,CUST_012,Starters,French Fries,4.0,3.0,12.0,2022-01-26,Digital Wallet,Wednesday,20
ORD_144249,CUST_036,Desserts,Fruit Salad,4.0,3.0,12.0,2023-12-01,Digital Wallet,Friday,26
ORD_301074,CUST_020,Main Dishes,Pasta Alfredo,12.0,1.0,12.0,2023-02-27,Digital Wallet,Monday,26
ORD_728803,CUST_075,Side Dishes,Grilled Vegetables,5.0,5.0,25.0,2022-08-06,Credit Card,Saturday,25
ORD_355683,CUST_086,Main  Dishes,Grilled Chicken,15.0,3.0,45.0,2022-08-05,Digital Wallet,Friday,24
ORD_360674,CUST_004,Side Dishes,French Fries,4.0,1.0,4.0,2023-05-09,Credit Card,Tuesday,28
ORD_366778,CUST_088,Main Dishes,Grilled Chicken,15.0,5.0,75.0,2022-08-11,Cash,Thursday,21
ORD_151357,CUST_082,Starters,Chicken Melt,8.0,3.0,32.0,2022-09-01,Digital Wallet,Thursday,22
ORD_132122,CUST_060,Main Dishes,Steak,20.0,4.0,80.0,2022-06-28,Credit Card,Tuesday,19
ORD_523357,CUST_076,Desserts,Chocolate Cake,6.0,3.0,24.0,2022-03-31,Cash,Thursday,16
ORD_495504,CUST_068,Starters,Beef Chili,7.0,2.0,14.0,2022-12-05,Cash,Monday,20
ORD_322136,CUST_051,Main Dishes,Steak,20.0,3.0,60.0,2023-07-09,Credit Card,Sunday,22
ORD_896691,CUST_053,Desserts,Ice Cream,5.0,4.0,20.0,2023-10-25,Digital Wallet,Wednesday,15
ORD_177122,CUST_020,Starters,Ice Cream,5.0,3.0,15.0,2023-08-04,Digital Wallet,Friday,27
ORD_853017,CUST_097,Desserts,Brownie,6.0,3.0,18.0,2023-02-02,Digital Wallet,Thursday,22
ORD_403003,CUST_012,Starters,Chicken Melt,8.0,4.0,32.0,2023-06-25,Digital Wallet,Sunday,21
ORD_172821,CUST_053,Main Dishes,Grilled Chicken,15.0,4.0,60.0,2022-03-10,Cash,Thursday,16
ORD_375253,CUST_053,Desserts,Chocolate Cake,6.0,1.0,6.0,2022-06-01,Digital Wallet,Wednesday,17
ORD_369137,CUST_046,Main Dishes,Steak,20.0,1.0,20.0,2023-06-07,Digital Wallet,Wednesday,23
ORD_868442,CUST_050,Drinks,Water,1.0,3.0,3.0,2023-11-14,Digital Wallet,Tuesday,20
ORD_887895,CUST_018,Starters,French Fries,4.0,3.0,12.0,2022-04-11,Cash,Monday,27
ORD_101613,CUST_001,Starters,French Fries,4.0,3.0,12.0,2023-08-25,Credit Card,Friday,25
ORD_272385,CUST_009,Starters,Nachos Grande,10.0,2.0,20.0,2022-07-21,Digital Wallet,Thursday,22
ORD_369400,CUST_050,Desserts,Brownie,6.0,5.0,30.0,2022-12-03,Digital Wallet,Saturday,21
ORD_327500,CUST_081,Main Dishes,Salmon,18.0,1.0,18.0,2023-03-25,Credit Card,Saturday,20
ORD_652663,CUST_002,Desserts,Cheesecake,7.0,3.0,21.0,2023-11-07,Digital Wallet,Tuesday,14
ORD_118433,CUST_019,Main Dishes,Steak,20.0,3.0,40.0,2023-07-30,Digital Wallet,Sunday,17
ORD_983628,CUST_081,Desserts,Ice Cream,5.0,1.0,5.0,2023-01-11,Digital Wallet,Wednesday,21
ORD_649619,CUST_023,Starters,Cheese Fries,5.0,5.0,25.0,2022-06-21,Digital Wallet,Tuesday,22
ORD_534162,CUST_033,Desserts,Brownie,6.0,2.0,12.0,2022-04-02,Cash,Saturday,17
ORD_859732,CUST_090,Starters,Cheese Fries,5.0,2.0,10.0,2023-05-02,Cash,Tuesday,22
ORD_916421,CUST_028,Side Dishes,Side Salad,3.0,4.0,12.0,2022-06-30,Digital Wallet,Thursday,24
ORD_167214,CUST_093,Starters,French Fries,4.0,4.0,16.0,2023-08-09,Cash,Wednesday,22
ORD_833638,CUST_025,Side Dishes,Grilled Vegetables,5.0,2.0,10.0,2022-03-02,Cash,Wednesday,24
ORD_268523,CUST_079,Side Dishes,Mashed Potatoes,4.0,5.0,20.0,2023-10-06,Cash,Friday,18
ORD_141746,CUST_008,Side Dishes,Side Salad,3.0,1.0,3.0,2023-11-04,Cash,Saturday,17
ORD_459153,CUST_079,Main  Dishes,Pasta Alfredo,12.0,1.0,12.0,2023-05-27,Credit Card,Saturday,19
ORD_870402,CUST_071,Starters,Beef Chili,7.0,3.0,7.0,2022-02-28,Credit Card,Monday,16
ORD_329402,CUST_057,Side Dishes,Side Salad,3.0,3.0,12.0,2023-09-08,Digital Wallet,Friday,17
ORD_177696,CUST_032,Side Dishes,Side Salad,3.0,2.0,6.0,2022-10-13,Cash,Thursday,20
ORD_932728,CUST_018,Drinks,Coca Cola,2.5,3.0,7.5,2023-09-25,Cash,Monday,28
ORD_649156,CUST_097,Side Dishes,Mashed Potatoes,4.0,4.0,16.0,2023-11-10,Cash,Friday,23
ORD_972640,CUST_039,Desserts,Brownie,6.0,4.0,24.0,2022-04-22,Cash,Friday,25
ORD_921207,CUST_032,Main Dishes,Vegetarian Platter,14.0,3.0,42.0,2022-09-06,Cash,Tuesday,21
ORD_704734,CUST_086,Main Dishes,Pasta Alfredo,12.0,2.0,24.0,2022-09-26,Credit Card,Monday,25
ORD_761211,CUST_015,Side Dishes,Side Salad,3.0,2.0,6.0,2022-11-25,Cash,Friday,21
ORD_882930,CUST_052,Drinks,Coca Cola,2.5,5.0,12.5,2022-10-07,Cash,Friday,15
ORD_482440,CUST_079,Starters,Sweet Potato Fries,5.0,3.0,15.0,2023-04-04,Cash,Tuesday,20
ORD_902363,CUST_043,Starters,Beef Chili,7.0,4.0,28.0,2023-08-01,Credit Card,Tuesday,27
ORD_326366,CUST_086,Side Dishes,Mashed Potatoes,4.0,1.0,4.0,2022-06-03,Credit Card,Friday,26
ORD_204254,CUST_014,Drinks,Lemonade,3.0,3.0,9.0,2023-02-26,Cash,Sunday,23
ORD_105833,CUST_010,Side Dishes,Side Salad,3.0,5.0,15.0,2022-01-22,Cash,Saturday,25
ORD_889324,CUST_042,Desserts,Ice Cream,5.0,4.0,20.0,2022-10-02,Digital Wallet,Sunday,24
ORD_666980,CUST_062,Main Dishes,Vegetarian Platter,14.0,2.0,28.0,2022-09-21,Credit Card,Wednesday,17
ORD_654137,CUST_065,Desserts,Brownie,6.0,2.0,12.0,2022-10-03,Credit Card,Monday,20
ORD_826391,CUST_040,Side Dishes,Mashed Potatoes,4.0,5.0,20.0,2022-02-18,Cash,Friday,27
ORD_842585,CUST_097,Side Dishes,Mashed Potatoes,4.0,1.0,4.0,2022-10-24,Cash,Monday,24
ORD_648770,CUST_049,Desserts,Cheesecake,7.0,3.0,7.0,2022-07-04,Credit Card,Monday,20
ORD_887290,CUST_080,Drinks,Lemonade,3.0,4.0,12.0,2023-04-10,Cash,Monday,18
ORD_672527,CUST_059,Drinks,Water,1.0,2.0,2.0,2023-06-03,Cash,Saturday,21
ORD_739789,CUST_081,Starters,French Fries,4.0,3.0,12.0,2022-09-14,Digital Wallet,Wednesday,22
ORD_939542,CUST_012,Starters,Chicken Melt,8.0,4.0,32.0,2022-03-07,Credit Card,Monday,22
ORD_247433,CUST_061,Side Dishes,Grilled Vegetables,5.0,4.0,20.0,2023-07-10,Cash,Monday,20
ORD_785927,CUST_100,Main Dishes,Grilled Chicken,15.0,1.0,15.0,2022-11-11,Digital Wallet,Friday,23
ORD_706631,CUST_038,Starters,Sweet Potato Fries,5.0,1.0,5.0,2022-11-18,Cash,Friday,22
ORD_847323,CUST_067,Drinks,Lemonade,3.0,1.0,3.0,2022-03-29,Credit Card,Tuesday,19
ORD_555929,CUST_045,Side Dishes,Onion Rings,5.0,1.0,5.0,2022-09-18,Credit Card,Sunday,19
ORD_879065,CUST_001,Starters,French Fries,4.0,1.0,4.0,2022-12-15,Digital Wallet,Thursday,26
ORD_583878,CUST_033,Main Dishes,Pasta Alfredo,12.0,4.0,48.0,2022-03-11,Credit Card,Friday,18
ORD_586888,CUST_005,Drinks,Coca Cola,2.5,1.0,2.5,2023-08-02,Credit Card,Wednesday,24
ORD_827758,CUST_056,Side Dishes,Garlic Bread,4.0,4.0,16.0,2023-06-05,Credit Card,Monday,25
ORD_507882,CUST_062,Desserts,Ice Cream,5.0,4.0,20.0,2022-06-20,Cash,Monday,18
ORD_691750,CUST_012,Drinks,Coca Cola,2.5,3.0,7.5,2022-01-05,Credit Card,Wednesday,23
ORD_530893,CUST_013,Starters,Nachos Grande,10.0,5.0,50.0,2023-03-21,Credit Card,Tuesday,19
ORD_917013,CUST_041,Main Dishes,Pasta Alfredo,12.0,2.0,24.0,2022-12-02,Credit Card,Friday,23
ORD_327448,CUST_100,Side Dishes,Side Salad,3.0,3.0,9.0,2023-08-07,Digital Wallet,Monday,24
ORD_198994,CUST_065,Side Dishes,Onion Rings,5.0,4.0,20.0,2023-01-28,Credit Card,Saturday,21
ORD_278015,CUST_020,Main Dishes,Salmon,18.0,3.0,54.0,2023-02-12,Cash,Sunday,28
ORD_870688,CUST_053,Starters,Chicken Melt,8.0,2.0,16.0,2023-05-01,Credit Card,Monday,18
ORD_173999,CUST_080,Side Dishes,Mashed Potatoes,4.0,1.0,4.0,2023-10-01,Credit Card,Sunday,19
ORD_664725,CUST_001,Main Dishes,Pasta Alfredo,12.0,5.0,60.0,2023-12-18,Cash,Monday,27
ORD_633384,CUST_075,Desserts,Ice Cream,5.0,2.0,10.0,2023-02-07,Credit Card,Tuesday,26
ORD_207226,CUST_023,Main Dishes,Vegetarian Platter,14.0,3.0,28.0,2023-02-01,Cash,Wednesday,23
ORD_819604,CUST_031,Starters,Beef Chili,7.0,4.0,28.0,2022-10-26,Cash,Wednesday,22
ORD_762890,CUST_043,Starters,French Fries,4.0,1.0,4.0,2023-12-30,Digital Wallet,Saturday,28
ORD_369955,CUST_011,Desserts,Ice Cream,5.0,3.0,15.0,2023-12-15,Digital Wallet,Friday,22
ORD_701608,CUST_090,Starters,Beef Chili,7.0,4.0,28.0,2023-11-04,Digital Wallet,Saturday,23
ORD_871342,CUST_023,Main Dishes,Pasta Alfredo,12.0,3.0,36.0,2022-06-05,Credit Card,Sunday,24
ORD_385711,CUST_089,Starters,Beef Chili,7.0,4.0,28.0,2023-10-27,Credit Card,Friday,20
ORD_845422,CUST_082,Main Dishes,Vegetarian Platter,14.0,4.0,56.0,2023-01-27,Credit Card,Friday,23
ORD_852996,CUST_077,Starters,Cheese Fries,5.0,2.0,10.0,2023-09-26,Credit Card,Tuesday,15
ORD_835524,CUST_051,Main Dishes,Grilled Chicken,15.0,1.0,15.0,2023-03-28,Digital Wallet,Tuesday,23
ORD_824592,CUST_029,Desserts,Chocolate Cake,6.0,5.0,30.0,2023-08-07,Digital Wallet,Monday,18
ORD_201853,CUST_079,Side Dishes,Onion Rings,5.0,4.0,20.0,2022-05-05,Cash,Thursday,21
ORD_282976,CUST_010,Drinks,Lemonade,3.0,5.0,15.0,2022-04-05,Cash,Tuesday,26
ORD_253455,CUST_044,Main Dishes,Vegetarian Platter,14.0,3.0,70.0,2022-10-17,Cash,Monday,24
ORD_891881,CUST_066,Side Dishes,Grilled Vegetables,5.0,2.0,10.0,2022-07-30,Cash,Saturday,28
ORD_464832,CUST_056,Drinks,Iced Tea,2.5,4.0,10.0,2022-12-29,Digital Wallet,Thursday,26
ORD_567245,CUST_100,Side Dishes,Grilled Vegetables,5.0,2.0,10.0,2023-10-05,Cash,Thursday,25
ORD_393935,CUST_051,Main Dishes,Grilled Chicken,15.0,3.0,45.0,2022-07-30,Digital Wallet,Saturday,24
ORD_420093,CUST_017,Main Dishes,Pasta Alfredo,12.0,4.0,48.0,2022-06-02,Digital Wallet,Thursday,30
ORD_356907,CUST_006,Drinks,Orange Juice,3.0,5.0,15.0,2023-02-12,Credit Card,Sunday,17
ORD_514166,CUST_054,Drinks,Water,1.0,3.0,3.0,2023-04-28,Credit Card,Friday,16
ORD_804574,CUST_005,Main Dishes,Grilled Chicken,15.0,4.0,60.0,2023-08-26,Credit Card,Saturday,25
ORD_817037,CUST_087,Desserts,Ice Cream,5.0,3.0,15.0,2022-07-01,Credit Card,Friday,25
ORD_547274,CUST_062,Main Dishes,Grilled Chicken,15.0,5.0,75.0,2022-06-29,Cash,Wednesday,19
ORD_122644,CUST_011,Side Dishes,Side Salad,3.0,1.0,3.0,2022-12-31,Digital Wallet,Saturday,23
ORD_271238,CUST_098,Desserts,Brownie,6.0,3.0,18.0,2022-03-31,Digital Wallet,Thursday,32
ORD_692954,CUST_065,Side Dishes,Mashed Potatoes,4.0,3.0,12.0,2022-05-16,Credit Card,Monday,22
ORD_822252,CUST_099,Side Dishes,Mashed Potatoes,4.0,2.0,8.0,2023-10-28,Digital Wallet,Saturday,12
ORD_123842,CUST_051,Side Dishes,Onion Rings,5.0,3.0,20.0,2022-03-06,Digital Wallet,Sunday,25
ORD_353876,CUST_034,Desserts,Cheesecake,7.0,5.0,35.0,2023-01-21,Credit Card,Saturday,21
ORD_782900,CUST_075,Main Dishes,Steak,20.0,5.0,100.0,2023-12-27,Digital Wallet,Wednesday,27
ORD_991931,CUST_054,Main Dishes,Salmon,18.0,5.0,90.0,2022-03-09,Cash,Wednesday,17
ORD_162644,CUST_075,Side Dishes,Side Salad,3.0,2.0,6.0,2022-09-08,Cash,Thursday,28
ORD_572598,CUST_027,Main Dishes,Pasta Alfredo,12.0,3.0,36.0,2023-11-09,Credit Card,Thursday,20
ORD_755686,CUST_041,Side Dishes,Garlic Bread,4.0,2.0,8.0,2023-12-29,Digital Wallet,Friday,24
ORD_234225,CUST_096,Side Dishes,French Fries,4.0,2.0,8.0,2023-07-06,Cash,Thursday,25
ORD_868288,CUST_001,Drinks,Coca Cola,2.5,4.0,10.0,2023-01-31,Cash,Tuesday,28
ORD_399136,CUST_088,Main Dishes,Grilled Chicken,15.0,4.0,60.0,2023-03-17,Credit Card,Friday,22
ORD_600795,CUST_082,Starters,Nachos Grande,10.0,3.0,30.0,2023-06-05,Digital Wallet,Monday,24
ORD_746822,CUST_053,Side Dishes,Side Salad,3.0,2.0,6.0,2023-10-03,Credit Card,Tuesday,19
ORD_100569,CUST_002,Starters,French Fries,4.0,5.0,20.0,2022-08-19,Digital Wallet,Friday,15
ORD_486182,CUST_010,Starters,Sweet Potato Fries,5.0,5.0,25.0,2023-06-08,Cash,Thursday,27
ORD_575725,CUST_059,Side Dishes,Side Salad,3.0,2.0,6.0,2023-05-17,Credit Card,Wednesday,22
ORD_800821,CUST_067,Drinks,Coca Cola,2.5,3.0,7.5,2022-06-14,Digital Wallet,Tuesday,20
ORD_607088,CUST_034,Starters,Chicken Melt,8.0,1.0,8.0,2022-09-08,Credit Card,Thursday,22
ORD_309570,CUST_092,Desserts,Chocolate Cake,6.0,2.0,12.0,2022-07-15,Cash,Friday,22
ORD_831630,CUST_095,Desserts,Brownie,6.0,2.0,12.0,2022-09-20,Cash,Tuesday,21
ORD_969967,CUST_052,Drinks,Coca Cola,2.5,1.0,2.5,2023-05-07,Cash,Sunday,16
ORD_315482,CUST_066,Desserts,Brownie,6.0,2.0,12.0,2023-06-24,Credit Card,Saturday,29
ORD_843066,CUST_099,Starters,French Fries,4.0,5.0,20.0,2022-08-19,Digital Wallet,Friday,13
ORD_271686,CUST_045,Side Dishes,Onion Rings,5.0,3.0,15.0,2022-05-09,Credit Card,Monday,20
ORD_623578,CUST_022,Side Dishes,Side Salad,3.0,1.0,3.0,2022-08-25,Cash,Thursday,19
ORD_962643,CUST_045,Desserts,Cheesecake,7.0,1.0,7.0,2023-05-29,Cash,Monday,21
ORD_902913,CUST_039,Desserts,Fruit Salad,4.0,3.0,12.0,2022-11-17,Cash,Thursday,26
ORD_939091,CUST_096,Starters,Cheese Fries,5.0,2.0,10.0,2023-12-23,Credit Card,Saturday,26
ORD_742740,CUST_073,Drinks,Lemonade,3.0,5.0,15.0,2022-04-15,Cash,Friday,28
ORD_229691,CUST_086,Main Dishes,Pasta Alfredo,12.0,4.0,48.0,2022-12-26,Digital Wallet,Monday,27
ORD_822030,CUST_030,Drinks,Lemonade,3.0,1.0,3.0,2023-12-05,Credit Card,Tuesday,19
ORD_955201,CUST_037,Main Dishes,Grilled Chicken,15.0,4.0,60.0,2022-12-31,Credit Card,Saturday,26
ORD_646592,CUST_030,Desserts,Chocolate Cake,6.0,5.0,30.0,2022-11-01,Digital Wallet,Tuesday,20
ORD_560988,CUST_022,Drinks,Water,1.0,2.0,2.0,2022-04-12,Cash,Tuesday,20
ORD_287514,CUST_019,Side Dishes,Mashed Potatoes,4.0,3.0,12.0,2022-05-27,Digital Wallet,Friday,18
ORD_937972,CUST_053,Main Dishes,Steak,20.0,1.0,20.0,2022-07-05,Digital Wallet,Tuesday,20
ORD_590539,CUST_097,Side Dishes,Grilled Vegetables,5.0,4.0,20.0,2023-11-06,Credit Card,Monday,25
ORD_390566,CUST_097,Drinks,Lemonade,3.0,5.0,15.0,2023-04-27,Digital Wallet,Thursday,26
ORD_605964,CUST_067,Starters,Cheese Fries,5.0,1.0,5.0,2022-04-26,Digital Wallet,Tuesday,21
ORD_836781,CUST_047,Desserts,Cheesecake,7.0,2.0,14.0,2023-05-30,Cash,Tuesday,15
ORD_695536,CUST_094,Side Dishes,Side Salad,3.0,5.0,15.0,2022-12-19,Cash,Monday,19
ORD_931157,CUST_087,Drinks,Coca Cola,2.5,3.0,12.5,2023-12-27,Credit Card,Wednesday,26
ORD_317873,CUST_032,Main Dishes,Pasta Alfredo,12.0,3.0,36.0,2023-04-26,Cash,Wednesday,22
ORD_890184,CUST_076,Starters,Sweet Potato Fries,5.0,4.0,20.0,2022-11-04,Credit Card,Friday,17
ORD_590570,CUST_055,Side Dishes,Side Salad,3.0,5.0,15.0,2023-07-17,Credit Card,Monday,27
ORD_543849,CUST_072,Drinks,Orange Juice,3.0,4.0,12.0,2022-01-03,Cash,Monday,17
ORD_112525,CUST_055,Side Dishes,Mashed Potatoes,4.0,2.0,8.0,2022-04-01,Credit Card,Friday,28
ORD_756021,CUST_071,Desserts,Cheesecake,7.0,3.0,21.0,2023-02-27,Cash,Monday,17
ORD_464906,CUST_007,Drinks,Water,1.0,5.0,5.0,2022-11-14,Credit Card,Monday,17
ORD_740994,CUST_011,Side Dishes,Lemonade,3.0,1.0,3.0,2023-05-01,Digital Wallet,Monday,24
ORD_891244,CUST_040,Main Dishes,Vegetarian Platter,14.0,2.0,28.0,2023-12-01,Cash,Friday,28
ORD_914808,CUST_050,Desserts,Ice Cream,5.0,4.0,20.0,2023-09-23,Credit Card,Saturday,22
ORD_954770,CUST_057,Main Dishes,Grilled Chicken,15.0,2.0,30.0,2022-12-25,Cash,Sunday,18
ORD_230942,CUST_068,Drinks,Iced Tea,2.5,2.0,5.0,2023-09-25,Digital Wallet,Monday,21
ORD_689048,CUST_008,Drinks,Water,1.0,2.0,2.0,2022-11-11,Credit Card,Friday,18
ORD_698499,CUST_090,Main Dishes,Grilled Chicken,15.0,3.0,45.0,2023-07-13,Cash,Thursday,24
ORD_145213,CUST_017,Side Dishes,Mashed Potatoes,4.0,5.0,20.0,2022-05-16,Digital Wallet,Monday,31
ORD_270326,CUST_059,Drinks,Orange Juice,3.0,2.0,6.0,2023-08-22,Digital Wallet,Tuesday,23
ORD_120996,CUST_008,Main Dishes,Grilled Chicken,15.0,3.0,45.0,2022-10-18,Digital Wallet,Tuesday,19
ORD_684535,CUST_015,Drinks,Coca Cola,2.5,3.0,7.5,2022-06-20,Cash,Monday,22
ORD_315159,CUST_011,Desserts,Brownie,6.0,1.0,6.0,2022-12-19,Digital Wallet,Monday,25
ORD_558789,CUST_057,Starters,Chicken Melt,8.0,3.0,24.0,2023-05-23,Cash,Tuesday,19
ORD_221387,CUST_006,Desserts,Fruit Salad,4.0,3.0,12.0,2023-08-22,Cash,Tuesday,18
ORD_753094,CUST_097,Starters,Sweet Potato Fries,5.0,1.0,5.0,2022-08-27,Cash,Saturday,27
ORD_561153,CUST_092,Starters,Cheese Fries,5.0,2.0,10.0,2022-07-01,Credit Card,Friday,23
ORD_900131,CUST_022,Starters,Beef Chili,7.0,5.0,35.0,2023-12-26,Digital Wallet,Tuesday,21
ORD_307689,CUST_066,Main Dishes,Steak,20.0,4.0,80.0,2023-12-20,Cash,Wednesday,30
ORD_188990,CUST_085,Desserts,Fruit Salad,4.0,5.0,20.0,2023-08-08,Cash,Tuesday,23
ORD_521020,CUST_041,Main Dishes,Grilled Chicken,15.0,1.0,15.0,2022-03-20,Cash,Sunday,25
ORD_589297,CUST_064,Desserts,Chocolate Cake,6.0,1.0,6.0,2022-05-04,Cash,Wednesday,19
ORD_486201,CUST_088,Drinks,Iced Tea,2.5,3.0,7.5,2023-01-08,Cash,Sunday,23
ORD_795807,CUST_028,Desserts,Brownie,6.0,4.0,24.0,2022-07-20,Digital Wallet,Wednesday,25
ORD_483494,CUST_039,Side Dishes,Mashed Potatoes,4.0,5.0,20.0,2023-01-19,Cash,Thursday,27
ORD_194956,CUST_074,Side Dishes,Mashed Potatoes,4.0,5.0,20.0,2022-07-27,Digital Wallet,Wednesday,18
ORD_675681,CUST_011,Starters,French Fries,4.0,5.0,20.0,2022-01-17,Credit Card,Monday,26
ORD_232381,CUST_016,Desserts,Ice Cream,5.0,4.0,20.0,2023-02-15,Digital Wallet,Wednesday,27
ORD_843667,CUST_095,Drinks,Coca Cola,2.5,4.0,10.0,2022-05-03,Credit Card,Tuesday,22
ORD_788360,CUST_032,Desserts,Ice Cream,5.0,4.0,20.0,2023-07-14,Digital Wallet,Friday,23
ORD_871870,CUST_005,Desserts,Brownie,6.0,3.0,18.0,2023-03-27,Digital Wallet,Monday,26
ORD_143287,CUST_086,Starters,Sweet Potato Fries,5.0,2.0,10.0,2022-11-13,Digital Wallet,Sunday,28
ORD_383544,CUST_003,Main Dishes,Vegetarian Platter,14.0,3.0,42.0,2023-06-22,Digital Wallet,Thursday,21
ORD_638136,CUST_098,Drinks,Iced Tea,2.5,5.0,12.5,2023-06-22,Credit Card,Thursday,33
ORD_507977,CUST_063,Side Dishes,Lemonade,3.0,3.0,9.0,2022-03-16,Credit Card,Wednesday,24
ORD_200136,CUST_097,Starters,Cheese Fries,5.0,5.0,25.0,2022-10-11,Cash,Tuesday,28
ORD_514805,CUST_020,Desserts,Ice Cream,5.0,1.0,5.0,2022-05-21,Credit Card,Saturday,29
ORD_582474,CUST_075,Side Dishes,Mashed Potatoes,4.0,4.0,16.0,2023-10-16,Cash,Monday,29
ORD_106272,CUST_040,Drinks,Coca Cola,2.5,3.0,7.5,2022-05-02,Credit Card,Monday,29
ORD_939308,CUST_064,Drinks,Water,1.0,2.0,2.0,2023-12-26,Cash,Tuesday,20
ORD_705908,CUST_033,Drinks,Iced Tea,2.5,4.0,10.0,2023-05-04,Credit Card,Thursday,19
ORD_429484,CUST_062,Drinks,Orange Juice,3.0,5.0,15.0,2023-08-10,Credit Card,Thursday,20
ORD_835110,CUST_076,Desserts,Ice Cream,5.0,4.0,20.0,2023-01-05,Credit Card,Thursday,18
ORD_269971,CUST_042,Desserts,Ice Cream,5.0,3.0,25.0,2022-02-09,Cash,Wednesday,25
ORD_310274,CUST_014,Drinks,Orange Juice,3.0,5.0,15.0,2023-05-06,Credit Card,Saturday,24
ORD_912775,CUST_013,Side Dishes,Grilled Vegetables,5.0,5.0,25.0,2023-03-09,Digital Wallet,Thursday,20
ORD_217398,CUST_030,Main Dishes,Steak,20.0,1.0,20.0,2023-04-29,Credit Card,Saturday,21
ORD_964970,CUST_077,Main Dishes,Steak,20.0,5.0,100.0,2022-11-20,Digital Wallet,Sunday,16
ORD_762478,CUST_072,Desserts,Ice Cream,5.0,1.0,5.0,2023-12-10,Cash,Sunday,18
ORD_635345,CUST_090,Main  Dishes,Pasta Alfredo,12.0,5.0,60.0,2023-03-07,Digital Wallet,Tuesday,25
ORD_744179,CUST_009,Desserts,Brownie,6.0,3.0,18.0,2023-06-08,Credit Card,Thursday,23
ORD_280799,CUST_096,Starters,French Fries,4.0,3.0,12.0,2023-12-23,Cash,Saturday,27
ORD_149660,CUST_019,Drinks,Water,1.0,4.0,4.0,2022-10-03,Digital Wallet,Monday,19
ORD_956109,CUST_072,Drinks,Coca Cola,2.5,3.0,7.5,2022-11-05,Digital Wallet,Saturday,19
ORD_525841,CUST_076,Side Dishes,Grilled Vegetables,5.0,1.0,5.0,2022-04-02,Credit Card,Saturday,19
ORD_169510,CUST_021,Drinks,Orange Juice,3.0,1.0,3.0,2023-02-23,Cash,Thursday,21
ORD_468557,CUST_059,Desserts,Chocolate Cake,6.0,4.0,24.0,2022-04-18,Digital Wallet,Monday,24
ORD_261070,CUST_033,Starters,Cheese Fries,5.0,3.0,15.0,2022-03-31,Credit Card,Thursday,20
ORD_817128,CUST_092,Main Dishes,Grilled Chicken,15.0,2.0,30.0,2023-06-14,Cash,Wednesday,24
ORD_150723,CUST_040,Main  Dishes,Pasta Alfredo,12.0,3.0,36.0,2022-09-20,Cash,Tuesday,30
ORD_193273,CUST_051,Desserts,Fruit Salad,4.0,1.0,4.0,2022-09-26,Credit Card,Monday,26
ORD_649212,CUST_010,Starters,Nachos Grande,10.0,2.0,20.0,2023-07-03,Credit Card,Monday,28
ORD_522550,CUST_079,Desserts,Ice Cream,5.0,3.0,15.0,2023-08-25,Digital Wallet,Friday,22
ORD_796058,CUST_061,Starters,Sweet Potato Fries,5.0,2.0,10.0,2023-10-11,Digital Wallet,Wednesday,21
ORD_958308,CUST_091,Desserts,Beef Chili,7.0,1.0,7.0,2022-01-25,Digital Wallet,Tuesday,21
ORD_572426,CUST_065,Desserts,Ice Cream,5.0,3.0,15.0,2022-05-11,Digital Wallet,Wednesday,23
ORD_759072,CUST_021,Main Dishes,Steak,20.0,3.0,60.0,2022-01-19,Credit Card,Wednesday,22
ORD_785987,CUST_098,Side Dishes,Lemonade,3.0,2.0,6.0,2022-08-31,Credit Card,Wednesday,34
ORD_190052,CUST_061,Main Dishes,Steak,20.0,2.0,40.0,2022-03-12,Digital Wallet,Saturday,22
ORD_766410,CUST_020,Side Dishes,Onion Rings,5.0,3.0,15.0,2023-10-26,Credit Card,Thursday,30
ORD_684678,CUST_066,Side Dishes,Ice Cream,5.0,3.0,25.0,2022-08-16,Digital Wallet,Tuesday,31
ORD_680745,CUST_008,Main Dishes,Salmon,18.0,3.0,54.0,2023-09-05,Digital Wallet,Tuesday,20
ORD_240230,CUST_094,Drinks,Water,1.0,3.0,3.0,2022-12-13,Cash,Tuesday,20
ORD_736715,CUST_007,Drinks,Iced Tea,2.5,5.0,12.5,2022-06-18,Credit Card,Saturday,18
ORD_278244,CUST_085,Drinks,Coca Cola,2.5,3.0,7.5,2022-10-29,Credit Card,Saturday,24
ORD_824904,CUST_062,Side Dishes,Garlic Bread,4.0,4.0,16.0,2022-01-19,Cash,Wednesday,21
ORD_421256,CUST_059,Main Dishes,Grilled Chicken,15.0,5.0,75.0,2022-09-11,Cash,Sunday,25
ORD_598368,CUST_070,Drinks,Orange Juice,3.0,2.0,6.0,2022-06-21,Credit Card,Tuesday,14
ORD_624508,CUST_028,Drinks,Orange Juice,3.0,1.0,3.0,2023-04-27,Digital Wallet,Thursday,26
ORD_182625,CUST_034,Starters,Cheese Fries,5.0,1.0,5.0,2022-03-09,Cash,Wednesday,23
ORD_577245,CUST_056,Side Dishes,Side Salad,3.0,5.0,15.0,2022-01-04,Credit Card,Tuesday,27
ORD_115879,CUST_063,Main Dishes,Grilled Chicken,15.0,1.0,15.0,2023-10-18,Cash,Wednesday,25
ORD_974594,CUST_050,Starters,Ice Cream,5.0,5.0,25.0,2022-02-25,Credit Card,Friday,23
ORD_452061,CUST_069,Side Dishes,Side Salad,3.0,2.0,6.0,2023-05-23,Cash,Tuesday,20
ORD_697018,CUST_010,Main Dishes,Pasta Alfredo,12.0,2.0,24.0,2023-08-27,Credit Card,Sunday,29
ORD_897674,CUST_004,Side Dishes,Grilled Vegetables,5.0,4.0,20.0,2023-12-23,Credit Card,Saturday,29
ORD_805967,CUST_070,Side Dishes,Side Salad,3.0,3.0,9.0,2023-12-24,Cash,Sunday,15
ORD_594119,CUST_052,Side Dishes,Mashed Potatoes,4.0,4.0,16.0,2022-09-05,Credit Card,Monday,17
ORD_833202,CUST_065,Main Dishes,Pasta Alfredo,12.0,1.0,12.0,2022-02-12,Digital Wallet,Saturday,24
ORD_828904,CUST_007,Starters,Ice Cream,5.0,4.0,20.0,2023-08-26,Digital Wallet,Saturday,19
ORD_564005,CUST_079,Side Dishes,Grilled Vegetables,5.0,3.0,15.0,2023-10-07,Cash,Saturday,23
ORD_398335,CUST_047,Main Dishes,Grilled Chicken,15.0,4.0,60.0,2023-08-09,Cash,Wednesday,16
ORD_172761,CUST_045,Desserts,Cheesecake,7.0,5.0,35.0,2023-11-02,Digital Wallet,Thursday,22
ORD_276948,CUST_055,Drinks,Water,1.0,2.0,2.0,2023-06-20,Credit Card,Tuesday,29
ORD_650189,CUST_013,Desserts,Chocolate Cake,6.0,1.0,6.0,2023-05-23,Cash,Tuesday,21
ORD_208887,CUST_025,Desserts,Chocolate Cake,6.0,1.0,6.0,2022-08-30,Credit Card,Tuesday,25
ORD_284705,CUST_076,Side Dishes,Grilled Vegetables,5.0,3.0,5.0,2023-05-24,Credit Card,Wednesday,20
ORD_616852,CUST_006,Main Dishes,Grilled Chicken,15.0,4.0,60.0,2022-12-17,Cash,Saturday,19
ORD_619874,CUST_031,Starters,Nachos Grande,10.0,3.0,30.0,2023-10-13,Cash,Friday,23
ORD_376310,CUST_100,Main Dishes,Pasta Alfredo,12.0,1.0,12.0,2022-11-09,Cash,Wednesday,26
ORD_362210,CUST_031,Desserts,French Fries,4.0,1.0,4.0,2023-11-29,Digital Wallet,Wednesday,24
ORD_737107,CUST_009,Main Dishes,Pasta Alfredo,12.0,3.0,36.0,2023-12-26,Digital Wallet,Tuesday,24
ORD_897101,CUST_073,Side Dishes,Mashed Potatoes,4.0,5.0,20.0,2022-08-08,Digital Wallet,Monday,29
ORD_379982,CUST_012,Main Dishes,Pasta Alfredo,12.0,2.0,24.0,2022-01-17,Credit Card,Monday,24
ORD_199471,CUST_026,Starters,Nachos Grande,10.0,2.0,20.0,2023-07-23,Credit Card,Sunday,24
ORD_908831,CUST_046,Drinks,Lemonade,3.0,1.0,3.0,2023-09-26,Credit Card,Tuesday,24
ORD_525285,CUST_039,Side Dishes,Grilled Vegetables,5.0,1.0,5.0,2023-07-28,Cash,Friday,28
ORD_509924,CUST_057,Main Dishes,Vegetarian Platter,14.0,5.0,70.0,2022-03-07,Credit Card,Monday,20
ORD_115173,CUST_004,Starters,Sweet Potato Fries,5.0,2.0,10.0,2022-12-19,Credit Card,Monday,30
ORD_575143,CUST_034,Drinks,Orange Juice,3.0,2.0,6.0,2023-12-31,Credit Card,Sunday,24
ORD_976478,CUST_059,Side Dishes,Side Salad,3.0,4.0,12.0,2022-06-27,Credit Card,Monday,26
ORD_251184,CUST_048,Desserts,Ice Cream,5.0,1.0,5.0,2022-02-25,Cash,Friday,24
ORD_655843,CUST_082,Desserts,Brownie,6.0,5.0,30.0,2023-09-30,Cash,Saturday,25
ORD_905300,CUST_005,Desserts,Brownie,6.0,2.0,12.0,2022-06-25,Credit Card,Saturday,27
ORD_133000,CUST_042,Side Dishes,Garlic Bread,4.0,5.0,20.0,2022-08-23,Digital Wallet,Tuesday,26
ORD_866922,CUST_008,Drinks,Iced Tea,2.5,2.0,5.0,2022-02-21,Cash,Monday,21
ORD_539086,CUST_059,Side Dishes,Garlic Bread,4.0,5.0,20.0,2023-08-20,Credit Card,Sunday,27
ORD_514522,CUST_055,Desserts,Ice Cream,5.0,4.0,20.0,2023-03-20,Digital Wallet,Monday,30
ORD_390422,CUST_091,Starters,Cheese Fries,5.0,3.0,15.0,2022-08-29,Cash,Monday,22
ORD_910191,CUST_068,Main Dishes,Steak,20.0,4.0,80.0,2022-10-23,Cash,Sunday,22
ORD_420624,CUST_095,Side Dishes,Ice Cream,5.0,5.0,25.0,2023-03-18,Digital Wallet,Saturday,23
ORD_740589,CUST_009,Side Dishes,Mashed Potatoes,4.0,4.0,16.0,2022-03-29,Digital Wallet,Tuesday,25
ORD_974141,CUST_062,Side Dishes,Mashed Potatoes,4.0,2.0,8.0,2023-07-04,Digital Wallet,Tuesday,22
ORD_469269,CUST_075,Main Dishes,Steak,20.0,3.0,60.0,2022-07-13,Digital Wallet,Wednesday,30
ORD_774578,CUST_030,Drinks,Lemonade,3.0,4.0,12.0,2023-12-31,Credit Card,Sunday,22
ORD_596774,CUST_098,Main Dishes,Grilled Chicken,15.0,3.0,45.0,2023-05-28,Cash,Sunday,35
ORD_927180,CUST_043,Starters,Cheese Fries,5.0,4.0,20.0,2023-12-16,Cash,Saturday,29
ORD_914208,CUST_067,Main Dishes,Steak,20.0,2.0,40.0,2022-03-31,Credit Card,Thursday,22
ORD_361022,CUST_068,Drinks,Coca Cola,2.5,5.0,12.5,2023-11-26,Cash,Sunday,23
ORD_361003,CUST_054,Side Dishes,Side Salad,3.0,1.0,3.0,2022-06-04,Cash,Saturday,18
ORD_952319,CUST_090,Drinks,Water,1.0,2.0,2.0,2022-07-05,Digital Wallet,Tuesday,26
ORD_105005,CUST_082,Starters,French Fries,4.0,5.0,20.0,2022-01-17,Credit Card,Monday,26
ORD_466809,CUST_009,Main Dishes,Pasta Alfredo,12.0,5.0,60.0,2022-06-30,Digital Wallet,Thursday,26
ORD_183367,CUST_099,Main Dishes,Salmon,18.0,1.0,18.0,2022-03-08,Digital Wallet,Tuesday,14
ORD_763973,CUST_058,Desserts,Ice Cream,5.0,5.0,25.0,2023-11-04,Digital Wallet,Saturday,20
ORD_787728,CUST_033,Desserts,Fruit Salad,4.0,5.0,20.0,2023-02-25,Digital Wallet,Saturday,21
ORD_103562,CUST_084,Desserts,Chocolate Cake,6.0,2.0,12.0,2022-05-12,Digital Wallet,Thursday,18
ORD_865912,CUST_066,Desserts,Chocolate Cake,6.0,4.0,24.0,2023-03-08,Digital Wallet,Wednesday,32
ORD_115676,CUST_058,Desserts,Brownie,6.0,2.0,12.0,2023-07-19,Digital Wallet,Wednesday,21
ORD_297896,CUST_061,Desserts,Brownie,6.0,5.0,30.0,2023-05-06,Credit Card,Saturday,23
ORD_307721,CUST_072,Starters,French Fries,4.0,2.0,8.0,2023-09-20,Digital Wallet,Wednesday,20
ORD_521678,CUST_030,Side Dishes,Garlic Bread,4.0,5.0,20.0,2022-07-11,Cash,Monday,23
ORD_861658,CUST_021,Desserts,Brownie,6.0,3.0,6.0,2023-11-09,Digital Wallet,Thursday,23
ORD_771998,CUST_070,Drinks,Water,1.0,4.0,4.0,2022-01-11,Credit Card,Tuesday,16
ORD_689194,CUST_096,Drinks,Orange Juice,3.0,3.0,9.0,2022-05-24,Digital Wallet,Tuesday,28
ORD_850622,CUST_032,Drinks,Coca Cola,2.5,3.0,12.5,2022-10-06,Credit Card,Thursday,24
ORD_282871,CUST_064,Side Dishes,Mashed Potatoes,4.0,5.0,20.0,2022-08-08,Credit Card,Monday,21
ORD_263544,CUST_071,Side Dishes,Garlic Bread,4.0,5.0,20.0,2022-06-01,Digital Wallet,Wednesday,18
ORD_461972,CUST_091,Side Dishes,Mashed Potatoes,4.0,3.0,12.0,2023-07-06,Credit Card,Thursday,23
ORD_419164,CUST_077,Main Dishes,Pasta Alfredo,12.0,5.0,60.0,2022-07-22,Cash,Friday,17
ORD_398763,CUST_053,Side Dishes,Side Salad,3.0,2.0,6.0,2023-09-26,Cash,Tuesday,21
ORD_992365,CUST_074,Main Dishes,Pasta Alfredo,12.0,2.0,24.0,2022-04-17,Digital Wallet,Sunday,19
ORD_916351,CUST_001,Starters,Chicken Melt,8.0,5.0,40.0,2023-08-15,Credit Card,Tuesday,29
ORD_886513,CUST_016,Main Dishes,Pasta Alfredo,12.0,3.0,36.0,2022-03-13,Digital Wallet,Sunday,28
ORD_429528,CUST_080,Side Dishes,Grilled Vegetables,5.0,4.0,20.0,2022-03-21,Digital Wallet,Monday,20
ORD_459486,CUST_039,Side Dishes,Onion Rings,5.0,4.0,20.0,2023-04-04,Cash,Tuesday,29
ORD_615365,CUST_074,Side Dishes,Garlic Bread,4.0,3.0,12.0,2022-10-28,Credit Card,Friday,20
ORD_688790,CUST_075,Drinks,Coca Cola,2.5,1.0,2.5,2023-09-17,Digital Wallet,Sunday,31
ORD_837041,CUST_017,Starters,Cheese Fries,5.0,1.0,5.0,2022-05-13,Credit Card,Friday,32
ORD_851259,CUST_029,Drinks,Iced Tea,2.5,3.0,7.5,2022-04-17,Cash,Sunday,19
ORD_441508,CUST_084,Side Dishes,Mashed Potatoes,4.0,4.0,16.0,2023-10-22,Digital Wallet,Sunday,19
ORD_316145,CUST_050,Drinks,Orange Juice,3.0,5.0,15.0,2022-05-14,Cash,Saturday,24
ORD_178332,CUST_047,Starters,French Fries,4.0,3.0,12.0,2023-11-11,Digital Wallet,Saturday,17
ORD_292778,CUST_041,Side Dishes,Onion Rings,5.0,3.0,15.0,2023-08-17,Cash,Thursday,26
ORD_326674,CUST_038,Side Dishes,Onion Rings,5.0,2.0,10.0,2022-03-02,Credit Card,Wednesday,23
ORD_615885,CUST_075,Drinks,Water,1.0,5.0,5.0,2022-10-15,Cash,Saturday,32
ORD_154280,CUST_056,Side Dishes,Grilled Vegetables,5.0,1.0,5.0,2022-09-05,Cash,Monday,28
ORD_853745,CUST_008,Main Dishes,Vegetarian Platter,14.0,3.0,42.0,2023-07-13,Digital Wallet,Thursday,22
ORD_868487,CUST_075,Main Dishes,Pasta Alfredo,12.0,3.0,48.0,2023-04-07,Cash,Friday,33
ORD_451717,CUST_090,Starters,Chicken Melt,8.0,4.0,32.0,2022-09-06,Cash,Tuesday,27
ORD_819897,CUST_080,Drinks,Lemonade,3.0,2.0,6.0,2023-05-03,Cash,Wednesday,21
ORD_486779,CUST_044,Starters,Nachos Grande,10.0,3.0,30.0,2022-10-26,Digital Wallet,Wednesday,25
ORD_499395,CUST_051,Main Dishes,Pasta Alfredo,12.0,4.0,48.0,2022-10-24,Cash,Monday,27
ORD_635559,CUST_042,Starters,Nachos Grande,10.0,5.0,50.0,2023-11-15,Cash,Wednesday,27
ORD_369750,CUST_044,Drinks,Coca Cola,2.5,3.0,7.5,2022-05-08,Credit Card,Sunday,26
ORD_425408,CUST_060,Desserts,Brownie,6.0,5.0,30.0,2022-11-27,Credit Card,Sunday,20
ORD_204922,CUST_096,Drinks,Coca Cola,2.5,1.0,2.5,2023-03-15,Cash,Wednesday,29
ORD_406277,CUST_049,Starters,French Fries,4.0,4.0,16.0,2022-03-23,Cash,Wednesday,21
ORD_490197,CUST_057,Desserts,Cheesecake,7.0,5.0,35.0,2022-02-10,Cash,Thursday,21
ORD_554850,CUST_084,Drinks,Iced Tea,2.5,1.0,2.5,2023-05-14,Digital Wallet,Sunday,20
ORD_871951,CUST_047,Desserts,Cheesecake,7.0,4.0,28.0,2023-07-28,Cash,Friday,18
ORD_854653,CUST_025,Desserts,Chocolate Cake,6.0,2.0,12.0,2022-03-10,Digital Wallet,Thursday,26
ORD_307229,CUST_053,Side Dishes,Garlic Bread,4.0,4.0,16.0,2023-04-29,Cash,Saturday,22
ORD_509618,CUST_079,Desserts,Chocolate Cake,6.0,4.0,24.0,2022-02-08,Cash,Tuesday,24
ORD_127475,CUST_013,Starters,Beef Chili,7.0,5.0,35.0,2022-04-22,Credit Card,Friday,22
ORD_786954,CUST_053,Desserts,Brownie,6.0,3.0,18.0,2023-03-13,Credit Card,Monday,23
ORD_420975,CUST_021,Starters,Nachos Grande,10.0,3.0,10.0,2022-06-29,Digital Wallet,Wednesday,24
ORD_405669,CUST_051,Main Dishes,Vegetarian Platter,14.0,5.0,70.0,2022-05-10,Cash,Tuesday,28
ORD_642762,CUST_019,Side Dishes,Side Salad,3.0,3.0,9.0,2023-09-09,Digital Wallet,Saturday,20
ORD_912812,CUST_062,Side Dishes,Mashed Potatoes,4.0,1.0,4.0,2023-08-29,Credit Card,Tuesday,23
ORD_877261,CUST_036,Drinks,Coca Cola,2.5,1.0,2.5,2023-03-30,Credit Card,Thursday,27
ORD_818385,CUST_044,Desserts,Brownie,6.0,1.0,6.0,2022-04-11,Credit Card,Monday,27
ORD_175452,CUST_053,Drinks,Lemonade,3.0,3.0,9.0,2023-08-17,Digital Wallet,Thursday,24
ORD_203413,CUST_069,Desserts,Fruit Salad,4.0,4.0,16.0,2022-11-15,Digital Wallet,Tuesday,21
ORD_582343,CUST_026,Drinks,Orange Juice,3.0,3.0,15.0,2023-05-17,Cash,Wednesday,25
ORD_372754,CUST_028,Desserts,Ice Cream,5.0,5.0,25.0,2022-10-10,Digital Wallet,Monday,27
ORD_326378,CUST_064,Starters,Cheese Fries,5.0,5.0,25.0,2022-12-03,Digital Wallet,Saturday,22
ORD_794680,CUST_065,Side Dishes,Garlic Bread,4.0,1.0,4.0,2022-05-03,Digital Wallet,Tuesday,25
ORD_559692,CUST_067,Side Dishes,Garlic Bread,4.0,5.0,20.0,2022-10-18,Credit Card,Tuesday,23
ORD_769808,CUST_090,Starters,French Fries,4.0,2.0,8.0,2023-12-09,Cash,Saturday,28
ORD_462704,CUST_011,Starters,Sweet Potato Fries,5.0,1.0,5.0,2022-05-26,Digital Wallet,Thursday,27
ORD_114396,CUST_094,Starters,French Fries,4.0,3.0,12.0,2023-05-11,Digital Wallet,Thursday,21
ORD_277428,CUST_037,Desserts,Cheesecake,7.0,5.0,35.0,2023-03-14,Credit Card,Tuesday,27
ORD_206823,CUST_042,Desserts,Ice Cream,5.0,4.0,20.0,2023-07-15,Cash,Saturday,28
ORD_673034,CUST_030,Side Dishes,Onion Rings,5.0,3.0,15.0,2022-09-24,Credit Card,Saturday,24
ORD_824967,CUST_044,Desserts,Ice Cream,5.0,3.0,20.0,2023-08-30,Credit Card,Wednesday,28
ORD_560470,CUST_008,Main Dishes,Pasta Alfredo,12.0,3.0,36.0,2023-09-02,Digital Wallet,Saturday,23
ORD_422864,CUST_025,Main Dishes,Grilled Chicken,15.0,2.0,30.0,2023-10-26,Cash,Thursday,27
ORD_642720,CUST_037,Desserts,Chocolate Cake,6.0,5.0,30.0,2023-11-09,Digital Wallet,Thursday,28
ORD_357000,CUST_044,Side Dishes,Side Salad,3.0,4.0,12.0,2023-08-25,Credit Card,Friday,29
ORD_216140,CUST_079,Starters,Chicken Melt,8.0,2.0,16.0,2022-07-12,Cash,Tuesday,25
ORD_701588,CUST_099,Main Dishes,Pasta Alfredo,12.0,3.0,24.0,2023-08-06,Digital Wallet,Sunday,15
ORD_896357,CUST_092,Starters,Ice Cream,5.0,5.0,25.0,2022-07-20,Cash,Wednesday,25
ORD_643864,CUST_058,Main Dishes,Pasta Alfredo,12.0,4.0,48.0,2023-08-26,Credit Card,Saturday,22
ORD_975756,CUST_070,Drinks,Water,1.0,5.0,5.0,2022-06-21,Credit Card,Tuesday,17
ORD_818478,CUST_094,Desserts,Brownie,6.0,1.0,6.0,2023-05-29,Cash,Monday,22
ORD_511921,CUST_086,Side Dishes,French Fries,4.0,4.0,16.0,2022-11-12,Cash,Saturday,29
ORD_671264,CUST_062,Desserts,Chocolate Cake,6.0,2.0,12.0,2022-07-11,Cash,Monday,24
ORD_239709,CUST_091,Desserts,Cheesecake,7.0,2.0,14.0,2023-10-01,Cash,Sunday,24
ORD_214057,CUST_089,Main Dishes,Steak,20.0,3.0,60.0,2022-07-01,Digital Wallet,Friday,21
ORD_409426,CUST_094,Desserts,Chocolate Cake,6.0,2.0,12.0,2022-08-05,Cash,Friday,23
ORD_487027,CUST_019,Drinks,Coca Cola,2.5,2.0,5.0,2022-10-14,Credit Card,Friday,21
ORD_737716,CUST_083,Side Dishes,Side Salad,3.0,5.0,15.0,2023-01-03,Credit Card,Tuesday,22
ORD_618486,CUST_080,Desserts,Fruit Salad,4.0,5.0,20.0,2022-05-30,Digital Wallet,Monday,22
ORD_557804,CUST_078,Main Dishes,Grilled Chicken,15.0,4.0,60.0,2022-10-04,Digital Wallet,Tuesday,19
ORD_480844,CUST_033,Side Dishes,Ice Cream,5.0,2.0,10.0,2022-06-25,Cash,Saturday,22
ORD_726752,CUST_007,Side Dishes,Mashed Potatoes,4.0,1.0,4.0,2023-11-05,Credit Card,Sunday,20
ORD_517996,CUST_080,Main Dishes,Grilled Chicken,15.0,2.0,30.0,2023-10-22,Digital Wallet,Sunday,23
ORD_467115,CUST_082,Drinks,Coca Cola,2.5,3.0,7.5,2023-10-27,Digital Wallet,Friday,27
ORD_877616,CUST_009,Desserts,Ice Cream,5.0,4.0,20.0,2022-10-16,Digital Wallet,Sunday,27
ORD_501134,CUST_081,Starters,Beef Chili,7.0,3.0,21.0,2023-04-24,Cash,Monday,23
ORD_420693,CUST_025,Drinks,Coca Cola,2.5,2.0,5.0,2022-07-28,Digital Wallet,Thursday,28
ORD_499801,CUST_091,Starters,French Fries,4.0,5.0,20.0,2023-02-24,Digital Wallet,Friday,25
ORD_668080,CUST_018,Drinks,Lemonade,3.0,5.0,15.0,2022-02-15,Digital Wallet,Tuesday,29
ORD_175206,CUST_046,Main Dishes,Salmon,18.0,3.0,54.0,2022-06-09,Cash,Thursday,25
ORD_141095,CUST_091,Desserts,Ice Cream,5.0,4.0,20.0,2023-09-22,Digital Wallet,Friday,26
ORD_317530,CUST_036,Starters,Cheese Fries,5.0,4.0,20.0,2022-12-22,Credit Card,Thursday,28
ORD_162275,CUST_036,Side Dishes,Onion Rings,5.0,3.0,15.0,2022-02-02,Credit Card,Wednesday,29
ORD_618216,CUST_074,Starters,Cheese Fries,5.0,5.0,25.0,2022-04-02,Cash,Saturday,21
ORD_151080,CUST_049,Main Dishes,Salmon,18.0,3.0,54.0,2022-12-14,Credit Card,Wednesday,22
ORD_537332,CUST_001,Starters,Beef Chili,7.0,3.0,21.0,2023-04-11,Credit Card,Tuesday,30
ORD_958139,CUST_061,Side Dishes,Mashed Potatoes,4.0,3.0,12.0,2022-11-26,Cash,Saturday,24
ORD_701151,CUST_035,Side Dishes,Garlic Bread,4.0,1.0,4.0,2022-11-06,Credit Card,Sunday,16
ORD_709058,CUST_053,Main Dishes,Salmon,18.0,3.0,54.0,2023-07-13,Credit Card,Thursday,25
ORD_539370,CUST_090,Side Dishes,Side Salad,3.0,5.0,15.0,2022-10-19,Digital Wallet,Wednesday,29
ORD_763414,CUST_087,Side Dishes,Grilled Vegetables,5.0,3.0,15.0,2023-07-11,Credit Card,Tuesday,27
ORD_587030,CUST_050,Starters,Sweet Potato Fries,5.0,2.0,10.0,2022-03-12,Digital Wallet,Saturday,25
ORD_492336,CUST_023,Starters,French Fries,4.0,4.0,16.0,2022-03-12,Cash,Saturday,25
ORD_851105,CUST_051,Desserts,Fruit Salad,4.0,4.0,16.0,2023-11-04,Credit Card,Saturday,29
ORD_673129,CUST_022,Side Dishes,Mashed Potatoes,4.0,3.0,12.0,2023-06-29,Digital Wallet,Thursday,22
ORD_277901,CUST_016,Side Dishes,Side Salad,3.0,1.0,3.0,2022-04-08,Cash,Friday,29
ORD_834258,CUST_075,Drinks,Lemonade,3.0,4.0,12.0,2022-08-02,Cash,Tuesday,34
ORD_210135,CUST_012,Starters,Chicken Melt,8.0,1.0,8.0,2023-09-01,Digital Wallet,Friday,25
ORD_385896,CUST_050,Starters,Beef Chili,7.0,3.0,28.0,2023-07-26,Cash,Wednesday,26
ORD_519245,CUST_092,Side Dishes,Side Salad,3.0,3.0,9.0,2022-05-26,Digital Wallet,Thursday,26
ORD_402901,CUST_097,Side Dishes,Onion Rings,5.0,5.0,25.0,2023-08-06,Cash,Sunday,29
ORD_805199,CUST_007,Starters,French Fries,4.0,3.0,12.0,2023-09-06,Credit Card,Wednesday,21
ORD_186423,CUST_056,Starters,Sweet Potato Fries,5.0,5.0,25.0,2023-08-15,Cash,Tuesday,29
ORD_858852,CUST_099,Drinks,Lemonade,3.0,1.0,3.0,2023-12-25,Credit Card,Monday,16
ORD_647077,CUST_001,Desserts,Chocolate Cake,6.0,3.0,18.0,2023-12-23,Cash,Saturday,31
ORD_330207,CUST_089,Starters,Chicken Melt,8.0,3.0,24.0,2023-02-07,Cash,Tuesday,22
ORD_583137,CUST_046,Drinks,Lemonade,3.0,4.0,12.0,2022-04-15,Credit Card,Friday,26
ORD_229649,CUST_093,Starters,French Fries,4.0,2.0,8.0,2022-07-13,Digital Wallet,Wednesday,23
ORD_818955,CUST_075,Desserts,Ice Cream,5.0,1.0,5.0,2022-09-02,Cash,Friday,35
ORD_878124,CUST_063,Desserts,Fruit Salad,4.0,3.0,20.0,2022-06-21,Cash,Tuesday,26
ORD_358061,CUST_070,Desserts,Chocolate Cake,6.0,3.0,18.0,2022-11-01,Cash,Tuesday,18
ORD_249277,CUST_088,Main Dishes,Grilled Chicken,15.0,2.0,30.0,2022-05-11,Cash,Wednesday,24
ORD_744326,CUST_056,Desserts,Brownie,6.0,3.0,18.0,2023-04-11,Credit Card,Tuesday,30
ORD_973203,CUST_059,Side Dishes,Garlic Bread,4.0,2.0,8.0,2022-10-28,Cash,Friday,28
ORD_137206,CUST_031,Side Dishes,Grilled Vegetables,5.0,2.0,10.0,2022-12-01,Cash,Thursday,25
ORD_898573,CUST_032,Side Dishes,French Fries,4.0,3.0,16.0,2022-06-18,Digital Wallet,Saturday,25
ORD_172783,CUST_077,Main Dishes,Vegetarian Platter,14.0,3.0,42.0,2022-08-28,Cash,Sunday,18
ORD_359561,CUST_026,Drinks,Lemonade,3.0,1.0,3.0,2022-01-19,Cash,Wednesday,26
ORD_600498,CUST_052,Side Dishes,Side Salad,3.0,2.0,6.0,2022-03-20,Cash,Sunday,18
ORD_523394,CUST_081,Main Dishes,Grilled Chicken,15.0,2.0,30.0,2022-11-03,Credit Card,Thursday,24
ORD_418563,CUST_021,Desserts,Brownie,6.0,5.0,30.0,2022-07-10,Credit Card,Sunday,25
ORD_190895,CUST_049,Starters,Chicken Melt,8.0,2.0,16.0,2023-04-20,Credit Card,Thursday,23
ORD_214547,CUST_018,Main Dishes,Pasta Alfredo,12.0,1.0,12.0,2023-03-17,Digital Wallet,Friday,30
ORD_881600,CUST_006,Drinks,Iced Tea,2.5,3.0,7.5,2022-02-17,Cash,Thursday,20
ORD_196502,CUST_054,Starters,Sweet Potato Fries,5.0,3.0,15.0,2023-08-04,Cash,Friday,19
ORD_679378,CUST_044,Drinks,Iced Tea,2.5,3.0,7.5,2023-05-20,Credit Card,Saturday,30
ORD_890724,CUST_033,Side Dishes,Side Salad,3.0,4.0,12.0,2023-04-16,Credit Card,Sunday,23
ORD_419626,CUST_070,Main Dishes,Grilled Chicken,15.0,3.0,60.0,2023-05-31,Cash,Wednesday,19
ORD_397203,CUST_068,Side Dishes,Grilled Vegetables,5.0,3.0,15.0,2023-12-12,Credit Card,Tuesday,24
ORD_573716,CUST_029,Desserts,Brownie,6.0,3.0,18.0,2022-08-22,Credit Card,Monday,20
ORD_488541,CUST_090,Drinks,Water,1.0,1.0,1.0,2023-11-07,Digital Wallet,Tuesday,30
ORD_818842,CUST_003,Desserts,Chocolate Cake,6.0,3.0,6.0,2023-08-22,Cash,Tuesday,22
ORD_822778,CUST_032,Main Dishes,Grilled Chicken,15.0,5.0,75.0,2022-06-26,Cash,Sunday,26
ORD_764076,CUST_064,Main Dishes,Grilled Chicken,15.0,4.0,60.0,2023-04-20,Credit Card,Thursday,23
ORD_237448,CUST_048,Desserts,Fruit Salad,4.0,4.0,16.0,2023-07-29,Digital Wallet,Saturday,25
ORD_487470,CUST_072,Desserts,Brownie,6.0,2.0,12.0,2022-10-28,Digital Wallet,Friday,21
ORD_947208,CUST_017,Desserts,French Fries,4.0,4.0,16.0,2023-10-26,Credit Card,Thursday,33
ORD_835534,CUST_015,Side Dishes,Side Salad,3.0,4.0,12.0,2022-01-26,Cash,Wednesday,23
ORD_110882,CUST_076,Main Dishes,Grilled Chicken,15.0,1.0,15.0,2022-08-28,Digital Wallet,Sunday,21
ORD_105930,CUST_096,Side Dishes,Onion Rings,5.0,2.0,10.0,2023-07-15,Digital Wallet,Saturday,30
ORD_525737,CUST_047,Drinks,Lemonade,3.0,3.0,9.0,2023-06-26,Cash,Monday,19
ORD_640913,CUST_060,Starters,Beef Chili,7.0,5.0,35.0,2023-06-15,Cash,Thursday,21
ORD_332382,CUST_031,Drinks,Orange Juice,3.0,2.0,6.0,2023-11-09,Digital Wallet,Thursday,26
ORD_616678,CUST_009,Starters,Ice Cream,5.0,1.0,5.0,2023-06-26,Digital Wallet,Monday,28
ORD_795714,CUST_052,Starters,French Fries,4.0,3.0,12.0,2022-10-07,Credit Card,Friday,19
ORD_812510,CUST_082,Drinks,Coca Cola,2.5,1.0,2.5,2022-01-06,Digital Wallet,Thursday,28
ORD_862136,CUST_089,Side Dishes,Mashed Potatoes,4.0,4.0,16.0,2022-10-24,Cash,Monday,23
ORD_705198,CUST_045,Starters,French Fries,4.0,1.0,4.0,2023-12-17,Digital Wallet,Sunday,23
ORD_647766,CUST_054,Desserts,Ice Cream,5.0,4.0,20.0,2022-10-24,Cash,Monday,20
ORD_247259,CUST_041,Drinks,Orange Juice,3.0,5.0,15.0,2022-10-24,Digital Wallet,Monday,27
ORD_553463,CUST_033,Side Dishes,French Fries,4.0,1.0,4.0,2022-07-20,Digital Wallet,Wednesday,24
ORD_713272,CUST_009,Starters,Cheese Fries,5.0,2.0,10.0,2022-04-16,Digital Wallet,Saturday,29
ORD_510824,CUST_092,Starters,Beef Chili,7.0,3.0,21.0,2022-05-15,Credit Card,Sunday,27
ORD_172007,CUST_063,Main Dishes,Vegetarian Platter,14.0,2.0,28.0,2023-03-07,Credit Card,Tuesday,27
ORD_922329,CUST_011,Starters,Cheese Fries,5.0,5.0,25.0,2023-10-30,Cash,Monday,28
ORD_444528,CUST_001,Drinks,Lemonade,3.0,4.0,12.0,2022-12-24,Credit Card,Saturday,32
ORD_346626,CUST_006,Main Dishes,Salmon,18.0,2.0,36.0,2022-07-04,Digital Wallet,Monday,21
ORD_337746,CUST_019,Drinks,Water,1.0,1.0,1.0,2023-09-29,Digital Wallet,Friday,22
ORD_903982,CUST_051,Side Dishes,Onion Rings,5.0,1.0,5.0,2023-07-01,Digital Wallet,Saturday,30
ORD_176971,CUST_054,Main Dishes,Pasta Alfredo,12.0,5.0,60.0,2022-12-19,Digital Wallet,Monday,21
ORD_296511,CUST_011,Desserts,Ice Cream,5.0,5.0,25.0,2022-04-21,Digital Wallet,Thursday,29
ORD_444121,CUST_035,Desserts,Brownie,6.0,3.0,18.0,2023-07-19,Credit Card,Wednesday,17
ORD_201235,CUST_081,Desserts,Brownie,6.0,4.0,24.0,2022-11-25,Digital Wallet,Friday,25
ORD_414056,CUST_041,Desserts,Brownie,6.0,5.0,30.0,2023-11-06,Credit Card,Monday,28
ORD_684027,CUST_023,Desserts,Brownie,6.0,2.0,12.0,2023-07-16,Digital Wallet,Sunday,26
ORD_911848,CUST_086,Main Dishes,Vegetarian Platter,14.0,4.0,56.0,2022-11-24,Credit Card,Thursday,30
ORD_152060,CUST_052,Side Dishes,Mashed Potatoes,4.0,3.0,4.0,2023-08-13,Digital Wallet,Sunday,20
ORD_968304,CUST_069,Starters,Beef Chili,7.0,4.0,28.0,2022-01-13,Digital Wallet,Thursday,22
ORD_597443,CUST_005,Starters,French Fries,4.0,2.0,8.0,2023-05-02,Credit Card,Tuesday,28
ORD_459461,CUST_040,Main Dishes,Pasta Alfredo,12.0,3.0,36.0,2023-09-08,Digital Wallet,Friday,31
ORD_572933,CUST_040,Desserts,Chocolate Cake,6.0,1.0,6.0,2022-06-06,Credit Card,Monday,32
ORD_945358,CUST_080,Drinks,Orange Juice,3.0,2.0,6.0,2023-05-26,Cash,Friday,24
ORD_577554,CUST_004,Starters,Chicken Melt,8.0,3.0,32.0,2022-12-23,Cash,Friday,31
ORD_995830,CUST_020,Desserts,Cheesecake,7.0,3.0,21.0,2023-03-11,Digital Wallet,Saturday,31
ORD_888184,CUST_051,Main Dishes,Grilled Chicken,15.0,4.0,60.0,2023-08-20,Digital Wallet,Sunday,31
ORD_666357,CUST_041,Side Dishes,Lemonade,3.0,3.0,9.0,2022-04-06,Credit Card,Wednesday,29
ORD_400613,CUST_069,Desserts,Fruit Salad,4.0,5.0,20.0,2022-12-25,Digital Wallet,Sunday,23
ORD_164641,CUST_090,Drinks,Water,1.0,5.0,5.0,2023-10-05,Credit Card,Thursday,31
ORD_382966,CUST_062,Main Dishes,Pasta Alfredo,12.0,3.0,48.0,2023-09-23,Digital Wallet,Saturday,25
ORD_912569,CUST_087,Side Dishes,Mashed Potatoes,4.0,1.0,4.0,2022-11-24,Cash,Thursday,28
ORD_558434,CUST_055,Desserts,Chocolate Cake,6.0,1.0,6.0,2023-07-07,Cash,Friday,31
ORD_129687,CUST_008,Main Dishes,Pasta Alfredo,12.0,3.0,48.0,2023-12-21,Digital Wallet,Thursday,24
ORD_713612,CUST_076,Side Dishes,Mashed Potatoes,4.0,2.0,8.0,2022-07-16,Cash,Saturday,22
ORD_765610,CUST_016,Desserts,Ice Cream,5.0,2.0,10.0,2022-12-16,Digital Wallet,Friday,30
ORD_919316,CUST_100,Drinks,Lemonade,3.0,4.0,12.0,2022-11-16,Digital Wallet,Wednesday,27
ORD_743642,CUST_055,Drinks,Lemonade,3.0,1.0,3.0,2023-05-05,Digital Wallet,Friday,32
ORD_276861,CUST_033,Desserts,Fruit Salad,4.0,5.0,20.0,2023-03-06,Cash,Monday,25
ORD_252164,CUST_074,Desserts,Ice Cream,5.0,1.0,5.0,2023-07-31,Cash,Monday,22
ORD_648034,CUST_008,Drinks,Orange Juice,3.0,5.0,15.0,2023-11-22,Cash,Wednesday,25
ORD_526571,CUST_025,Main Dishes,Pasta Alfredo,12.0,4.0,48.0,2023-09-25,Digital Wallet,Monday,29
ORD_793935,CUST_057,Side Dishes,Grilled Vegetables,5.0,3.0,15.0,2022-06-07,Cash,Tuesday,22
ORD_248464,CUST_051,Main Dishes,Grilled Chicken,15.0,3.0,30.0,2023-05-10,Credit Card,Wednesday,32
ORD_720377,CUST_069,Starters,Beef Chili,7.0,2.0,14.0,2023-11-25,Digital Wallet,Saturday,24
ORD_505680,CUST_082,Desserts,Chocolate Cake,6.0,5.0,30.0,2022-11-10,Cash,Thursday,29
ORD_712704,CUST_068,Starters,French Fries,4.0,1.0,4.0,2022-07-02,Credit Card,Saturday,25
ORD_101848,CUST_021,Starters,French Fries,4.0,5.0,20.0,2022-02-19,Credit Card,Saturday,26
ORD_357339,CUST_015,Side Dishes,Mashed Potatoes,4.0,2.0,8.0,2023-12-12,Digital Wallet,Tuesday,24
ORD_281317,CUST_033,Drinks,Iced Tea,2.5,4.0,10.0,2022-11-12,Credit Card,Saturday,26
ORD_596975,CUST_095,Desserts,Brownie,6.0,5.0,30.0,2022-05-20,Cash,Friday,24
ORD_315342,CUST_030,Drinks,Orange Juice,3.0,2.0,6.0,2023-06-10,Credit Card,Saturday,25
ORD_271085,CUST_087,Drinks,Water,1.0,5.0,5.0,2022-03-25,Cash,Friday,29
ORD_498870,CUST_015,Main Dishes,Grilled Chicken,15.0,5.0,75.0,2022-05-08,Digital Wallet,Sunday,25
ORD_251194,CUST_071,Main Dishes,Salmon,18.0,4.0,72.0,2023-07-20,Credit Card,Thursday,19
ORD_277362,CUST_096,Starters,Cheese Fries,5.0,4.0,20.0,2023-01-14,Cash,Saturday,31
ORD_564709,CUST_079,Side Dishes,Grilled Vegetables,5.0,4.0,20.0,2023-11-02,Credit Card,Thursday,26
ORD_216918,CUST_039,Drinks,Coca Cola,2.5,3.0,12.5,2022-02-17,Cash,Thursday,30
ORD_825543,CUST_081,Side Dishes,Ice Cream,5.0,3.0,15.0,2022-12-25,Cash,Sunday,26
ORD_814017,CUST_051,Side Dishes,Onion Rings,5.0,2.0,10.0,2022-12-23,Credit Card,Friday,33
ORD_715525,CUST_080,Side Dishes,Side Salad,3.0,2.0,6.0,2022-12-21,Digital Wallet,Wednesday,25
ORD_518167,CUST_014,Desserts,Ice Cream,5.0,1.0,5.0,2023-11-05,Cash,Sunday,25
ORD_498162,CUST_045,Main Dishes,Grilled Chicken,15.0,1.0,15.0,2022-03-30,Credit Card,Wednesday,24
ORD_753058,CUST_036,Side Dishes,Mashed Potatoes,4.0,3.0,12.0,2023-04-01,Cash,Saturday,30
ORD_255076,CUST_019,Desserts,Brownie,6.0,2.0,12.0,2023-10-25,Credit Card,Wednesday,23
ORD_993974,CUST_036,Starters,French Fries,4.0,5.0,20.0,2022-07-06,Digital Wallet,Wednesday,31
ORD_543720,CUST_066,Drinks,Orange Juice,3.0,3.0,15.0,2023-08-03,Cash,Thursday,33
ORD_779611,CUST_048,Side Dishes,Grilled Vegetables,5.0,4.0,20.0,2023-08-06,Cash,Sunday,26
ORD_841288,CUST_094,Starters,Sweet Potato Fries,5.0,4.0,20.0,2022-08-31,Credit Card,Wednesday,24
ORD_252280,CUST_030,Desserts,Ice Cream,5.0,2.0,10.0,2022-10-27,Cash,Thursday,26
ORD_762597,CUST_068,Desserts,Chocolate Cake,6.0,5.0,30.0,2022-10-30,Credit Card,Sunday,26
ORD_354163,CUST_048,Main Dishes,Pasta Alfredo,12.0,3.0,36.0,2023-06-21,Credit Card,Wednesday,27
ORD_355056,CUST_075,Main Dishes,Salmon,18.0,2.0,36.0,2022-12-24,Credit Card,Saturday,36
ORD_109545,CUST_017,Starters,French Fries,4.0,2.0,8.0,2022-03-15,Credit Card,Tuesday,34
ORD_938021,CUST_030,Drinks,Water,1.0,4.0,4.0,2022-01-13,Digital Wallet,Thursday,27
ORD_380795,CUST_048,Side Dishes,Side Salad,3.0,5.0,15.0,2023-04-25,Credit Card,Tuesday,28
ORD_778502,CUST_021,Drinks,Iced Tea,2.5,1.0,2.5,2023-06-09,Credit Card,Friday,27
ORD_882357,CUST_075,Drinks,Water,1.0,5.0,5.0,2022-01-27,Digital Wallet,Thursday,37
ORD_872730,CUST_065,Side Dishes,Mashed Potatoes,4.0,4.0,16.0,2022-10-05,Cash,Wednesday,26
ORD_199836,CUST_080,Desserts,Brownie,6.0,1.0,6.0,2022-09-25,Credit Card,Sunday,26
ORD_478593,CUST_011,Desserts,Ice Cream,5.0,2.0,10.0,2023-10-12,Credit Card,Thursday,30
ORD_215510,CUST_031,Drinks,Lemonade,3.0,2.0,6.0,2022-07-14,Digital Wallet,Thursday,27
ORD_270378,CUST_003,Side Dishes,Mashed Potatoes,4.0,4.0,16.0,2022-05-11,Digital Wallet,Wednesday,23
ORD_958129,CUST_022,Starters,Cheese Fries,5.0,1.0,5.0,2022-04-17,Credit Card,Sunday,23
ORD_918023,CUST_034,Main Dishes,Pasta Alfredo,12.0,2.0,24.0,2023-05-11,Digital Wallet,Thursday,25
ORD_459327,CUST_079,Starters,Nachos Grande,10.0,2.0,20.0,2022-11-29,Cash,Tuesday,27
ORD_538716,CUST_045,Desserts,Cheesecake,7.0,1.0,7.0,2022-03-09,Credit Card,Wednesday,25
ORD_200987,CUST_025,Main Dishes,Vegetarian Platter,14.0,4.0,56.0,2022-07-31,Cash,Sunday,30
ORD_628374,CUST_043,Side Dishes,Mashed Potatoes,4.0,1.0,4.0,2022-12-18,Cash,Sunday,30
ORD_542892,CUST_087,Drinks,Lemonade,3.0,5.0,15.0,2023-05-19,Digital Wallet,Friday,30
ORD_864049,CUST_090,Side Dishes,Mashed Potatoes,4.0,4.0,16.0,2022-09-28,Credit Card,Wednesday,32
ORD_195547,CUST_065,Main Dishes,Steak,20.0,3.0,60.0,2023-06-22,Cash,Thursday,27
ORD_946573,CUST_006,Main Dishes,Pasta Alfredo,12.0,2.0,24.0,2023-01-06,Cash,Friday,22
ORD_987451,CUST_091,Starters,Cheese Fries,5.0,3.0,20.0,2022-07-17,Cash,Sunday,27
ORD_133791,CUST_035,Side Dishes,Grilled Vegetables,5.0,3.0,15.0,2023-11-28,Credit Card,Tuesday,18
ORD_540515,CUST_035,Starters,Cheese Fries,5.0,4.0,20.0,2022-08-29,Cash,Monday,19
ORD_958902,CUST_053,Desserts,Cheesecake,7.0,2.0,14.0,2023-01-12,Cash,Thursday,26
ORD_598156,CUST_011,Starters,Cheese Fries,5.0,3.0,25.0,2023-07-23,Cash,Sunday,31
ORD_742599,CUST_047,Starters,Cheese Fries,5.0,3.0,5.0,2023-10-23,Cash,Monday,20
ORD_109168,CUST_081,Main Dishes,Grilled Chicken,15.0,5.0,75.0,2022-10-09,Cash,Sunday,27
ORD_117609,CUST_091,Drinks,Coca Cola,2.5,5.0,12.5,2022-09-02,Digital Wallet,Friday,28
ORD_475409,CUST_039,Main Dishes,Vegetarian Platter,14.0,3.0,42.0,2023-10-31,Cash,Tuesday,31
ORD_145455,CUST_071,Main Dishes,Grilled Chicken,15.0,4.0,60.0,2022-11-26,Digital Wallet,Saturday,20
ORD_136567,CUST_059,Desserts,Chocolate Cake,6.0,4.0,24.0,2022-08-12,Cash,Friday,29
ORD_840563,CUST_010,Drinks,Water,1.0,5.0,5.0,2023-02-11,Digital Wallet,Saturday,30
ORD_247552,CUST_063,Starters,Chicken Melt,8.0,3.0,24.0,2023-07-13,Credit Card,Thursday,28
ORD_766644,CUST_060,Starters,French Fries,4.0,4.0,16.0,2022-10-30,Credit Card,Sunday,22
ORD_605026,CUST_060,Main Dishes,Vegetarian Platter,14.0,5.0,70.0,2023-04-23,Cash,Sunday,23
ORD_788254,CUST_090,Main Dishes,Grilled Chicken,15.0,3.0,45.0,2022-09-03,Credit Card,Saturday,33
ORD_819882,CUST_002,Desserts,Ice Cream,5.0,3.0,15.0,2023-05-05,Credit Card,Friday,16
ORD_520243,CUST_001,Side Dishes,Onion Rings,5.0,1.0,5.0,2022-10-15,Cash,Saturday,33
ORD_101070,CUST_033,Side Dishes,Side Salad,3.0,5.0,15.0,2022-04-08,Cash,Friday,27
ORD_852357,CUST_048,Desserts,Ice Cream,5.0,3.0,15.0,2022-04-07,Credit Card,Thursday,29
ORD_180869,CUST_022,Drinks,Coca Cola,2.5,3.0,7.5,2022-05-27,Digital Wallet,Friday,24
ORD_875692,CUST_036,Starters,Nachos Grande,10.0,5.0,50.0,2023-06-08,Digital Wallet,Thursday,32
ORD_802207,CUST_007,Main Dishes,Grilled Chicken,15.0,3.0,45.0,2022-03-13,Cash,Sunday,22
ORD_979051,CUST_096,Drinks,Iced Tea,2.5,4.0,10.0,2022-07-18,Digital Wallet,Monday,32
ORD_657299,CUST_011,Desserts,Fruit Salad,4.0,2.0,8.0,2022-12-14,Digital Wallet,Wednesday,32
ORD_985296,CUST_054,Starters,French Fries,4.0,4.0,16.0,2023-08-06,Digital Wallet,Sunday,22
ORD_474585,CUST_064,Drinks,Iced Tea,2.5,2.0,5.0,2023-09-22,Credit Card,Friday,24
ORD_374389,CUST_067,Side Dishes,Grilled Vegetables,5.0,3.0,10.0,2023-07-05,Digital Wallet,Wednesday,24
ORD_687988,CUST_069,Desserts,Brownie,6.0,1.0,6.0,2023-10-20,Digital Wallet,Friday,25
ORD_353078,CUST_014,Main Dishes,Grilled Chicken,15.0,3.0,15.0,2022-11-21,Cash,Monday,26
ORD_584177,CUST_019,Side Dishes,Garlic Bread,4.0,4.0,16.0,2022-02-26,Cash,Saturday,24
ORD_444291,CUST_014,Desserts,Brownie,6.0,2.0,12.0,2023-05-16,Digital Wallet,Tuesday,27
ORD_802464,CUST_095,Drinks,Coca Cola,2.5,3.0,7.5,2022-03-14,Cash,Monday,25
ORD_563625,CUST_077,Main Dishes,Grilled Chicken,15.0,3.0,45.0,2022-09-12,Digital Wallet,Monday,19
ORD_177662,CUST_016,Drinks,Orange Juice,3.0,3.0,9.0,2023-11-15,Cash,Wednesday,31
ORD_298567,CUST_041,Starters,French Fries,4.0,2.0,8.0,2022-01-28,Cash,Friday,30
ORD_109357,CUST_036,Main Dishes,Grilled Chicken,15.0,2.0,30.0,2022-04-06,Cash,Wednesday,33
ORD_452652,CUST_083,Main Dishes,Pasta Alfredo,12.0,1.0,12.0,2023-02-21,Digital Wallet,Tuesday,23
ORD_622786,CUST_038,Side Dishes,Grilled Vegetables,5.0,4.0,20.0,2022-06-30,Cash,Thursday,24
ORD_611143,CUST_049,Main Dishes,Pasta Alfredo,12.0,3.0,36.0,2023-02-26,Cash,Sunday,24
ORD_909378,CUST_008,Side Dishes,French Fries,4.0,4.0,16.0,2022-02-03,Digital Wallet,Thursday,26
ORD_147091,CUST_055,Main Dishes,Grilled Chicken,15.0,3.0,45.0,2022-08-29,Cash,Monday,33
ORD_647367,CUST_030,Desserts,Brownie,6.0,3.0,18.0,2022-11-20,Credit Card,Sunday,28
ORD_712386,CUST_096,Drinks,Water,1.0,3.0,3.0,2023-02-14,Credit Card,Tuesday,33
ORD_624800,CUST_036,Main Dishes,Pasta Alfredo,12.0,3.0,36.0,2022-02-06,Cash,Sunday,34
ORD_521369,CUST_084,Main Dishes,Pasta Alfredo,12.0,3.0,36.0,2023-10-15,Credit Card,Sunday,21
ORD_124553,CUST_090,Starters,Cheese Fries,5.0,3.0,15.0,2023-07-08,Cash,Saturday,34
ORD_297449,CUST_093,Desserts,Ice Cream,5.0,1.0,5.0,2022-06-02,Cash,Thursday,24
ORD_831767,CUST_007,Drinks,Water,1.0,5.0,5.0,2022-05-27,Digital Wallet,Friday,23
ORD_749532,CUST_063,Drinks,Water,1.0,5.0,5.0,2023-02-26,Credit Card,Sunday,29
ORD_160772,CUST_074,Starters,Sweet Potato Fries,5.0,3.0,20.0,2023-12-29,Cash,Friday,23
ORD_744554,CUST_100,Drinks,Water,1.0,2.0,2.0,2023-05-15,Cash,Monday,28
ORD_602828,CUST_047,Side Dishes,Side Salad,3.0,5.0,15.0,2022-08-02,Cash,Tuesday,21
ORD_416830,CUST_012,Starters,Sweet Potato Fries,5.0,2.0,10.0,2022-01-22,Credit Card,Saturday,26
ORD_413565,CUST_066,Desserts,Ice Cream,5.0,4.0,20.0,2022-02-12,Cash,Saturday,34
ORD_374742,CUST_075,Side Dishes,Mashed Potatoes,4.0,3.0,12.0,2023-09-17,Digital Wallet,Sunday,38
ORD_250577,CUST_006,Starters,Cheese Fries,5.0,3.0,15.0,2022-11-04,Digital Wallet,Friday,23
ORD_808705,CUST_021,Desserts,Chocolate Cake,6.0,5.0,30.0,2022-05-12,Cash,Thursday,28
ORD_380256,CUST_005,Side Dishes,Mashed Potatoes,4.0,5.0,20.0,2022-12-30,Cash,Friday,29
ORD_488655,CUST_001,Drinks,Water,1.0,2.0,2.0,2023-03-04,Credit Card,Saturday,34
ORD_759624,CUST_044,Desserts,Fruit Salad,4.0,1.0,4.0,2023-09-03,Cash,Sunday,31
ORD_706091,CUST_035,Drinks,Orange Juice,3.0,2.0,6.0,2022-04-05,Credit Card,Tuesday,20
ORD_451765,CUST_059,Starters,Cheese Fries,5.0,4.0,20.0,2023-11-19,Credit Card,Sunday,30
ORD_420293,CUST_035,Main  Dishes,Steak,20.0,2.0,40.0,2023-02-21,Credit Card,Tuesday,21
ORD_468682,CUST_020,Drinks,Lemonade,3.0,1.0,3.0,2022-09-06,Credit Card,Tuesday,32
ORD_699038,CUST_072,Starters,Ice Cream,5.0,5.0,25.0,2023-07-21,Cash,Friday,22
ORD_676521,CUST_024,Desserts,Chocolate Cake,6.0,1.0,6.0,2022-08-07,Cash,Sunday,17
ORD_974128,CUST_069,Desserts,Ice Cream,5.0,3.0,15.0,2023-12-18,Cash,Monday,26
ORD_730964,CUST_001,Desserts,Fruit Salad,4.0,1.0,4.0,2023-05-16,Cash,Tuesday,35
ORD_248347,CUST_064,Side Dishes,Onion Rings,5.0,2.0,10.0,2023-01-25,Digital Wallet,Wednesday,25
ORD_359278,CUST_054,Drinks,Coca Cola,2.5,4.0,10.0,2023-02-28,Digital Wallet,Tuesday,23
ORD_878853,CUST_067,Drinks,Coca Cola,2.5,3.0,7.5,2022-05-15,Cash,Sunday,25
ORD_974264,CUST_080,Drinks,Coca Cola,2.5,1.0,2.5,2023-04-18,Digital Wallet,Tuesday,27
ORD_608533,CUST_022,Main Dishes,Pasta Alfredo,12.0,3.0,60.0,2023-02-26,Digital Wallet,Sunday,25
ORD_765488,CUST_003,Main Dishes,Grilled Chicken,15.0,3.0,45.0,2023-05-14,Credit Card,Sunday,24
ORD_488043,CUST_094,Starters,Cheese Fries,5.0,3.0,15.0,2023-06-09,Credit Card,Friday,25
ORD_246769,CUST_063,Starters,Cheese Fries,5.0,3.0,15.0,2022-01-17,Cash,Monday,30
ORD_957384,CUST_058,Side Dishes,Side Salad,3.0,5.0,15.0,2022-03-01,Digital Wallet,Tuesday,23
ORD_200171,CUST_048,Drinks,Orange Juice,3.0,3.0,9.0,2022-11-28,Cash,Monday,30
ORD_274525,CUST_086,Starters,Beef Chili,7.0,1.0,7.0,2023-12-29,Credit Card,Friday,31
ORD_575672,CUST_011,Side Dishes,Mashed Potatoes,4.0,1.0,4.0,2023-07-20,Credit Card,Thursday,33
ORD_365262,CUST_013,Drinks,Water,1.0,1.0,1.0,2023-11-13,Digital Wallet,Monday,23
ORD_662199,CUST_065,Side Dishes,Side Salad,3.0,5.0,15.0,2023-12-02,Digital Wallet,Saturday,28
ORD_134651,CUST_009,Desserts,Cheesecake,7.0,3.0,21.0,2023-05-27,Cash,Saturday,30
ORD_695128,CUST_018,Drinks,Water,1.0,3.0,3.0,2022-11-29,Digital Wallet,Tuesday,31
ORD_145297,CUST_048,Side Dishes,Side Salad,3.0,3.0,6.0,2023-10-16,Digital Wallet,Monday,31
ORD_336076,CUST_013,Desserts,Cheesecake,7.0,2.0,14.0,2023-06-03,Credit Card,Saturday,24
ORD_850906,CUST_058,Main Dishes,Pasta Alfredo,12.0,3.0,36.0,2022-04-23,Digital Wallet,Saturday,24
ORD_118876,CUST_088,Starters,French Fries,4.0,3.0,8.0,2022-12-17,Credit Card,Saturday,25
ORD_183760,CUST_082,Main Dishes,Pasta Alfredo,12.0,5.0,60.0,2022-05-24,Credit Card,Tuesday,30
ORD_136061,CUST_096,Main Dishes,Vegetarian Platter,14.0,4.0,56.0,2022-01-25,Digital Wallet,Tuesday,34
ORD_356906,CUST_034,Desserts,Ice Cream,5.0,4.0,20.0,2023-04-07,Digital Wallet,Friday,26
ORD_499208,CUST_025,Starters,French Fries,4.0,4.0,16.0,2023-04-13,Cash,Thursday,31
ORD_785530,CUST_006,Main Dishes,Steak,20.0,2.0,40.0,2023-05-26,Credit Card,Friday,24
ORD_106886,CUST_016,Main Dishes,Grilled Chicken,15.0,1.0,15.0,2023-07-08,Digital Wallet,Saturday,32
ORD_663214,CUST_054,Side Dishes,Mashed Potatoes,4.0,1.0,4.0,2022-10-27,Cash,Thursday,24
ORD_884047,CUST_075,Starters,French Fries,4.0,1.0,4.0,2022-12-07,Cash,Wednesday,39
ORD_499691,CUST_007,Side Dishes,Onion Rings,5.0,1.0,5.0,2023-07-24,Credit Card,Monday,24
ORD_639013,CUST_074,Side Dishes,Grilled Vegetables,5.0,5.0,25.0,2022-04-28,Digital Wallet,Thursday,24
ORD_262262,CUST_053,Desserts,Fruit Salad,4.0,1.0,4.0,2022-06-11,Digital Wallet,Saturday,27
ORD_879934,CUST_068,Side Dishes,Onion Rings,5.0,3.0,15.0,2022-03-09,Credit Card,Wednesday,27
ORD_726261,CUST_041,Side Dishes,Garlic Bread,4.0,1.0,4.0,2022-06-07,Cash,Tuesday,31
ORD_300669,CUST_005,Drinks,Orange Juice,3.0,4.0,12.0,2023-12-01,Credit Card,Friday,30
ORD_688276,CUST_039,Desserts,Ice Cream,5.0,4.0,20.0,2022-06-06,Credit Card,Monday,32
ORD_199463,CUST_047,Drinks,Lemonade,3.0,2.0,6.0,2022-12-10,Cash,Saturday,22
ORD_858427,CUST_056,Desserts,Brownie,6.0,5.0,30.0,2022-10-22,Cash,Saturday,31
ORD_911323,CUST_019,Desserts,Ice Cream,5.0,2.0,10.0,2022-01-25,Credit Card,Tuesday,25
ORD_242393,CUST_012,Desserts,Brownie,6.0,1.0,6.0,2022-05-15,Cash,Sunday,27
ORD_582360,CUST_015,Side Dishes,Garlic Bread,4.0,3.0,12.0,2022-04-17,Credit Card,Sunday,26
ORD_143404,CUST_017,Main Dishes,Vegetarian Platter,14.0,5.0,70.0,2023-06-12,Cash,Monday,35
ORD_501612,CUST_092,Drinks,Water,1.0,1.0,1.0,2023-08-17,Digital Wallet,Thursday,28
ORD_940697,CUST_053,Desserts,Ice Cream,5.0,2.0,10.0,2023-05-13,Credit Card,Saturday,28
ORD_106940,CUST_035,Main Dishes,Pasta Alfredo,12.0,3.0,36.0,2023-07-19,Digital Wallet,Wednesday,22
ORD_595523,CUST_071,Drinks,Lemonade,3.0,3.0,9.0,2023-02-27,Cash,Monday,21
ORD_395691,CUST_032,Drinks,Water,1.0,2.0,2.0,2022-03-09,Digital Wallet,Wednesday,27
ORD_710028,CUST_073,Desserts,Ice Cream,5.0,1.0,5.0,2023-03-04,Credit Card,Saturday,30
ORD_115022,CUST_082,Desserts,Brownie,6.0,1.0,6.0,2022-10-09,Digital Wallet,Sunday,31
ORD_405462,CUST_007,Desserts,Chocolate Cake,6.0,5.0,30.0,2023-04-02,Cash,Sunday,25
ORD_628704,CUST_053,Side Dishes,Mashed Potatoes,4.0,2.0,8.0,2022-06-24,Cash,Friday,29
ORD_841937,CUST_018,Main Dishes,Grilled Chicken,15.0,2.0,30.0,2022-06-24,Digital Wallet,Friday,32
ORD_791067,CUST_052,Desserts,Fruit Salad,4.0,3.0,12.0,2023-04-10,Credit Card,Monday,21
ORD_753280,CUST_073,Desserts,Brownie,6.0,2.0,12.0,2022-01-03,Cash,Monday,31
ORD_948513,CUST_065,Side Dishes,Side Salad,3.0,2.0,6.0,2023-03-01,Cash,Wednesday,29
ORD_118087,CUST_049,Drinks,Orange Juice,3.0,4.0,12.0,2022-06-11,Digital Wallet,Saturday,25
ORD_798797,CUST_005,Desserts,Fruit Salad,4.0,4.0,16.0,2022-05-12,Digital Wallet,Thursday,31
ORD_671150,CUST_054,Side Dishes,Onion Rings,5.0,4.0,20.0,2022-05-12,Credit Card,Thursday,25
ORD_358306,CUST_032,Main Dishes,Steak,20.0,5.0,100.0,2022-03-16,Cash,Wednesday,28
ORD_455882,CUST_061,Desserts,Fruit Salad,4.0,2.0,8.0,2023-01-01,Digital Wallet,Sunday,25
ORD_987776,CUST_052,Side Dishes,Side Salad,3.0,3.0,9.0,2023-12-26,Digital Wallet,Tuesday,22
ORD_916020,CUST_040,Main Dishes,Salmon,18.0,3.0,54.0,2023-12-25,Digital Wallet,Monday,33
ORD_382527,CUST_081,Side Dishes,Mashed Potatoes,4.0,1.0,4.0,2023-07-07,Credit Card,Friday,28
ORD_118081,CUST_043,Side Dishes,Mashed Potatoes,4.0,3.0,4.0,2022-02-23,Digital Wallet,Wednesday,31
ORD_443152,CUST_061,Desserts,Ice Cream,5.0,2.0,10.0,2023-11-01,Credit Card,Wednesday,26
ORD_935840,CUST_083,Drinks,Orange Juice,3.0,1.0,3.0,2022-05-29,Digital Wallet,Sunday,24
ORD_988754,CUST_082,Desserts,Chocolate Cake,6.0,5.0,30.0,2023-08-07,Credit Card,Monday,32
ORD_452155,CUST_035,Side Dishes,Ice Cream,5.0,5.0,25.0,2022-03-06,Cash,Sunday,23
ORD_144240,CUST_045,Desserts,French Fries,4.0,3.0,12.0,2022-07-06,Digital Wallet,Wednesday,26
ORD_729490,CUST_061,Main  Dishes,Steak,20.0,4.0,80.0,2022-03-19,Digital Wallet,Saturday,27
ORD_655699,CUST_040,Desserts,Ice Cream,5.0,4.0,20.0,2023-06-14,Cash,Wednesday,34
ORD_448077,CUST_032,Side Dishes,Mashed Potatoes,4.0,2.0,8.0,2023-06-14,Digital Wallet,Wednesday,29
ORD_652727,CUST_010,Main Dishes,Vegetarian Platter,14.0,2.0,28.0,2023-02-01,Credit Card,Wednesday,31
ORD_460126,CUST_084,Desserts,Ice Cream,5.0,4.0,20.0,2022-06-26,Digital Wallet,Sunday,22
ORD_183329,CUST_030,Side Dishes,Mashed Potatoes,4.0,4.0,16.0,2023-03-23,Credit Card,Thursday,29
ORD_540066,CUST_081,Starters,Cheese Fries,5.0,3.0,15.0,2022-06-07,Credit Card,Tuesday,29
ORD_337542,CUST_030,Drinks,Water,1.0,3.0,3.0,2023-09-05,Cash,Tuesday,30
ORD_883740,CUST_052,Starters,French Fries,4.0,3.0,12.0,2023-09-05,Digital Wallet,Tuesday,23
ORD_963598,CUST_038,Side Dishes,Side Salad,3.0,2.0,6.0,2022-06-23,Cash,Thursday,25
ORD_253673,CUST_030,Desserts,Brownie,6.0,3.0,18.0,2022-04-12,Credit Card,Tuesday,31
ORD_724459,CUST_056,Side Dishes,Side Salad,3.0,4.0,12.0,2023-12-25,Cash,Monday,32
ORD_553730,CUST_019,Desserts,Ice Cream,5.0,3.0,15.0,2023-08-15,Credit Card,Tuesday,26
ORD_478543,CUST_042,Desserts,Ice Cream,5.0,4.0,20.0,2023-09-18,Credit Card,Monday,29
ORD_988969,CUST_083,Starters,Nachos Grande,10.0,1.0,10.0,2022-01-07,Digital Wallet,Friday,25
ORD_120287,CUST_032,Drinks,Lemonade,3.0,3.0,9.0,2022-06-08,Cash,Wednesday,30
ORD_489715,CUST_038,Main Dishes,Pasta Alfredo,12.0,4.0,48.0,2022-04-28,Credit Card,Thursday,26
ORD_197677,CUST_083,Starters,French Fries,4.0,2.0,8.0,2022-12-09,Credit Card,Friday,26
ORD_813797,CUST_053,Drinks,Coca Cola,2.5,5.0,12.5,2022-11-27,Credit Card,Sunday,30
ORD_530618,CUST_049,Side Dishes,Side Salad,3.0,5.0,15.0,2022-02-15,Cash,Tuesday,26
ORD_982674,CUST_032,Starters,Beef Chili,7.0,5.0,35.0,2022-09-30,Credit Card,Friday,31
ORD_536549,CUST_014,Desserts,Ice Cream,5.0,5.0,25.0,2022-05-03,Credit Card,Tuesday,28
ORD_330968,CUST_060,Main Dishes,Salmon,18.0,4.0,72.0,2023-11-18,Credit Card,Saturday,24
ORD_972987,CUST_086,Drinks,Lemonade,3.0,4.0,12.0,2022-10-19,Cash,Wednesday,32
ORD_314097,CUST_082,Side Dishes,Mashed Potatoes,4.0,1.0,4.0,2023-05-21,Digital Wallet,Sunday,33
ORD_284928,CUST_078,Drinks,Water,1.0,2.0,2.0,2022-05-26,Digital Wallet,Thursday,20
ORD_515655,CUST_015,Starters,Cheese Fries,5.0,5.0,25.0,2022-11-08,Digital Wallet,Tuesday,27
ORD_239947,CUST_026,Starters,French Fries,4.0,3.0,20.0,2023-01-21,Cash,Saturday,27
ORD_356920,CUST_056,Main Dishes,Pasta Alfredo,12.0,3.0,24.0,2022-01-11,Cash,Tuesday,33
ORD_729108,CUST_046,Starters,Nachos Grande,10.0,2.0,20.0,2022-04-18,Credit Card,Monday,27
ORD_103760,CUST_039,Main Dishes,Vegetarian Platter,14.0,5.0,70.0,2023-12-04,Credit Card,Monday,33
ORD_704141,CUST_040,Drinks,Water,1.0,1.0,1.0,2023-03-01,Credit Card,Wednesday,35
ORD_250611,CUST_057,Drinks,Lemonade,3.0,1.0,3.0,2023-07-27,Digital Wallet,Thursday,23
ORD_558807,CUST_033,Desserts,Fruit Salad,4.0,3.0,12.0,2023-07-27,Cash,Thursday,28
ORD_465004,CUST_065,Side Dishes,Onion Rings,5.0,3.0,15.0,2023-04-16,Credit Card,Sunday,30
ORD_223393,CUST_015,Main Dishes,Pasta Alfredo,12.0,3.0,36.0,2022-04-24,Cash,Sunday,28
ORD_243761,CUST_012,Starters,Beef Chili,7.0,3.0,21.0,2022-12-17,Cash,Saturday,28
ORD_539748,CUST_085,Drinks,Water,1.0,2.0,2.0,2023-05-20,Cash,Saturday,25
ORD_175138,CUST_050,Desserts,Ice Cream,5.0,3.0,15.0,2022-08-31,Credit Card,Wednesday,27
ORD_720699,CUST_038,Starters,French Fries,4.0,5.0,20.0,2022-07-22,Digital Wallet,Friday,27
ORD_217476,CUST_027,Desserts,Ice Cream,5.0,3.0,15.0,2023-12-28,Cash,Thursday,21
ORD_219907,CUST_003,Drinks,Coca Cola,2.5,5.0,12.5,2022-07-11,Credit Card,Monday,25
ORD_806346,CUST_081,Side Dishes,Side Salad,3.0,1.0,3.0,2022-08-29,Credit Card,Monday,30
ORD_883610,CUST_057,Main Dishes,Steak,20.0,4.0,80.0,2022-02-04,Digital Wallet,Friday,24
ORD_302422,CUST_042,Drinks,Water,1.0,1.0,1.0,2022-02-04,Digital Wallet,Friday,30
ORD_412461,CUST_065,Drinks,Water,1.0,1.0,1.0,2023-09-29,Credit Card,Friday,31
ORD_331628,CUST_038,Side Dishes,Mashed Potatoes,4.0,3.0,12.0,2023-04-10,Digital Wallet,Monday,28
ORD_878417,CUST_047,Side Dishes,Grilled Vegetables,5.0,5.0,25.0,2023-04-10,Credit Card,Monday,23
ORD_742522,CUST_032,Desserts,Fruit Salad,4.0,5.0,20.0,2022-12-15,Cash,Thursday,32
ORD_957527,CUST_068,Main Dishes,Pasta Alfredo,12.0,5.0,60.0,2022-12-19,Credit Card,Monday,28
ORD_928399,CUST_014,Drinks,Water,1.0,2.0,2.0,2022-02-02,Credit Card,Wednesday,29
ORD_775350,CUST_028,Starters,Chicken Melt,8.0,2.0,16.0,2022-05-30,Credit Card,Monday,28
ORD_417058,CUST_067,Starters,French Fries,4.0,5.0,20.0,2023-07-18,Credit Card,Tuesday,26
ORD_808093,CUST_052,Side Dishes,Side Salad,3.0,2.0,6.0,2023-12-17,Digital Wallet,Sunday,24
ORD_192135,CUST_010,Drinks,Orange Juice,3.0,4.0,12.0,2022-10-01,Credit Card,Saturday,32
ORD_470053,CUST_056,Side Dishes,Side Salad,3.0,5.0,15.0,2022-01-28,Cash,Friday,34
ORD_476590,CUST_035,Drinks,Water,1.0,3.0,3.0,2023-04-08,Cash,Saturday,24
ORD_675025,CUST_010,Drinks,Coca Cola,2.5,1.0,2.5,2023-03-21,Digital Wallet,Tuesday,33
ORD_453779,CUST_014,Main Dishes,Grilled Chicken,15.0,1.0,15.0,2022-09-21,Digital Wallet,Wednesday,30
ORD_510601,CUST_048,Starters,Cheese Fries,5.0,3.0,15.0,2023-09-26,Digital Wallet,Tuesday,32
ORD_666790,CUST_057,Main Dishes,Vegetarian Platter,14.0,1.0,14.0,2022-07-19,Cash,Tuesday,25
ORD_912828,CUST_039,Drinks,Iced Tea,2.5,5.0,12.5,2022-12-30,Credit Card,Friday,34
ORD_120886,CUST_015,Starters,Chicken Melt,8.0,2.0,16.0,2022-01-13,Digital Wallet,Thursday,29
ORD_306065,CUST_016,Main Dishes,Grilled Chicken,15.0,1.0,15.0,2022-08-02,Digital Wallet,Tuesday,33
ORD_620908,CUST_024,Side Dishes,Ice Cream,5.0,4.0,20.0,2023-12-16,Digital Wallet,Saturday,18
ORD_106232,CUST_048,Starters,French Fries,4.0,1.0,4.0,2022-01-13,Cash,Thursday,33
ORD_128943,CUST_078,Drinks,Water,1.0,3.0,3.0,2022-02-25,Digital Wallet,Friday,21
ORD_306831,CUST_069,Desserts,Cheesecake,7.0,5.0,35.0,2022-05-29,Cash,Sunday,27
ORD_836755,CUST_078,Main Dishes,Pasta Alfredo,12.0,1.0,12.0,2022-02-22,Digital Wallet,Tuesday,22
ORD_332728,CUST_025,Starters,Ice Cream,5.0,5.0,25.0,2023-11-25,Cash,Saturday,32
ORD_738890,CUST_091,Drinks,Lemonade,3.0,2.0,6.0,2022-09-22,Cash,Thursday,29
ORD_745624,CUST_072,Main Dishes,Pasta Alfredo,12.0,1.0,12.0,2022-11-19,Cash,Saturday,23
ORD_874279,CUST_031,Drinks,Orange Juice,3.0,4.0,12.0,2022-09-07,Digital Wallet,Wednesday,28
ORD_980100,CUST_018,Starters,Sweet Potato Fries,5.0,2.0,10.0,2022-04-10,Credit Card,Sunday,33
ORD_484558,CUST_038,Starters,French Fries,4.0,2.0,8.0,2023-12-06,Digital Wallet,Wednesday,29
ORD_438475,CUST_100,Drinks,Water,1.0,5.0,5.0,2022-05-13,Cash,Friday,29
ORD_165317,CUST_086,Side Dishes,Ice Cream,5.0,3.0,15.0,2022-12-06,Cash,Tuesday,33
ORD_320461,CUST_032,Main Dishes,Vegetarian Platter,14.0,4.0,56.0,2023-07-20,Cash,Thursday,33
ORD_582702,CUST_093,Main Dishes,Salmon,18.0,3.0,54.0,2023-03-20,Digital Wallet,Monday,25
ORD_777085,CUST_006,Drinks,Iced Tea,2.5,1.0,2.5,2023-03-20,Credit Card,Monday,25
ORD_400501,CUST_011,Drinks,Coca Cola,2.5,5.0,12.5,2023-09-05,Credit Card,Tuesday,34
ORD_954785,CUST_032,Main Dishes,Salmon,18.0,2.0,36.0,2023-08-09,Credit Card,Wednesday,34
ORD_254737,CUST_005,Side Dishes,Mashed Potatoes,4.0,4.0,16.0,2023-08-25,Cash,Friday,32
ORD_389786,CUST_031,Starters,Sweet Potato Fries,5.0,3.0,15.0,2022-04-08,Cash,Friday,29
ORD_855171,CUST_082,Side Dishes,Grilled Vegetables,5.0,2.0,10.0,2022-06-10,Cash,Friday,34
ORD_505933,CUST_080,Main Dishes,Salmon,18.0,4.0,72.0,2023-09-17,Credit Card,Sunday,28
ORD_159276,CUST_057,Side Dishes,Side Salad,3.0,3.0,9.0,2023-01-22,Credit Card,Sunday,26
ORD_703017,CUST_037,Main Dishes,Grilled Chicken,15.0,4.0,60.0,2023-10-29,Credit Card,Sunday,29
ORD_707260,CUST_065,Drinks,Orange Juice,3.0,1.0,3.0,2023-06-08,Digital Wallet,Thursday,32
ORD_729610,CUST_087,Starters,French Fries,4.0,2.0,8.0,2022-04-13,Digital Wallet,Wednesday,31
ORD_999250,CUST_090,Side Dishes,Side Salad,3.0,5.0,15.0,2023-09-17,Credit Card,Sunday,35
ORD_385434,CUST_020,Desserts,Chocolate Cake,6.0,5.0,30.0,2022-08-20,Digital Wallet,Saturday,33
ORD_610267,CUST_003,Main Dishes,Salmon,18.0,3.0,54.0,2022-12-02,Digital Wallet,Friday,26
ORD_794244,CUST_072,Desserts,Cheesecake,7.0,5.0,35.0,2022-10-10,Digital Wallet,Monday,24
ORD_665088,CUST_096,Desserts,Fruit Salad,4.0,2.0,8.0,2022-12-02,Digital Wallet,Friday,35
ORD_127462,CUST_070,Main Dishes,Pasta Alfredo,12.0,3.0,36.0,2023-03-01,Cash,Wednesday,20
ORD_943457,CUST_085,Drinks,Water,1.0,3.0,3.0,2022-05-29,Cash,Sunday,26
ORD_215431,CUST_049,Main Dishes,Steak,20.0,4.0,80.0,2023-11-10,Digital Wallet,Friday,27
ORD_890116,CUST_012,Starters,French Fries,4.0,1.0,4.0,2023-06-27,Cash,Tuesday,29
ORD_342546,CUST_068,Starters,Nachos Grande,10.0,1.0,10.0,2022-03-01,Digital Wallet,Tuesday,29
ORD_445957,CUST_029,Drinks,Water,1.0,5.0,5.0,2022-01-02,Cash,Sunday,21
ORD_566881,CUST_100,Main Dishes,Pasta Alfredo,12.0,4.0,48.0,2023-05-08,Digital Wallet,Monday,30
ORD_932345,CUST_064,Desserts,Chocolate Cake,6.0,2.0,12.0,2023-04-12,Digital Wallet,Wednesday,26
ORD_117933,CUST_073,Starters,French Fries,4.0,3.0,12.0,2023-08-03,Credit Card,Thursday,32
ORD_531441,CUST_035,Side Dishes,Mashed Potatoes,4.0,1.0,4.0,2022-06-26,Digital Wallet,Sunday,25
ORD_460620,CUST_094,Drinks,Water,1.0,1.0,1.0,2023-09-25,Cash,Monday,26
ORD_640593,CUST_010,Drinks,Water,1.0,1.0,1.0,2023-09-08,Digital Wallet,Friday,34
ORD_459625,CUST_081,Starters,Cheese Fries,5.0,3.0,15.0,2022-11-28,Digital Wallet,Monday,31
ORD_837069,CUST_065,Main Dishes,Grilled Chicken,15.0,5.0,75.0,2022-07-22,Cash,Friday,33
ORD_384969,CUST_065,Side Dishes,Side Salad,3.0,4.0,12.0,2022-07-28,Credit Card,Thursday,34
ORD_258972,CUST_027,Starters,French Fries,4.0,2.0,8.0,2022-10-14,Cash,Friday,22
ORD_236314,CUST_069,Main Dishes,Vegetarian Platter,14.0,5.0,70.0,2022-10-18,Cash,Tuesday,28
ORD_369600,CUST_066,Desserts,Cheesecake,7.0,3.0,21.0,2022-11-14,Credit Card,Monday,35
ORD_978248,CUST_092,Main Dishes,Pasta Alfredo,12.0,3.0,36.0,2023-10-21,Digital Wallet,Saturday,29
ORD_234206,CUST_074,Side Dishes,Side Salad,3.0,3.0,9.0,2023-07-10,Digital Wallet,Monday,25
ORD_221102,CUST_049,Side Dishes,Onion Rings,5.0,2.0,10.0,2022-11-27,Digital Wallet,Sunday,28
ORD_463830,CUST_052,Starters,French Fries,4.0,2.0,8.0,2023-11-13,Digital Wallet,Monday,25
ORD_419811,CUST_011,Starters,French Fries,4.0,5.0,20.0,2023-04-14,Cash,Friday,35
ORD_424533,CUST_096,Desserts,Ice Cream,5.0,2.0,10.0,2022-02-13,Digital Wallet,Sunday,36
ORD_166285,CUST_062,Desserts,Chocolate Cake,6.0,3.0,18.0,2022-03-04,Digital Wallet,Friday,26
ORD_454082,CUST_003,Main Dishes,Grilled Chicken,15.0,4.0,60.0,2022-08-02,Digital Wallet,Tuesday,27
ORD_185045,CUST_100,Drinks,Orange Juice,3.0,5.0,15.0,2022-12-18,Cash,Sunday,31
ORD_918434,CUST_096,Main Dishes,Vegetarian Platter,14.0,3.0,42.0,2022-02-02,Credit Card,Wednesday,37
ORD_217903,CUST_006,Side Dishes,Side Salad,3.0,4.0,12.0,2022-05-29,Credit Card,Sunday,26
ORD_705476,CUST_093,Side Dishes,Onion Rings,5.0,1.0,5.0,2022-01-28,Digital Wallet,Friday,26
ORD_406141,CUST_033,Desserts,Chocolate Cake,6.0,2.0,12.0,2022-10-03,Digital Wallet,Monday,29
ORD_960755,CUST_088,Main Dishes,Grilled Chicken,15.0,5.0,75.0,2022-06-21,Cash,Tuesday,26
ORD_630604,CUST_090,Desserts,Ice Cream,5.0,5.0,25.0,2023-07-08,Credit Card,Saturday,36
ORD_490070,CUST_045,Desserts,Chocolate Cake,6.0,4.0,24.0,2023-04-20,Cash,Thursday,27
ORD_929413,CUST_088,Main Dishes,Pasta Alfredo,12.0,3.0,36.0,2022-08-16,Credit Card,Tuesday,27
ORD_219849,CUST_019,Desserts,Ice Cream,5.0,3.0,15.0,2023-09-07,Digital Wallet,Thursday,27
ORD_499805,CUST_021,Starters,Chicken Melt,8.0,3.0,24.0,2023-07-11,Cash,Tuesday,29
ORD_517535,CUST_072,Drinks,Orange Juice,3.0,1.0,3.0,2023-06-06,Digital Wallet,Tuesday,25
ORD_514880,CUST_063,Starters,Sweet Potato Fries,5.0,1.0,5.0,2023-07-03,Cash,Monday,31
ORD_492350,CUST_067,Desserts,Ice Cream,5.0,3.0,15.0,2023-02-15,Credit Card,Wednesday,27
ORD_949663,CUST_096,Drinks,Lemonade,3.0,1.0,3.0,2023-03-18,Cash,Saturday,38
ORD_882481,CUST_098,Drinks,Orange Juice,3.0,4.0,12.0,2022-07-24,Cash,Sunday,36
ORD_595256,CUST_006,Desserts,Chocolate Cake,6.0,1.0,6.0,2023-01-04,Cash,Wednesday,27
ORD_704704,CUST_048,Main Dishes,Pasta Alfredo,12.0,5.0,60.0,2023-06-27,Digital Wallet,Tuesday,34
ORD_630784,CUST_010,Drinks,Lemonade,3.0,3.0,6.0,2022-03-31,Credit Card,Thursday,35
ORD_858180,CUST_049,Desserts,Ice Cream,5.0,3.0,25.0,2023-11-04,Cash,Saturday,29
ORD_816667,CUST_023,Main Dishes,Steak,20.0,5.0,100.0,2023-05-18,Cash,Thursday,27
ORD_537954,CUST_040,Side Dishes,Onion Rings,5.0,3.0,15.0,2022-10-09,Credit Card,Sunday,36
ORD_281918,CUST_063,Side Dishes,Side Salad,3.0,1.0,3.0,2023-03-09,Digital Wallet,Thursday,32
ORD_132920,CUST_011,Starters,Chicken Melt,8.0,2.0,16.0,2022-07-23,Credit Card,Saturday,36
ORD_263262,CUST_068,Starters,Chicken Melt,8.0,5.0,40.0,2022-07-23,Digital Wallet,Saturday,30
ORD_837019,CUST_050,Desserts,Chocolate Cake,6.0,1.0,6.0,2023-07-27,Cash,Thursday,28
ORD_126416,CUST_050,Side Dishes,Onion Rings,5.0,2.0,10.0,2023-08-28,Credit Card,Monday,29
ORD_524036,CUST_086,Main Dishes,Steak,20.0,4.0,80.0,2022-02-14,Cash,Monday,34
ORD_577588,CUST_002,Starters,Nachos Grande,10.0,5.0,50.0,2022-10-21,Cash,Friday,17
ORD_314499,CUST_064,Side Dishes,Garlic Bread,4.0,5.0,20.0,2022-10-29,Digital Wallet,Saturday,27
ORD_950151,CUST_047,Main Dishes,Pasta Alfredo,12.0,5.0,60.0,2023-12-07,Cash,Thursday,24
ORD_153552,CUST_001,Drinks,Coca Cola,2.5,4.0,10.0,2022-09-12,Digital Wallet,Monday,36
ORD_995693,CUST_055,Main Dishes,Pasta Alfredo,12.0,4.0,48.0,2023-05-16,Cash,Tuesday,34
ORD_980752,CUST_017,Drinks,Water,1.0,4.0,4.0,2022-02-16,Digital Wallet,Wednesday,36
ORD_602926,CUST_061,Drinks,Iced Tea,2.5,5.0,12.5,2023-03-04,Digital Wallet,Saturday,28
ORD_572597,CUST_079,Side Dishes,Onion Rings,5.0,5.0,25.0,2022-06-30,Credit Card,Thursday,28
ORD_891529,CUST_077,Starters,Sweet Potato Fries,5.0,3.0,20.0,2023-08-22,Cash,Tuesday,20
ORD_805758,CUST_027,Side Dishes,Onion Rings,5.0,2.0,10.0,2022-09-02,Digital Wallet,Friday,23
ORD_559452,CUST_004,Drinks,Orange Juice,3.0,3.0,9.0,2023-06-17,Credit Card,Saturday,32
ORD_385141,CUST_022,Starters,Cheese Fries,5.0,3.0,15.0,2022-12-29,Digital Wallet,Thursday,26
ORD_798766,CUST_036,Drinks,Water,1.0,2.0,2.0,2023-11-29,Cash,Wednesday,35
ORD_451276,CUST_097,Side Dishes,Side Salad,3.0,5.0,15.0,2023-12-20,Digital Wallet,Wednesday,30
ORD_350995,CUST_087,Side Dishes,Onion Rings,5.0,2.0,10.0,2022-09-27,Credit Card,Tuesday,32
ORD_867367,CUST_034,Side Dishes,Garlic Bread,4.0,2.0,8.0,2023-01-23,Digital Wallet,Monday,27
ORD_543234,CUST_099,Drinks,Lemonade,3.0,1.0,3.0,2023-08-09,Credit Card,Wednesday,17
ORD_666606,CUST_084,Side Dishes,Grilled Vegetables,5.0,4.0,20.0,2023-07-13,Digital Wallet,Thursday,23
ORD_385616,CUST_021,Desserts,Chocolate Cake,6.0,3.0,18.0,2023-06-14,Credit Card,Wednesday,30
ORD_563047,CUST_097,Desserts,Fruit Salad,4.0,5.0,20.0,2023-10-27,Digital Wallet,Friday,31
ORD_545557,CUST_047,Starters,Nachos Grande,10.0,3.0,30.0,2022-01-29,Credit Card,Saturday,25
ORD_791963,CUST_034,Side Dishes,Garlic Bread,4.0,4.0,16.0,2023-01-11,Digital Wallet,Wednesday,28
ORD_531213,CUST_017,Desserts,Ice Cream,5.0,3.0,15.0,2022-06-20,Digital Wallet,Monday,37
ORD_139026,CUST_057,Starters,Beef Chili,7.0,3.0,14.0,2022-03-12,Digital Wallet,Saturday,27
ORD_942190,CUST_077,Starters,Nachos Grande,10.0,4.0,40.0,2023-03-23,Credit Card,Thursday,21
ORD_743910,CUST_066,Desserts,Ice Cream,5.0,2.0,10.0,2022-03-28,Digital Wallet,Monday,36
ORD_211231,CUST_033,Side Dishes,Ice Cream,5.0,5.0,25.0,2023-03-07,Cash,Tuesday,30
ORD_665348,CUST_028,Desserts,Ice Cream,5.0,1.0,5.0,2022-06-05,Credit Card,Sunday,29
ORD_280282,CUST_026,Drinks,Coca Cola,2.5,3.0,10.0,2023-03-12,Cash,Sunday,28
ORD_949380,CUST_079,Desserts,Cheesecake,7.0,3.0,21.0,2022-06-30,Digital Wallet,Thursday,29
ORD_215770,CUST_041,Starters,French Fries,4.0,4.0,16.0,2022-09-20,Cash,Tuesday,32
ORD_874514,CUST_044,Starters,Chicken Melt,8.0,5.0,40.0,2022-04-25,Credit Card,Monday,32
ORD_811654,CUST_058,Desserts,Fruit Salad,4.0,1.0,4.0,2023-04-05,Digital Wallet,Wednesday,25
ORD_514414,CUST_023,Desserts,Ice Cream,5.0,5.0,25.0,2022-12-14,Digital Wallet,Wednesday,28
ORD_121065,CUST_098,Main Dishes,Salmon,18.0,4.0,72.0,2022-11-24,Credit Card,Thursday,37
ORD_606247,CUST_008,Side Dishes,Grilled Vegetables,5.0,2.0,10.0,2022-04-18,Digital Wallet,Monday,27
ORD_561802,CUST_059,Side Dishes,Grilled Vegetables,5.0,3.0,15.0,2022-01-07,Cash,Friday,31
ORD_587809,CUST_022,Side Dishes,Side Salad,3.0,2.0,6.0,2023-06-29,Cash,Thursday,27
ORD_207376,CUST_018,Drinks,Iced Tea,2.5,5.0,12.5,2022-10-23,Credit Card,Sunday,34
ORD_938190,CUST_054,Main Dishes,Grilled Chicken,15.0,1.0,15.0,2022-01-25,Digital Wallet,Tuesday,26
ORD_753383,CUST_024,Main Dishes,Pasta Alfredo,12.0,1.0,12.0,2023-08-07,Cash,Monday,19
ORD_792305,CUST_020,Drinks,Lemonade,3.0,5.0,15.0,2023-04-08,Digital Wallet,Saturday,34
ORD_123556,CUST_041,Main Dishes,Pasta Alfredo,12.0,2.0,24.0,2023-03-27,Credit Card,Monday,33
ORD_536651,CUST_076,Side Dishes,Grilled Vegetables,5.0,5.0,25.0,2023-12-02,Cash,Saturday,23
ORD_806408,CUST_063,Side Dishes,French Fries,4.0,3.0,12.0,2023-10-18,Digital Wallet,Wednesday,33
ORD_911530,CUST_041,Main Dishes,Grilled Chicken,15.0,1.0,15.0,2023-06-09,Digital Wallet,Friday,34
ORD_690908,CUST_037,Main Dishes,Grilled Chicken,15.0,2.0,30.0,2023-11-18,Credit Card,Saturday,30
ORD_674137,CUST_072,Drinks,Coca Cola,2.5,1.0,2.5,2023-01-02,Credit Card,Monday,26
ORD_116533,CUST_091,Starters,Cheese Fries,5.0,2.0,10.0,2023-01-09,Digital Wallet,Monday,30
ORD_336714,CUST_004,Desserts,Ice Cream,5.0,3.0,15.0,2023-12-11,Cash,Monday,33
ORD_445855,CUST_050,Main Dishes,Pasta Alfredo,12.0,3.0,36.0,2022-12-03,Digital Wallet,Saturday,30
ORD_902857,CUST_079,Main Dishes,Pasta Alfredo,12.0,2.0,24.0,2023-12-22,Digital Wallet,Friday,30
ORD_426942,CUST_063,Starters,French Fries,4.0,4.0,16.0,2023-05-22,Credit Card,Monday,34
ORD_598355,CUST_025,Starters,Cheese Fries,5.0,1.0,5.0,2023-12-17,Credit Card,Sunday,33
ORD_722110,CUST_091,Starters,Chicken Melt,8.0,3.0,24.0,2023-10-26,Cash,Thursday,31
ORD_798558,CUST_092,Main Dishes,Pasta Alfredo,12.0,5.0,60.0,2022-05-12,Cash,Thursday,30
ORD_530350,CUST_002,Main Dishes,Pasta Alfredo,12.0,3.0,24.0,2022-05-12,Digital Wallet,Thursday,18
ORD_810338,CUST_040,Side Dishes,Mashed Potatoes,4.0,5.0,20.0,2023-10-15,Digital Wallet,Sunday,37
ORD_813601,CUST_068,Drinks,Coca Cola,2.5,4.0,10.0,2022-06-08,Credit Card,Wednesday,31
ORD_799590,CUST_021,Drinks,Lemonade,3.0,4.0,12.0,2023-10-10,Cash,Tuesday,31
ORD_501582,CUST_065,Main Dishes,Vegetarian Platter,14.0,4.0,56.0,2023-04-26,Credit Card,Wednesday,35
ORD_290753,CUST_003,Drinks,Orange Juice,3.0,5.0,15.0,2022-07-22,Digital Wallet,Friday,28
ORD_524061,CUST_028,Side Dishes,Lemonade,3.0,3.0,3.0,2022-09-25,Digital Wallet,Sunday,30
ORD_923976,CUST_057,Side Dishes,Mashed Potatoes,4.0,3.0,12.0,2022-10-17,Credit Card,Monday,28
ORD_403647,CUST_025,Drinks,Water,1.0,3.0,3.0,2023-02-26,Digital Wallet,Sunday,34
ORD_835867,CUST_047,Drinks,Orange Juice,3.0,1.0,3.0,2022-06-30,Digital Wallet,Thursday,26
ORD_439822,CUST_044,Drinks,Water,1.0,4.0,4.0,2022-02-20,Credit Card,Sunday,33
ORD_895988,CUST_002,Drinks,Coca Cola,2.5,4.0,10.0,2022-11-24,Cash,Thursday,19
ORD_174376,CUST_091,Side Dishes,French Fries,4.0,2.0,8.0,2022-02-19,Digital Wallet,Saturday,32
ORD_302290,CUST_044,Desserts,Chocolate Cake,6.0,4.0,24.0,2022-11-25,Credit Card,Friday,34
ORD_806612,CUST_082,Main Dishes,Pasta Alfredo,12.0,2.0,24.0,2022-08-29,Cash,Monday,35
ORD_962747,CUST_084,Starters,Beef Chili,7.0,5.0,35.0,2022-05-29,Cash,Sunday,24
ORD_298818,CUST_074,Drinks,Lemonade,3.0,4.0,12.0,2022-12-09,Digital Wallet,Friday,26
ORD_290347,CUST_028,Side Dishes,Mashed Potatoes,4.0,4.0,16.0,2022-01-08,Cash,Saturday,31
ORD_277751,CUST_079,Side Dishes,Garlic Bread,4.0,2.0,8.0,2022-02-17,Digital Wallet,Thursday,31
ORD_823806,CUST_031,Drinks,Lemonade,3.0,3.0,9.0,2023-12-14,Digital Wallet,Thursday,30
ORD_402438,CUST_037,Side Dishes,Garlic Bread,4.0,4.0,16.0,2022-04-15,Cash,Friday,31
ORD_432997,CUST_024,Drinks,Orange Juice,3.0,5.0,15.0,2022-11-03,Cash,Thursday,20
ORD_597054,CUST_016,Starters,Cheese Fries,5.0,1.0,5.0,2022-09-23,Digital Wallet,Friday,34
ORD_698984,CUST_028,Side Dishes,Mashed Potatoes,4.0,5.0,20.0,2023-08-17,Digital Wallet,Thursday,32
ORD_501399,CUST_100,Main Dishes,Grilled Chicken,15.0,1.0,15.0,2023-01-12,Cash,Thursday,32
ORD_475190,CUST_093,Main Dishes,Grilled Chicken,15.0,3.0,45.0,2023-01-22,Digital Wallet,Sunday,27
ORD_444938,CUST_011,Side Dishes,Onion Rings,5.0,3.0,10.0,2023-08-01,Cash,Tuesday,37
ORD_945648,CUST_094,Side Dishes,Side Salad,3.0,3.0,9.0,2022-08-29,Cash,Monday,27
ORD_849880,CUST_071,Drinks,Coca Cola,2.5,5.0,12.5,2023-04-28,Credit Card,Friday,22
ORD_358107,CUST_051,Drinks,Coca Cola,2.5,4.0,10.0,2023-12-03,Credit Card,Sunday,34
ORD_936500,CUST_028,Main Dishes,Pasta Alfredo,12.0,4.0,48.0,2022-06-09,Credit Card,Thursday,33
ORD_278280,CUST_020,Side Dishes,Side Salad,3.0,4.0,12.0,2022-10-03,Cash,Monday,35
ORD_614026,CUST_048,Starters,French Fries,4.0,4.0,16.0,2023-08-19,Cash,Saturday,35
ORD_557491,CUST_055,Side Dishes,Side Salad,3.0,2.0,6.0,2023-08-19,Cash,Saturday,35
ORD_194732,CUST_078,Desserts,Brownie,6.0,5.0,30.0,2022-09-18,Cash,Sunday,23
ORD_184390,CUST_018,Main Dishes,Pasta Alfredo,12.0,3.0,36.0,2023-08-23,Cash,Wednesday,35
ORD_358391,CUST_093,Desserts,Chocolate Cake,6.0,3.0,18.0,2023-05-05,Credit Card,Friday,28
ORD_663209,CUST_099,Drinks,Water,1.0,1.0,1.0,2022-09-24,Digital Wallet,Saturday,18
ORD_956803,CUST_086,Main Dishes,Pasta Alfredo,12.0,1.0,12.0,2023-01-06,Cash,Friday,35
ORD_581271,CUST_052,Main Dishes,Steak,20.0,2.0,40.0,2022-11-20,Credit Card,Sunday,26
ORD_323297,CUST_054,Desserts,Brownie,6.0,2.0,12.0,2022-04-25,Credit Card,Monday,27
ORD_485319,CUST_058,Desserts,Chocolate Cake,6.0,5.0,30.0,2022-02-07,Credit Card,Monday,26
ORD_860533,CUST_075,Drinks,Coca Cola,2.5,3.0,2.5,2022-05-11,Credit Card,Wednesday,40
ORD_572727,CUST_099,Side Dishes,Ice Cream,5.0,1.0,5.0,2023-06-11,Cash,Sunday,19
ORD_101762,CUST_034,Starters,Cheese Fries,5.0,3.0,10.0,2022-11-16,Cash,Wednesday,29
ORD_934740,CUST_044,Starters,French Fries,4.0,5.0,20.0,2022-12-21,Digital Wallet,Wednesday,35
ORD_357871,CUST_066,Desserts,Fruit Salad,4.0,3.0,12.0,2023-05-22,Credit Card,Monday,37
ORD_152233,CUST_077,Side Dishes,Side Salad,3.0,5.0,15.0,2023-04-17,Cash,Monday,22
ORD_381226,CUST_041,Main Dishes,Steak,20.0,1.0,20.0,2022-02-26,Digital Wallet,Saturday,35
ORD_333127,CUST_044,Starters,Ice Cream,5.0,2.0,10.0,2023-06-03,Cash,Saturday,36
ORD_870425,CUST_086,Desserts,Ice Cream,5.0,1.0,5.0,2023-10-24,Cash,Tuesday,36
ORD_132517,CUST_024,Drinks,Water,1.0,2.0,2.0,2022-10-24,Cash,Monday,21
ORD_286388,CUST_069,Main Dishes,Vegetarian Platter,14.0,4.0,56.0,2023-01-08,Credit Card,Sunday,29
ORD_326041,CUST_017,Drinks,Orange Juice,3.0,5.0,15.0,2023-12-17,Credit Card,Sunday,38
ORD_440935,CUST_050,Drinks,Lemonade,3.0,2.0,6.0,2023-09-29,Digital Wallet,Friday,31
ORD_775579,CUST_055,Main Dishes,Grilled Chicken,15.0,2.0,30.0,2022-04-14,Digital Wallet,Thursday,36
ORD_823843,CUST_055,Drinks,Lemonade,3.0,4.0,12.0,2022-03-04,Digital Wallet,Friday,37
ORD_730058,CUST_075,Side Dishes,Mashed Potatoes,4.0,1.0,4.0,2022-07-20,Digital Wallet,Wednesday,41
ORD_541861,CUST_033,Drinks,Coca Cola,2.5,2.0,5.0,2023-01-26,Cash,Thursday,31
ORD_936243,CUST_093,Starters,Chicken Melt,8.0,1.0,8.0,2023-11-24,Cash,Friday,29
ORD_737939,CUST_006,Side Dishes,Side Salad,3.0,4.0,12.0,2023-02-03,Digital Wallet,Friday,28
ORD_476883,CUST_011,Side Dishes,Side Salad,3.0,1.0,3.0,2022-06-11,Credit Card,Saturday,38
ORD_814224,CUST_095,Drinks,Water,1.0,3.0,3.0,2022-11-06,Credit Card,Sunday,26
ORD_431116,CUST_094,Desserts,Chocolate Cake,6.0,5.0,30.0,2022-08-31,Cash,Wednesday,28
ORD_221773,CUST_069,Desserts,Brownie,6.0,2.0,12.0,2022-12-22,Cash,Thursday,30
ORD_381819,CUST_100,Starters,Sweet Potato Fries,5.0,1.0,5.0,2022-03-23,Cash,Wednesday,33
ORD_531879,CUST_076,Desserts,Brownie,6.0,3.0,18.0,2022-03-23,Digital Wallet,Wednesday,24
ORD_559560,CUST_099,Starters,Sweet Potato Fries,5.0,2.0,10.0,2023-03-13,Digital Wallet,Monday,20
ORD_218145,CUST_005,Side Dishes,Mashed Potatoes,4.0,4.0,16.0,2022-12-07,Credit Card,Wednesday,33
ORD_958320,CUST_036,Main Dishes,Pasta Alfredo,12.0,2.0,24.0,2023-05-15,Cash,Monday,36
ORD_534685,CUST_068,Desserts,Chocolate Cake,6.0,3.0,18.0,2022-12-06,Digital Wallet,Tuesday,32
ORD_577536,CUST_066,Side Dishes,Onion Rings,5.0,4.0,20.0,2022-12-08,Credit Card,Thursday,38
ORD_586587,CUST_056,Side Dishes,Grilled Vegetables,5.0,3.0,15.0,2022-01-11,Credit Card,Tuesday,35
ORD_707566,CUST_045,Main Dishes,Vegetarian Platter,14.0,4.0,56.0,2023-11-18,Cash,Saturday,28
ORD_961061,CUST_028,Side Dishes,Grilled Vegetables,5.0,4.0,20.0,2022-03-19,Cash,Saturday,34
ORD_975933,CUST_049,Main Dishes,Steak,20.0,3.0,20.0,2022-02-12,Cash,Saturday,30
ORD_703341,CUST_047,Side Dishes,Garlic Bread,4.0,1.0,4.0,2022-09-26,Credit Card,Monday,27
ORD_719977,CUST_079,Side Dishes,Side Salad,3.0,3.0,9.0,2022-10-03,Cash,Monday,32
ORD_947615,CUST_099,Main Dishes,Steak,20.0,2.0,40.0,2022-05-14,Credit Card,Saturday,21
ORD_993304,CUST_017,Main Dishes,Steak,20.0,1.0,20.0,2022-07-10,Credit Card,Sunday,39
ORD_830516,CUST_050,Main Dishes,Steak,20.0,3.0,60.0,2022-10-15,Cash,Saturday,32
ORD_924739,CUST_025,Desserts,Brownie,6.0,4.0,24.0,2022-01-01,Credit Card,Saturday,35
ORD_171396,CUST_032,Desserts,Brownie,6.0,5.0,30.0,2022-07-30,Digital Wallet,Saturday,35
ORD_146026,CUST_091,Side Dishes,Onion Rings,5.0,2.0,10.0,2022-12-09,Digital Wallet,Friday,33
ORD_742464,CUST_032,Drinks,Coca Cola,2.5,3.0,10.0,2023-02-04,Cash,Saturday,36
ORD_654511,CUST_081,Drinks,Water,1.0,5.0,5.0,2023-05-01,Credit Card,Monday,32
ORD_331014,CUST_054,Main Dishes,Pasta Alfredo,12.0,3.0,36.0,2023-06-02,Cash,Friday,28
ORD_498073,CUST_060,Starters,Chicken Melt,8.0,2.0,16.0,2023-11-11,Digital Wallet,Saturday,25
ORD_748310,CUST_035,Starters,French Fries,4.0,1.0,4.0,2023-12-31,Cash,Sunday,26
ORD_612829,CUST_086,Starters,Chicken Melt,8.0,5.0,40.0,2022-11-23,Cash,Wednesday,37
ORD_959943,CUST_077,Drinks,Lemonade,3.0,2.0,6.0,2023-01-04,Credit Card,Wednesday,23
ORD_542425,CUST_014,Desserts,Ice Cream,5.0,4.0,20.0,2023-06-30,Credit Card,Friday,31
ORD_784900,CUST_074,Desserts,Ice Cream,5.0,3.0,15.0,2023-04-14,Credit Card,Friday,27
ORD_747908,CUST_089,Drinks,Lemonade,3.0,5.0,15.0,2022-03-29,Credit Card,Tuesday,24
ORD_349513,CUST_043,Drinks,Coca Cola,2.5,5.0,12.5,2022-08-02,Digital Wallet,Tuesday,32
ORD_596951,CUST_058,Drinks,Orange Juice,3.0,4.0,12.0,2023-09-23,Credit Card,Saturday,27
ORD_488083,CUST_083,Desserts,Ice Cream,5.0,3.0,25.0,2023-03-28,Credit Card,Tuesday,27
ORD_384124,CUST_066,Main Dishes,Pasta Alfredo,12.0,4.0,48.0,2022-10-21,Credit Card,Friday,39
ORD_472768,CUST_035,Starters,Beef Chili,7.0,4.0,28.0,2022-01-29,Credit Card,Saturday,27
ORD_931203,CUST_081,Starters,Nachos Grande,10.0,2.0,20.0,2022-10-02,Digital Wallet,Sunday,33
ORD_217796,CUST_019,Desserts,Ice Cream,5.0,3.0,15.0,2022-07-08,Credit Card,Friday,28
ORD_861838,CUST_079,Desserts,French Fries,4.0,3.0,12.0,2023-10-15,Digital Wallet,Sunday,33
ORD_900492,CUST_080,Starters,Beef Chili,7.0,3.0,21.0,2022-02-22,Digital Wallet,Tuesday,29
ORD_887152,CUST_020,Starters,Chicken Melt,8.0,3.0,24.0,2023-07-24,Credit Card,Monday,36
ORD_283167,CUST_045,Main Dishes,Pasta Alfredo,12.0,1.0,12.0,2023-05-30,Credit Card,Tuesday,29
ORD_498971,CUST_081,Main Dishes,Grilled Chicken,15.0,5.0,75.0,2023-01-08,Cash,Sunday,34
ORD_477730,CUST_046,Desserts,Chocolate Cake,6.0,4.0,24.0,2023-03-17,Digital Wallet,Friday,28
ORD_303186,CUST_085,Drinks,Coca Cola,2.5,4.0,10.0,2023-12-14,Digital Wallet,Thursday,27
ORD_304651,CUST_063,Main Dishes,Steak,20.0,4.0,80.0,2022-11-18,Credit Card,Friday,35
ORD_514831,CUST_022,Drinks,Water,1.0,5.0,5.0,2023-01-23,Cash,Monday,28
ORD_376371,CUST_075,Starters,French Fries,4.0,5.0,20.0,2023-06-02,Credit Card,Friday,42
ORD_833007,CUST_083,Side Dishes,Mashed Potatoes,4.0,4.0,16.0,2023-02-11,Credit Card,Saturday,28
ORD_912149,CUST_010,Desserts,Brownie,6.0,2.0,12.0,2022-12-10,Digital Wallet,Saturday,36
ORD_183640,CUST_087,Drinks,Water,1.0,4.0,4.0,2022-09-21,Credit Card,Wednesday,33
ORD_469337,CUST_007,Desserts,Chocolate Cake,6.0,2.0,12.0,2023-06-18,Credit Card,Sunday,26
ORD_842889,CUST_048,Drinks,Orange Juice,3.0,4.0,12.0,2022-12-06,Digital Wallet,Tuesday,36
ORD_416782,CUST_009,Starters,French Fries,4.0,1.0,4.0,2023-12-17,Credit Card,Sunday,31
ORD_487174,CUST_020,Starters,Sweet Potato Fries,5.0,1.0,5.0,2023-01-17,Credit Card,Tuesday,37
ORD_494905,CUST_042,Drinks,Lemonade,3.0,3.0,15.0,2022-02-19,Digital Wallet,Saturday,31
ORD_667829,CUST_031,Desserts,Chocolate Cake,6.0,2.0,12.0,2023-10-11,Cash,Wednesday,31
ORD_213282,CUST_056,Drinks,Coca Cola,2.5,4.0,10.0,2022-10-01,Credit Card,Saturday,36
ORD_394731,CUST_098,Main Dishes,Pasta Alfredo,12.0,4.0,48.0,2022-11-27,Cash,Sunday,38
ORD_496015,CUST_003,Main Dishes,Grilled Chicken,15.0,2.0,30.0,2023-06-22,Cash,Thursday,29
ORD_728371,CUST_079,Drinks,Orange Juice,3.0,5.0,15.0,2023-05-03,Digital Wallet,Wednesday,34
ORD_513914,CUST_088,Desserts,Chocolate Cake,6.0,2.0,12.0,2023-09-12,Digital Wallet,Tuesday,28
ORD_159918,CUST_010,Drinks,Water,1.0,1.0,1.0,2022-06-16,Credit Card,Thursday,37
ORD_153319,CUST_092,Desserts,Chocolate Cake,6.0,5.0,30.0,2022-11-25,Credit Card,Friday,31
ORD_156139,CUST_042,Desserts,Cheesecake,7.0,3.0,21.0,2022-06-16,Credit Card,Thursday,32
ORD_988911,CUST_060,Desserts,Ice Cream,5.0,5.0,25.0,2023-03-20,Cash,Monday,26
ORD_315302,CUST_018,Drinks,Lemonade,3.0,4.0,12.0,2023-01-10,Digital Wallet,Tuesday,36
ORD_932993,CUST_034,Side Dishes,Mashed Potatoes,4.0,2.0,8.0,2022-03-24,Cash,Thursday,30
ORD_939734,CUST_007,Side Dishes,Mashed Potatoes,4.0,1.0,4.0,2022-01-03,Cash,Monday,27
ORD_164714,CUST_064,Main Dishes,Pasta Alfredo,12.0,2.0,24.0,2023-05-01,Digital Wallet,Monday,28
ORD_690829,CUST_007,Desserts,French Fries,4.0,5.0,20.0,2023-09-18,Cash,Monday,28
ORD_136996,CUST_085,Side Dishes,Mashed Potatoes,4.0,2.0,8.0,2023-05-15,Digital Wallet,Monday,28
ORD_609415,CUST_001,Starters,French Fries,4.0,1.0,4.0,2023-11-26,Digital Wallet,Sunday,37
ORD_497227,CUST_017,Main Dishes,Pasta Alfredo,12.0,5.0,60.0,2023-01-31,Credit Card,Tuesday,40
ORD_488134,CUST_059,Main Dishes,Grilled Chicken,15.0,5.0,75.0,2023-08-15,Digital Wallet,Tuesday,32
ORD_761927,CUST_049,Drinks,Water,1.0,1.0,1.0,2022-08-19,Credit Card,Friday,31
ORD_825184,CUST_072,Side Dishes,Grilled Vegetables,5.0,1.0,5.0,2023-07-27,Credit Card,Thursday,27
ORD_791075,CUST_030,Drinks,Water,1.0,3.0,3.0,2023-05-21,Digital Wallet,Sunday,32
ORD_266437,CUST_080,Side Dishes,Side Salad,3.0,4.0,12.0,2022-06-30,Digital Wallet,Thursday,30
ORD_945317,CUST_057,Drinks,Iced Tea,2.5,3.0,7.5,2022-02-19,Credit Card,Saturday,29
ORD_637467,CUST_065,Main Dishes,Grilled Chicken,15.0,2.0,30.0,2023-04-11,Credit Card,Tuesday,36
ORD_371510,CUST_019,Desserts,Brownie,6.0,5.0,30.0,2023-02-22,Cash,Wednesday,29
ORD_930319,CUST_010,Main Dishes,Salmon,18.0,1.0,18.0,2022-10-17,Cash,Monday,38
ORD_703305,CUST_081,Main Dishes,Grilled Chicken,15.0,5.0,75.0,2022-11-21,Credit Card,Monday,35
ORD_414502,CUST_087,Main Dishes,Grilled Chicken,15.0,3.0,45.0,2022-08-08,Credit Card,Monday,34
ORD_650261,CUST_084,Desserts,Fruit Salad,4.0,2.0,8.0,2022-01-02,Cash,Sunday,25
ORD_684560,CUST_056,Desserts,Brownie,6.0,5.0,30.0,2022-08-08,Cash,Monday,37
ORD_600104,CUST_086,Main Dishes,Vegetarian Platter,14.0,4.0,56.0,2022-06-13,Digital Wallet,Monday,38
ORD_748293,CUST_084,Drinks,Coca Cola,2.5,5.0,12.5,2022-01-12,Credit Card,Wednesday,26
ORD_551076,CUST_022,Starters,Sweet Potato Fries,5.0,5.0,25.0,2023-09-14,Digital Wallet,Thursday,29
ORD_623319,CUST_059,Desserts,Cheesecake,7.0,4.0,28.0,2023-05-25,Credit Card,Thursday,33
ORD_387315,CUST_051,Side Dishes,Onion Rings,5.0,2.0,10.0,2022-05-07,Digital Wallet,Saturday,35
ORD_332398,CUST_018,Side Dishes,Side Salad,3.0,3.0,9.0,2023-10-20,Cash,Friday,37
ORD_597635,CUST_048,Main Dishes,Grilled Chicken,15.0,3.0,45.0,2022-03-06,Digital Wallet,Sunday,37
ORD_482716,CUST_015,Side Dishes,Side Salad,3.0,1.0,3.0,2023-02-08,Digital Wallet,Wednesday,30
ORD_189527,CUST_034,Drinks,Coca Cola,2.5,1.0,2.5,2023-02-23,Digital Wallet,Thursday,31
ORD_673281,CUST_005,Desserts,Brownie,6.0,2.0,12.0,2022-11-04,Credit Card,Friday,34
ORD_297968,CUST_061,Desserts,Brownie,6.0,5.0,30.0,2023-10-13,Digital Wallet,Friday,29
ORD_535792,CUST_065,Desserts,Ice Cream,5.0,3.0,15.0,2022-08-26,Cash,Friday,37
ORD_501468,CUST_086,Starters,Chicken Melt,8.0,1.0,8.0,2023-09-14,Digital Wallet,Thursday,39
ORD_606620,CUST_044,Side Dishes,Side Salad,3.0,3.0,6.0,2023-07-21,Digital Wallet,Friday,37
ORD_993972,CUST_040,Main Dishes,Salmon,18.0,5.0,90.0,2023-07-07,Digital Wallet,Friday,38
ORD_228683,CUST_009,Drinks,Coca Cola,2.5,2.0,5.0,2022-03-16,Cash,Wednesday,32
ORD_498317,CUST_014,Main Dishes,Steak,20.0,4.0,80.0,2023-11-25,Digital Wallet,Saturday,32
ORD_345400,CUST_033,Main Dishes,Salmon,18.0,5.0,90.0,2022-04-17,Digital Wallet,Sunday,32
ORD_956030,CUST_019,Side Dishes,Grilled Vegetables,5.0,5.0,25.0,2022-03-08,Credit Card,Tuesday,30
ORD_735974,CUST_038,Drinks,Lemonade,3.0,3.0,9.0,2023-02-04,Cash,Saturday,30
ORD_671335,CUST_008,Side Dishes,Mashed Potatoes,4.0,3.0,12.0,2022-07-30,Credit Card,Saturday,28
ORD_949076,CUST_055,Drinks,Iced Tea,2.5,5.0,12.5,2022-12-28,Digital Wallet,Wednesday,38
ORD_694443,CUST_085,Main Dishes,Vegetarian Platter,14.0,2.0,28.0,2022-04-06,Digital Wallet,Wednesday,29
ORD_419898,CUST_083,Drinks,Coca Cola,2.5,1.0,2.5,2022-04-23,Credit Card,Saturday,29
ORD_841857,CUST_003,Side Dishes,Side Salad,3.0,2.0,6.0,2023-03-03,Credit Card,Friday,30
ORD_271956,CUST_046,Desserts,Chocolate Cake,6.0,4.0,24.0,2023-05-12,Cash,Friday,29
ORD_776593,CUST_074,Main Dishes,Steak,20.0,3.0,60.0,2022-05-18,Cash,Wednesday,28
ORD_905095,CUST_026,Starters,Cheese Fries,5.0,4.0,20.0,2022-11-24,Cash,Thursday,29
ORD_722677,CUST_086,Main Dishes,Vegetarian Platter,14.0,2.0,28.0,2023-03-13,Credit Card,Monday,40
ORD_446251,CUST_067,Desserts,Brownie,6.0,2.0,12.0,2022-11-04,Cash,Friday,28
ORD_777390,CUST_092,Desserts,Chocolate Cake,6.0,3.0,18.0,2023-05-08,Digital Wallet,Monday,32
ORD_712627,CUST_070,Drinks,Iced Tea,2.5,1.0,2.5,2022-04-01,Digital Wallet,Friday,21
ORD_767466,CUST_009,Drinks,Coca Cola,2.5,5.0,12.5,2022-11-25,Digital Wallet,Friday,33
ORD_884210,CUST_098,Side Dishes,Side Salad,3.0,5.0,15.0,2023-07-11,Digital Wallet,Tuesday,39
ORD_274839,CUST_028,Side Dishes,Garlic Bread,4.0,5.0,20.0,2023-01-22,Cash,Sunday,35
ORD_263554,CUST_026,Desserts,French Fries,4.0,1.0,4.0,2023-12-19,Credit Card,Tuesday,30
ORD_224201,CUST_007,Drinks,Coca Cola,2.5,1.0,2.5,2023-06-27,Credit Card,Tuesday,29
ORD_681543,CUST_090,Desserts,Ice Cream,5.0,2.0,10.0,2022-05-21,Credit Card,Saturday,37
ORD_826621,CUST_073,Starters,French Fries,4.0,2.0,8.0,2023-04-12,Credit Card,Wednesday,33
ORD_528493,CUST_092,Main Dishes,Pasta Alfredo,12.0,2.0,24.0,2022-08-18,Cash,Thursday,33
ORD_522516,CUST_051,Desserts,Ice Cream,5.0,4.0,20.0,2023-06-02,Digital Wallet,Friday,36
ORD_721735,CUST_076,Desserts,Brownie,6.0,3.0,18.0,2023-06-01,Cash,Thursday,25
ORD_430792,CUST_060,Desserts,Cheesecake,7.0,4.0,28.0,2023-12-16,Cash,Saturday,27
ORD_684539,CUST_009,Side Dishes,Mashed Potatoes,4.0,3.0,12.0,2022-09-05,Digital Wallet,Monday,34
ORD_961447,CUST_015,Main Dishes,Salmon,18.0,1.0,18.0,2022-04-09,Credit Card,Saturday,31
ORD_780092,CUST_049,Main Dishes,Vegetarian Platter,14.0,3.0,42.0,2022-11-17,Cash,Thursday,32
ORD_646440,CUST_098,Desserts,Ice Cream,5.0,1.0,5.0,2022-02-13,Credit Card,Sunday,40
ORD_813420,CUST_074,Side Dishes,Mashed Potatoes,4.0,2.0,8.0,2022-05-09,Digital Wallet,Monday,29
ORD_207346,CUST_035,Drinks,Coca Cola,2.5,4.0,10.0,2022-12-24,Cash,Saturday,28
ORD_935463,CUST_084,Desserts,Brownie,6.0,4.0,24.0,2023-12-03,Credit Card,Sunday,27
ORD_339688,CUST_099,Main Dishes,Steak,20.0,2.0,40.0,2023-07-11,Cash,Tuesday,22
ORD_333682,CUST_004,Side Dishes,Grilled Vegetables,5.0,4.0,20.0,2023-11-09,Credit Card,Thursday,34
ORD_408227,CUST_099,Drinks,Coca Cola,2.5,1.0,2.5,2023-08-21,Cash,Monday,23
ORD_267431,CUST_099,Desserts,Ice Cream,5.0,2.0,10.0,2023-04-23,Cash,Sunday,24
ORD_499627,CUST_008,Drinks,Lemonade,3.0,3.0,9.0,2023-12-17,Credit Card,Sunday,29
ORD_901762,CUST_097,Starters,Sweet Potato Fries,5.0,4.0,20.0,2023-08-15,Cash,Tuesday,32
ORD_332471,CUST_090,Starters,Cheese Fries,5.0,1.0,5.0,2023-05-11,Cash,Thursday,38
ORD_855419,CUST_054,Main Dishes,Steak,20.0,1.0,20.0,2022-12-19,Credit Card,Monday,29
ORD_237172,CUST_049,Side Dishes,Onion Rings,5.0,4.0,20.0,2022-10-11,Cash,Tuesday,33
ORD_259908,CUST_039,Starters,Sweet Potato Fries,5.0,3.0,5.0,2022-07-09,Cash,Saturday,35
ORD_893911,CUST_076,Starters,Chicken Melt,8.0,1.0,8.0,2023-11-17,Digital Wallet,Friday,26
ORD_300694,CUST_085,Side Dishes,Mashed Potatoes,4.0,2.0,8.0,2022-12-18,Cash,Sunday,30
ORD_351830,CUST_055,Side Dishes,Garlic Bread,4.0,2.0,8.0,2023-11-01,Digital Wallet,Wednesday,39
ORD_821545,CUST_092,Desserts,Ice Cream,5.0,1.0,5.0,2023-04-17,Credit Card,Monday,34
ORD_525137,CUST_077,Starters,French Fries,4.0,5.0,20.0,2022-11-10,Digital Wallet,Thursday,24
ORD_462020,CUST_061,Desserts,Fruit Salad,4.0,3.0,12.0,2023-05-26,Credit Card,Friday,30
ORD_947216,CUST_031,Starters,Sweet Potato Fries,5.0,5.0,25.0,2023-02-01,Cash,Wednesday,32
ORD_105210,CUST_064,Main Dishes,Pasta Alfredo,12.0,3.0,12.0,2023-09-09,Credit Card,Saturday,29
ORD_395517,CUST_054,Starters,Chicken Melt,8.0,4.0,32.0,2023-01-30,Digital Wallet,Monday,30
ORD_490622,CUST_076,Drinks,Water,1.0,5.0,5.0,2022-02-16,Digital Wallet,Wednesday,27
ORD_494908,CUST_014,Side Dishes,Mashed Potatoes,4.0,2.0,8.0,2023-06-13,Credit Card,Tuesday,33
ORD_895962,CUST_047,Desserts,Chocolate Cake,6.0,3.0,18.0,2022-05-18,Digital Wallet,Wednesday,28
ORD_841941,CUST_035,Drinks,Coca Cola,2.5,3.0,7.5,2022-06-19,Cash,Sunday,29
ORD_184707,CUST_027,Drinks,Water,1.0,1.0,1.0,2022-01-27,Digital Wallet,Thursday,24
ORD_438041,CUST_044,Side Dishes,Mashed Potatoes,4.0,4.0,16.0,2023-01-09,Cash,Monday,38
ORD_171073,CUST_009,Main Dishes,Grilled Chicken,15.0,3.0,45.0,2022-06-03,Digital Wallet,Friday,35
ORD_636477,CUST_074,Main Dishes,Grilled Chicken,15.0,2.0,30.0,2022-07-23,Credit Card,Saturday,30
ORD_616642,CUST_043,Side Dishes,Grilled Vegetables,5.0,1.0,5.0,2023-07-16,Cash,Sunday,33
ORD_510206,CUST_067,Desserts,Ice Cream,5.0,3.0,15.0,2022-07-04,Cash,Monday,29
ORD_853776,CUST_020,Side Dishes,Garlic Bread,4.0,3.0,12.0,2023-02-10,Credit Card,Friday,38
ORD_292895,CUST_052,Drinks,Lemonade,3.0,4.0,12.0,2022-10-09,Digital Wallet,Sunday,27
ORD_673843,CUST_002,Starters,French Fries,4.0,5.0,20.0,2023-01-15,Credit Card,Sunday,20
ORD_127530,CUST_092,Main Dishes,Grilled Chicken,15.0,2.0,30.0,2022-01-30,Credit Card,Sunday,35
ORD_413675,CUST_093,Side Dishes,Mashed Potatoes,4.0,2.0,8.0,2023-08-03,Credit Card,Thursday,30
ORD_869322,CUST_029,Starters,French Fries,4.0,3.0,20.0,2022-05-02,Credit Card,Monday,22
ORD_674178,CUST_093,Side Dishes,Side Salad,3.0,1.0,3.0,2022-11-09,Cash,Wednesday,31
ORD_891941,CUST_061,Side Dishes,Onion Rings,5.0,3.0,15.0,2023-04-03,Credit Card,Monday,31
ORD_913768,CUST_056,Drinks,Coca Cola,2.5,2.0,5.0,2022-02-23,Digital Wallet,Wednesday,38
ORD_284303,CUST_044,Drinks,Lemonade,3.0,3.0,9.0,2023-03-24,Credit Card,Friday,39
ORD_321522,CUST_001,Side Dishes,Mashed Potatoes,4.0,2.0,8.0,2022-11-20,Cash,Sunday,38
ORD_295854,CUST_036,Main Dishes,Salmon,18.0,5.0,90.0,2022-07-20,Digital Wallet,Wednesday,37
ORD_499554,CUST_062,Main Dishes,Pasta Alfredo,12.0,2.0,24.0,2023-09-18,Digital Wallet,Monday,27
ORD_341713,CUST_098,Drinks,Iced Tea,2.5,3.0,7.5,2023-09-29,Digital Wallet,Friday,41
ORD_996562,CUST_033,Side Dishes,Side Salad,3.0,3.0,9.0,2023-12-29,Credit Card,Friday,33
ORD_129019,CUST_087,Side Dishes,Lemonade,3.0,3.0,9.0,2022-02-09,Cash,Wednesday,35
ORD_381267,CUST_002,Side Dishes,Mashed Potatoes,4.0,3.0,12.0,2023-12-31,Cash,Sunday,21
ORD_483556,CUST_052,Starters,Beef Chili,7.0,1.0,7.0,2023-01-29,Cash,Sunday,28
ORD_512377,CUST_063,Side Dishes,Side Salad,3.0,4.0,12.0,2023-06-05,Cash,Monday,36
ORD_655063,CUST_020,Desserts,Ice Cream,5.0,3.0,15.0,2023-09-29,Digital Wallet,Friday,39
ORD_588485,CUST_028,Main Dishes,Grilled Chicken,15.0,3.0,45.0,2023-04-27,Credit Card,Thursday,36
ORD_973144,CUST_034,Side Dishes,Side Salad,3.0,5.0,15.0,2023-01-23,Cash,Monday,32
ORD_863785,CUST_094,Desserts,Cheesecake,7.0,2.0,14.0,2023-01-29,Digital Wallet,Sunday,29
ORD_100118,CUST_056,Starters,Ice Cream,5.0,5.0,25.0,2023-09-04,Cash,Monday,39
ORD_659455,CUST_024,Drinks,Lemonade,3.0,1.0,3.0,2022-05-21,Cash,Saturday,22
ORD_785182,CUST_043,Side Dishes,Onion Rings,5.0,3.0,15.0,2022-03-12,Digital Wallet,Saturday,34
ORD_609756,CUST_069,Desserts,Chocolate Cake,6.0,5.0,30.0,2022-12-08,Digital Wallet,Thursday,31
ORD_473577,CUST_076,Drinks,Coca Cola,2.5,5.0,12.5,2022-08-27,Credit Card,Saturday,28
ORD_407331,CUST_096,Starters,Nachos Grande,10.0,2.0,20.0,2022-05-08,Digital Wallet,Sunday,39
ORD_633941,CUST_035,Side Dishes,Grilled Vegetables,5.0,1.0,5.0,2023-11-15,Credit Card,Wednesday,30
ORD_930131,CUST_099,Starters,Sweet Potato Fries,5.0,3.0,15.0,2022-08-28,Cash,Sunday,25
ORD_480383,CUST_063,Main Dishes,Steak,20.0,5.0,100.0,2023-07-09,Credit Card,Sunday,37
ORD_895773,CUST_088,Drinks,Lemonade,3.0,4.0,12.0,2022-05-25,Credit Card,Wednesday,29
ORD_239548,CUST_045,Starters,Chicken Melt,8.0,1.0,8.0,2023-09-27,Cash,Wednesday,30
ORD_182979,CUST_081,Main Dishes,Steak,20.0,3.0,60.0,2022-03-26,Credit Card,Saturday,36
ORD_397858,CUST_038,Main Dishes,Grilled Chicken,15.0,5.0,75.0,2022-10-14,Cash,Friday,31
ORD_727729,CUST_061,Starters,French Fries,4.0,5.0,20.0,2022-05-20,Cash,Friday,32
ORD_179121,CUST_038,Drinks,Coca Cola,2.5,1.0,2.5,2022-01-28,Digital Wallet,Friday,32
ORD_866750,CUST_070,Desserts,Cheesecake,7.0,2.0,14.0,2023-07-10,Credit Card,Monday,22
ORD_895982,CUST_061,Main Dishes,Pasta Alfredo,12.0,5.0,60.0,2022-07-15,Cash,Friday,33
ORD_678173,CUST_042,Main Dishes,Steak,20.0,5.0,100.0,2022-11-01,Cash,Tuesday,33
ORD_615622,CUST_071,Side Dishes,Side Salad,3.0,2.0,6.0,2022-03-06,Cash,Sunday,23
ORD_439385,CUST_049,Desserts,Ice Cream,5.0,2.0,10.0,2023-07-25,Cash,Tuesday,34
ORD_127678,CUST_012,Starters,French Fries,4.0,2.0,8.0,2022-05-04,Cash,Wednesday,30
ORD_967586,CUST_022,Main Dishes,Vegetarian Platter,14.0,2.0,28.0,2022-02-04,Digital Wallet,Friday,30
ORD_775279,CUST_024,Main Dishes,Steak,20.0,2.0,40.0,2023-06-30,Digital Wallet,Friday,23
ORD_463936,CUST_019,Desserts,Ice Cream,5.0,5.0,25.0,2023-12-28,Cash,Thursday,31
ORD_744959,CUST_091,Starters,Beef Chili,7.0,2.0,14.0,2022-07-26,Credit Card,Tuesday,34
ORD_975016,CUST_093,Side Dishes,Garlic Bread,4.0,4.0,16.0,2023-04-12,Credit Card,Wednesday,32
ORD_867886,CUST_069,Main Dishes,Pasta Alfredo,12.0,1.0,12.0,2023-12-13,Cash,Wednesday,32
ORD_774810,CUST_052,Main Dishes,Pasta Alfredo,12.0,1.0,12.0,2022-11-15,Cash,Tuesday,29
ORD_933697,CUST_011,Starters,Beef Chili,7.0,1.0,7.0,2023-05-02,Cash,Tuesday,39
ORD_102517,CUST_026,Starters,French Fries,4.0,5.0,20.0,2022-09-01,Credit Card,Thursday,31
ORD_873431,CUST_045,Side Dishes,Mashed Potatoes,4.0,1.0,4.0,2023-09-19,Digital Wallet,Tuesday,31
ORD_833215,CUST_020,Starters,Chicken Melt,8.0,2.0,16.0,2023-02-27,Credit Card,Monday,40
ORD_896730,CUST_027,Desserts,Chocolate Cake,6.0,4.0,24.0,2022-02-17,Cash,Thursday,25
ORD_740325,CUST_068,Starters,Cheese Fries,5.0,2.0,10.0,2022-10-23,Cash,Sunday,33
ORD_141090,CUST_058,Side Dishes,Mashed Potatoes,4.0,2.0,8.0,2022-06-13,Cash,Monday,28
ORD_824661,CUST_017,Drinks,Iced Tea,2.5,2.0,5.0,2022-08-22,Digital Wallet,Monday,41
ORD_646029,CUST_043,Drinks,Lemonade,3.0,5.0,15.0,2023-09-21,Cash,Thursday,35
ORD_391678,CUST_054,Starters,Beef Chili,7.0,4.0,28.0,2022-08-26,Credit Card,Friday,31
ORD_793065,CUST_053,Desserts,Chocolate Cake,6.0,2.0,12.0,2023-11-21,Cash,Tuesday,31
ORD_137647,CUST_024,Drinks,Water,1.0,3.0,3.0,2022-09-23,Digital Wallet,Friday,24
ORD_404139,CUST_081,Side Dishes,Side Salad,3.0,3.0,9.0,2022-06-23,Cash,Thursday,37
ORD_891604,CUST_025,Starters,Cheese Fries,5.0,1.0,5.0,2022-08-20,Digital Wallet,Saturday,36
ORD_377426,CUST_015,Desserts,Chocolate Cake,6.0,1.0,6.0,2022-03-21,Cash,Monday,32
ORD_211059,CUST_027,Drinks,Water,1.0,2.0,2.0,2023-11-11,Digital Wallet,Saturday,26
ORD_754868,CUST_048,Starters,Cheese Fries,5.0,1.0,5.0,2022-08-25,Digital Wallet,Thursday,38
ORD_190827,CUST_059,Desserts,Brownie,6.0,2.0,12.0,2023-05-18,Cash,Thursday,34
ORD_702502,CUST_074,Main Dishes,Pasta Alfredo,12.0,2.0,24.0,2022-09-28,Digital Wallet,Wednesday,31
ORD_378579,CUST_066,Drinks,Lemonade,3.0,4.0,12.0,2022-11-10,Cash,Thursday,40
ORD_957567,CUST_088,Main Dishes,Grilled Chicken,15.0,1.0,15.0,2022-07-02,Cash,Saturday,30
ORD_596190,CUST_036,Desserts,Fruit Salad,4.0,4.0,16.0,2022-10-07,Cash,Friday,38
ORD_191278,CUST_042,Main Dishes,Vegetarian Platter,14.0,2.0,28.0,2023-07-30,Cash,Sunday,34
ORD_705597,CUST_056,Desserts,Ice Cream,5.0,3.0,15.0,2023-03-03,Cash,Friday,40
ORD_713008,CUST_073,Drinks,Orange Juice,3.0,1.0,3.0,2022-01-01,Digital Wallet,Saturday,34
ORD_431198,CUST_070,Starters,French Fries,4.0,1.0,4.0,2022-12-12,Cash,Monday,23
ORD_237107,CUST_069,Side Dishes,Grilled Vegetables,5.0,5.0,25.0,2022-05-25,Credit Card,Wednesday,33
ORD_113634,CUST_013,Starters,Chicken Melt,8.0,5.0,40.0,2022-04-17,Cash,Sunday,25
ORD_414661,CUST_075,Drinks,Water,1.0,2.0,2.0,2022-12-17,Digital Wallet,Saturday,43
ORD_933224,CUST_041,Main Dishes,Steak,20.0,1.0,20.0,2022-01-31,Digital Wallet,Monday,36
ORD_220759,CUST_098,Side Dishes,Side Salad,3.0,2.0,6.0,2023-12-20,Digital Wallet,Wednesday,42
ORD_719042,CUST_030,Side Dishes,Grilled Vegetables,5.0,2.0,10.0,2022-04-18,Cash,Monday,33
ORD_333150,CUST_091,Starters,Beef Chili,7.0,5.0,35.0,2022-01-03,Cash,Monday,35
ORD_752452,CUST_043,Starters,Cheese Fries,5.0,3.0,15.0,2022-05-25,Credit Card,Wednesday,36
ORD_935089,CUST_010,Desserts,Ice Cream,5.0,3.0,15.0,2023-11-02,Credit Card,Thursday,39
ORD_424122,CUST_028,Drinks,Orange Juice,3.0,1.0,3.0,2022-01-10,Cash,Monday,37
ORD_472127,CUST_047,Starters,Beef Chili,7.0,3.0,7.0,2023-04-01,Digital Wallet,Saturday,29
ORD_741320,CUST_043,Main Dishes,Grilled Chicken,15.0,2.0,30.0,2023-10-25,Digital Wallet,Wednesday,37
ORD_546917,CUST_068,Side Dishes,Grilled Vegetables,5.0,4.0,20.0,2023-12-14,Credit Card,Thursday,34
ORD_614434,CUST_089,Main Dishes,Salmon,18.0,4.0,72.0,2023-02-11,Cash,Saturday,25
ORD_298603,CUST_047,Desserts,Ice Cream,5.0,1.0,5.0,2022-10-30,Digital Wallet,Sunday,30
ORD_556718,CUST_048,Drinks,Lemonade,3.0,5.0,15.0,2022-01-04,Credit Card,Tuesday,39
ORD_575521,CUST_052,Desserts,Ice Cream,5.0,2.0,10.0,2023-11-29,Credit Card,Wednesday,30
ORD_605079,CUST_089,Main Dishes,Grilled Chicken,15.0,3.0,60.0,2022-12-23,Cash,Friday,26
ORD_362900,CUST_044,Drinks,Orange Juice,3.0,1.0,3.0,2022-08-12,Digital Wallet,Friday,40
ORD_149375,CUST_099,Drinks,Orange Juice,3.0,2.0,6.0,2023-07-26,Credit Card,Wednesday,26
ORD_728235,CUST_092,Drinks,Water,1.0,3.0,3.0,2023-08-19,Digital Wallet,Saturday,36
ORD_762429,CUST_057,Drinks,Orange Juice,3.0,1.0,3.0,2022-03-14,Credit Card,Monday,30
ORD_289932,CUST_001,Side Dishes,Side Salad,3.0,2.0,6.0,2023-05-10,Digital Wallet,Wednesday,39
ORD_400344,CUST_089,Desserts,Fruit Salad,4.0,1.0,4.0,2022-06-07,Cash,Tuesday,27
ORD_861946,CUST_098,Main Dishes,Pasta Alfredo,12.0,2.0,24.0,2023-01-05,Cash,Thursday,43
ORD_516415,CUST_050,Starters,Chicken Melt,8.0,4.0,32.0,2022-12-25,Credit Card,Sunday,33
ORD_533191,CUST_099,Side Dishes,Grilled Vegetables,5.0,5.0,25.0,2022-01-11,Credit Card,Tuesday,27
ORD_333503,CUST_100,Starters,Nachos Grande,10.0,1.0,10.0,2022-03-05,Cash,Saturday,34
ORD_397345,CUST_086,Drinks,Lemonade,3.0,1.0,3.0,2022-01-09,Cash,Sunday,41
ORD_221521,CUST_006,Desserts,Ice Cream,5.0,3.0,15.0,2023-10-09,Credit Card,Monday,29
ORD_723536,CUST_047,Drinks,Orange Juice,3.0,3.0,12.0,2022-06-04,Credit Card,Saturday,31
ORD_221610,CUST_037,Side Dishes,Mashed Potatoes,4.0,1.0,4.0,2022-10-09,Cash,Sunday,32
ORD_336270,CUST_030,Side Dishes,Onion Rings,5.0,1.0,5.0,2023-02-11,Credit Card,Saturday,34
ORD_211421,CUST_019,Desserts,Brownie,6.0,2.0,12.0,2022-07-13,Credit Card,Wednesday,32
ORD_622385,CUST_036,Main Dishes,Vegetarian Platter,14.0,3.0,42.0,2023-11-25,Digital Wallet,Saturday,39
ORD_842014,CUST_087,Main Dishes,Pasta Alfredo,12.0,2.0,24.0,2022-02-08,Credit Card,Tuesday,36
ORD_813744,CUST_054,Desserts,Beef Chili,7.0,2.0,14.0,2022-07-27,Credit Card,Wednesday,32
ORD_477643,CUST_031,Main Dishes,Grilled Chicken,15.0,2.0,30.0,2022-03-18,Cash,Friday,33
ORD_356948,CUST_098,Drinks,Iced Tea,2.5,5.0,12.5,2023-07-29,Digital Wallet,Saturday,44
ORD_523920,CUST_011,Desserts,Ice Cream,5.0,2.0,10.0,2022-07-12,Credit Card,Tuesday,40
ORD_204917,CUST_090,Drinks,Water,1.0,3.0,3.0,2022-10-22,Cash,Saturday,39
ORD_227981,CUST_006,Main Dishes,Pasta Alfredo,12.0,2.0,24.0,2022-02-09,Credit Card,Wednesday,30
ORD_851812,CUST_044,Main Dishes,Salmon,18.0,3.0,72.0,2022-08-22,Cash,Monday,41
ORD_848446,CUST_093,Side Dishes,Garlic Bread,4.0,2.0,8.0,2022-08-19,Digital Wallet,Friday,33
ORD_347639,CUST_048,Desserts,Cheesecake,7.0,1.0,7.0,2023-12-27,Digital Wallet,Wednesday,40
ORD_832371,CUST_100,Main Dishes,Grilled Chicken,15.0,1.0,15.0,2022-09-08,Credit Card,Thursday,35
ORD_420214,CUST_093,Drinks,Water,1.0,3.0,3.0,2022-03-11,Credit Card,Friday,34
ORD_771956,CUST_078,Desserts,Cheesecake,7.0,3.0,21.0,2023-05-08,Credit Card,Monday,24
ORD_933548,CUST_092,Desserts,Ice Cream,5.0,2.0,10.0,2023-10-13,Cash,Friday,37
ORD_125141,CUST_028,Desserts,Ice Cream,5.0,2.0,10.0,2022-12-06,Digital Wallet,Tuesday,38
ORD_471646,CUST_019,Drinks,Coca Cola,2.5,4.0,10.0,2023-07-24,Digital Wallet,Monday,33
ORD_687790,CUST_094,Starters,French Fries,4.0,3.0,12.0,2022-01-19,Cash,Wednesday,30
ORD_853626,CUST_015,Side Dishes,Lemonade,3.0,5.0,15.0,2022-12-10,Cash,Saturday,33
ORD_488928,CUST_083,Main Dishes,Steak,20.0,4.0,80.0,2022-07-12,Credit Card,Tuesday,30
ORD_797042,CUST_012,Main Dishes,Pasta Alfredo,12.0,5.0,60.0,2022-07-12,Digital Wallet,Tuesday,31
ORD_678032,CUST_071,Desserts,Chocolate Cake,6.0,5.0,30.0,2022-04-10,Credit Card,Sunday,24
ORD_149970,CUST_019,Drinks,Iced Tea,2.5,1.0,2.5,2022-06-11,Digital Wallet,Saturday,34
ORD_900961,CUST_071,Main Dishes,Vegetarian Platter,14.0,1.0,14.0,2023-11-12,Digital Wallet,Sunday,25
ORD_691987,CUST_039,Starters,Sweet Potato Fries,5.0,3.0,15.0,2022-05-16,Cash,Monday,36
ORD_467273,CUST_071,Side Dishes,Garlic Bread,4.0,2.0,8.0,2022-01-16,Cash,Sunday,26
ORD_632494,CUST_075,Starters,Beef Chili,7.0,2.0,14.0,2022-08-15,Cash,Monday,44
ORD_958541,CUST_087,Starters,Cheese Fries,5.0,3.0,15.0,2022-12-15,Cash,Thursday,37
ORD_302728,CUST_079,Drinks,Coca Cola,2.5,4.0,10.0,2022-06-03,Digital Wallet,Friday,35
ORD_124490,CUST_074,Desserts,Brownie,6.0,1.0,6.0,2023-10-06,Credit Card,Friday,32
ORD_593061,CUST_034,Starters,Nachos Grande,10.0,5.0,50.0,2022-11-18,Digital Wallet,Friday,33
ORD_469516,CUST_040,Main Dishes,Steak,20.0,2.0,40.0,2022-10-01,Cash,Saturday,39
ORD_363272,CUST_026,Desserts,Chocolate Cake,6.0,5.0,30.0,2023-06-15,Cash,Thursday,32
ORD_847561,CUST_100,Starters,Sweet Potato Fries,5.0,2.0,10.0,2023-10-26,Credit Card,Thursday,36
ORD_588183,CUST_065,Side Dishes,Mashed Potatoes,4.0,4.0,16.0,2023-10-26,Credit Card,Thursday,38
ORD_746028,CUST_005,Drinks,Orange Juice,3.0,5.0,15.0,2023-05-31,Credit Card,Wednesday,35
ORD_388162,CUST_028,Main Dishes,Pasta Alfredo,12.0,5.0,60.0,2023-05-10,Digital Wallet,Wednesday,39
ORD_424190,CUST_075,Drinks,Lemonade,3.0,4.0,12.0,2022-11-28,Digital Wallet,Monday,45
ORD_558240,CUST_043,Main Dishes,Grilled Chicken,15.0,3.0,75.0,2023-04-14,Cash,Friday,38
ORD_888134,CUST_073,Main Dishes,Salmon,18.0,3.0,54.0,2023-09-19,Credit Card,Tuesday,35
ORD_218783,CUST_026,Drinks,Water,1.0,4.0,4.0,2022-08-13,Digital Wallet,Saturday,33
ORD_742569,CUST_007,Drinks,Iced Tea,2.5,3.0,7.5,2023-01-05,Cash,Thursday,30
ORD_647037,CUST_067,Starters,Beef Chili,7.0,3.0,21.0,2022-07-29,Digital Wallet,Friday,30
ORD_936366,CUST_024,Drinks,Coca Cola,2.5,3.0,7.5,2022-04-29,Digital Wallet,Friday,25
ORD_149665,CUST_073,Main Dishes,Pasta Alfredo,12.0,5.0,60.0,2023-05-01,Digital Wallet,Monday,36
ORD_772066,CUST_003,Drinks,Water,1.0,5.0,5.0,2022-03-27,Cash,Sunday,31
ORD_128080,CUST_094,Drinks,Water,1.0,2.0,2.0,2022-10-27,Credit Card,Thursday,31
ORD_842072,CUST_010,Drinks,Water,1.0,3.0,4.0,2023-05-29,Cash,Monday,40
ORD_287922,CUST_025,Desserts,Cheesecake,7.0,2.0,14.0,2023-05-09,Credit Card,Tuesday,37
ORD_221235,CUST_025,Starters,Beef Chili,7.0,2.0,14.0,2023-03-22,Credit Card,Wednesday,38
ORD_128314,CUST_080,Drinks,Coca Cola,2.5,4.0,10.0,2023-08-31,Cash,Thursday,31
ORD_601713,CUST_076,Drinks,Orange Juice,3.0,4.0,12.0,2022-11-25,Cash,Friday,29
ORD_174578,CUST_083,Main Dishes,Salmon,18.0,2.0,36.0,2022-09-18,Cash,Sunday,31
ORD_403075,CUST_084,Desserts,Chocolate Cake,6.0,2.0,12.0,2023-02-21,Digital Wallet,Tuesday,28
ORD_209277,CUST_005,Drinks,Lemonade,3.0,4.0,12.0,2023-12-31,Digital Wallet,Sunday,36
ORD_225776,CUST_079,Drinks,Orange Juice,3.0,3.0,9.0,2023-03-25,Digital Wallet,Saturday,36
ORD_158394,CUST_089,Starters,Beef Chili,7.0,4.0,28.0,2022-03-01,Cash,Tuesday,28
ORD_223042,CUST_079,Desserts,Chocolate Cake,6.0,3.0,18.0,2022-11-04,Cash,Friday,37
ORD_355283,CUST_041,Starters,Sweet Potato Fries,5.0,3.0,10.0,2022-03-25,Credit Card,Friday,37
ORD_628240,CUST_053,Side Dishes,Grilled Vegetables,5.0,1.0,5.0,2023-03-26,Digital Wallet,Sunday,32
ORD_705765,CUST_099,Drinks,Lemonade,3.0,1.0,3.0,2023-06-24,Cash,Saturday,28
ORD_145502,CUST_052,Side Dishes,Garlic Bread,4.0,5.0,20.0,2022-05-02,Cash,Monday,31
ORD_999343,CUST_037,Drinks,Water,1.0,1.0,1.0,2023-09-01,Cash,Friday,33
ORD_827974,CUST_028,Main Dishes,Vegetarian Platter,14.0,2.0,28.0,2022-03-11,Cash,Friday,40
ORD_724781,CUST_094,Starters,French Fries,4.0,1.0,4.0,2023-06-12,Cash,Monday,32
ORD_724052,CUST_011,Starters,Cheese Fries,5.0,5.0,25.0,2022-02-23,Digital Wallet,Wednesday,41
ORD_158798,CUST_042,Drinks,Iced Tea,2.5,2.0,5.0,2023-12-13,Digital Wallet,Wednesday,35
ORD_875473,CUST_034,Starters,Ice Cream,5.0,1.0,5.0,2023-09-20,Digital Wallet,Wednesday,34
ORD_879332,CUST_045,Drinks,Water,1.0,1.0,1.0,2022-02-08,Cash,Tuesday,32
ORD_195620,CUST_045,Drinks,Water,1.0,4.0,4.0,2023-02-20,Cash,Monday,33
ORD_638396,CUST_006,Starters,Beef Chili,7.0,3.0,28.0,2022-05-05,Digital Wallet,Thursday,31
ORD_201573,CUST_042,Drinks,Coca Cola,2.5,5.0,12.5,2023-03-27,Credit Card,Monday,36
ORD_525951,CUST_025,Side Dishes,Side Salad,3.0,4.0,12.0,2023-09-04,Digital Wallet,Monday,39
ORD_943992,CUST_077,Side Dishes,Mashed Potatoes,4.0,1.0,4.0,2023-10-11,Credit Card,Wednesday,25
ORD_457805,CUST_008,Main Dishes,Salmon,18.0,3.0,54.0,2023-02-05,Credit Card,Sunday,30
ORD_326204,CUST_091,Side Dishes,Side Salad,3.0,3.0,9.0,2022-07-28,Cash,Thursday,36
ORD_692317,CUST_011,Starters,French Fries,4.0,1.0,4.0,2023-11-03,Digital Wallet,Friday,42
ORD_138750,CUST_013,Starters,Sweet Potato Fries,5.0,2.0,10.0,2023-11-09,Cash,Thursday,26
ORD_651367,CUST_098,Side Dishes,Garlic Bread,4.0,4.0,16.0,2022-02-20,Digital Wallet,Sunday,45
ORD_651214,CUST_073,Main Dishes,Grilled Chicken,15.0,2.0,30.0,2023-04-10,Credit Card,Monday,37
ORD_853000,CUST_100,Side Dishes,Side Salad,3.0,2.0,6.0,2023-07-28,Cash,Friday,37
ORD_350870,CUST_048,Drinks,Orange Juice,3.0,5.0,15.0,2023-10-31,Digital Wallet,Tuesday,41
ORD_897621,CUST_057,Main Dishes,Pasta Alfredo,12.0,1.0,12.0,2023-02-12,Credit Card,Sunday,31
ORD_198764,CUST_016,Side Dishes,Lemonade,3.0,2.0,6.0,2023-06-04,Cash,Sunday,35
ORD_291708,CUST_075,Drinks,Water,1.0,1.0,1.0,2022-08-29,Digital Wallet,Monday,46
ORD_625891,CUST_021,Drinks,Coca Cola,2.5,4.0,10.0,2022-04-22,Digital Wallet,Friday,32
ORD_695907,CUST_014,Side Dishes,Side Salad,3.0,3.0,9.0,2023-06-19,Digital Wallet,Monday,34
ORD_480720,CUST_077,Starters,French Fries,4.0,1.0,4.0,2023-12-14,Cash,Thursday,26
ORD_106992,CUST_050,Main Dishes,Grilled Chicken,15.0,1.0,15.0,2023-09-23,Cash,Saturday,34
ORD_108786,CUST_046,Side Dishes,Side Salad,3.0,2.0,6.0,2023-12-09,Credit Card,Saturday,30
ORD_638787,CUST_040,Starters,Chicken Melt,8.0,2.0,16.0,2022-06-25,Digital Wallet,Saturday,40
ORD_707614,CUST_041,Main Dishes,Salmon,18.0,2.0,36.0,2022-06-02,Credit Card,Thursday,38
ORD_262237,CUST_081,Main Dishes,Vegetarian Platter,14.0,3.0,42.0,2023-12-18,Cash,Monday,38
ORD_631686,CUST_099,Main Dishes,Pasta Alfredo,12.0,2.0,24.0,2022-10-02,Credit Card,Sunday,29
ORD_466828,CUST_019,Drinks,Water,1.0,4.0,4.0,2022-03-04,Credit Card,Friday,35
ORD_490228,CUST_063,Desserts,Chocolate Cake,6.0,5.0,30.0,2022-09-03,Credit Card,Saturday,38
ORD_643376,CUST_084,Side Dishes,Grilled Vegetables,5.0,2.0,10.0,2023-01-24,Digital Wallet,Tuesday,29
ORD_909783,CUST_093,Starters,Sweet Potato Fries,5.0,1.0,5.0,2022-11-14,Credit Card,Monday,35
ORD_585618,CUST_083,Desserts,Fruit Salad,4.0,5.0,20.0,2023-09-08,Cash,Friday,32
ORD_347198,CUST_093,Starters,Chicken Melt,8.0,2.0,16.0,2023-11-06,Cash,Monday,36
ORD_114931,CUST_020,Main Dishes,Vegetarian Platter,14.0,3.0,42.0,2023-03-07,Cash,Tuesday,41
ORD_926048,CUST_053,Desserts,Brownie,6.0,2.0,12.0,2022-07-11,Credit Card,Monday,33
ORD_373389,CUST_017,Main Dishes,Vegetarian Platter,14.0,4.0,56.0,2023-09-25,Cash,Monday,42
ORD_394881,CUST_093,Desserts,Ice Cream,5.0,5.0,25.0,2022-11-17,Digital Wallet,Thursday,37
ORD_599257,CUST_025,Side Dishes,Onion Rings,5.0,3.0,15.0,2023-10-22,Cash,Sunday,40
ORD_179854,CUST_031,Desserts,French Fries,4.0,3.0,12.0,2023-01-15,Credit Card,Sunday,34
ORD_302860,CUST_089,Main Dishes,Pasta Alfredo,12.0,4.0,48.0,2023-09-24,Digital Wallet,Sunday,29
ORD_960283,CUST_047,Desserts,Brownie,6.0,1.0,6.0,2023-12-20,Cash,Wednesday,32
ORD_247677,CUST_072,Side Dishes,Lemonade,3.0,1.0,3.0,2022-04-02,Cash,Saturday,28
ORD_910287,CUST_072,Starters,Sweet Potato Fries,5.0,4.0,20.0,2022-03-21,Cash,Monday,29
ORD_704129,CUST_033,Drinks,Iced Tea,2.5,2.0,5.0,2022-02-23,Credit Card,Wednesday,34
ORD_121929,CUST_001,Main Dishes,Grilled Chicken,15.0,5.0,75.0,2022-10-28,Digital Wallet,Friday,40
ORD_312590,CUST_072,Starters,Sweet Potato Fries,5.0,2.0,10.0,2022-04-26,Credit Card,Tuesday,30
ORD_478809,CUST_011,Side Dishes,Side Salad,3.0,5.0,15.0,2023-11-06,Digital Wallet,Monday,43
ORD_763806,CUST_078,Main Dishes,Grilled Chicken,15.0,3.0,30.0,2022-09-12,Credit Card,Monday,25
ORD_332913,CUST_053,Drinks,Orange Juice,3.0,5.0,15.0,2023-07-30,Credit Card,Sunday,34
ORD_101992,CUST_075,Main Dishes,Vegetarian Platter,14.0,1.0,14.0,2022-11-06,Digital Wallet,Sunday,47
ORD_733470,CUST_028,Side Dishes,Side Salad,3.0,2.0,6.0,2023-10-12,Credit Card,Thursday,41
ORD_863888,CUST_003,Starters,Beef Chili,7.0,4.0,28.0,2023-05-01,Digital Wallet,Monday,32
ORD_701497,CUST_002,Main Dishes,Steak,20.0,5.0,100.0,2022-04-09,Cash,Saturday,22
ORD_598587,CUST_087,Main Dishes,Pasta Alfredo,12.0,2.0,24.0,2022-06-06,Cash,Monday,38
ORD_479042,CUST_031,Starters,Cheese Fries,5.0,1.0,5.0,2022-09-15,Digital Wallet,Thursday,35
ORD_630162,CUST_039,Drinks,Iced Tea,2.5,4.0,10.0,2022-08-07,Credit Card,Sunday,37
ORD_717165,CUST_068,Desserts,Fruit Salad,4.0,3.0,12.0,2022-06-17,Cash,Friday,35
ORD_681139,CUST_093,Main Dishes,Vegetarian Platter,14.0,3.0,14.0,2023-05-16,Digital Wallet,Tuesday,38
ORD_184186,CUST_016,Starters,French Fries,4.0,1.0,4.0,2022-12-18,Credit Card,Sunday,36
ORD_341370,CUST_028,Side Dishes,Mashed Potatoes,4.0,5.0,20.0,2023-11-17,Credit Card,Friday,42
ORD_988201,CUST_077,Side Dishes,Grilled Vegetables,5.0,4.0,20.0,2022-11-07,Digital Wallet,Monday,27
ORD_632785,CUST_055,Drinks,Water,1.0,3.0,3.0,2022-12-14,Digital Wallet,Wednesday,40
ORD_325000,CUST_076,Side Dishes,Grilled Vegetables,5.0,5.0,25.0,2023-07-17,Cash,Monday,30
ORD_853374,CUST_061,Drinks,Iced Tea,2.5,3.0,7.5,2023-02-01,Cash,Wednesday,34
ORD_316485,CUST_053,Desserts,Ice Cream,5.0,2.0,10.0,2022-10-24,Cash,Monday,35
ORD_730362,CUST_083,Main Dishes,Pasta Alfredo,12.0,1.0,12.0,2022-04-29,Digital Wallet,Friday,33
ORD_879593,CUST_018,Side Dishes,Garlic Bread,4.0,3.0,12.0,2022-11-18,Credit Card,Friday,38
ORD_189219,CUST_054,Drinks,Lemonade,3.0,3.0,3.0,2023-04-03,Credit Card,Monday,33
ORD_889502,CUST_093,Desserts,Brownie,6.0,5.0,30.0,2022-08-19,Cash,Friday,39
ORD_128622,CUST_063,Drinks,Water,1.0,3.0,3.0,2022-08-19,Digital Wallet,Friday,39
ORD_375004,CUST_044,Main Dishes,Pasta Alfredo,12.0,5.0,60.0,2022-11-22,Credit Card,Tuesday,42
ORD_136850,CUST_062,Starters,Cheese Fries,5.0,5.0,25.0,2023-12-08,Credit Card,Friday,28
ORD_621151,CUST_008,Starters,French Fries,4.0,3.0,12.0,2022-03-12,Digital Wallet,Saturday,31
ORD_360970,CUST_075,Drinks,Lemonade,3.0,5.0,15.0,2022-07-19,Cash,Tuesday,48
ORD_970426,CUST_090,Drinks,Orange Juice,3.0,2.0,6.0,2023-01-27,Cash,Friday,40
ORD_463721,CUST_083,Drinks,Orange Juice,3.0,1.0,3.0,2022-04-01,Digital Wallet,Friday,34
ORD_226031,CUST_018,Starters,Cheese Fries,5.0,5.0,25.0,2022-05-09,Digital Wallet,Monday,39
ORD_923614,CUST_010,Starters,Cheese Fries,5.0,3.0,15.0,2023-08-01,Cash,Tuesday,41
ORD_807465,CUST_066,Desserts,Ice Cream,5.0,2.0,10.0,2023-11-17,Digital Wallet,Friday,41
ORD_922159,CUST_054,Drinks,Iced Tea,2.5,5.0,12.5,2023-02-11,Digital Wallet,Saturday,34
ORD_140654,CUST_051,Desserts,Chocolate Cake,6.0,5.0,30.0,2022-01-17,Credit Card,Monday,37
ORD_559237,CUST_067,Starters,Beef Chili,7.0,4.0,28.0,2023-06-15,Digital Wallet,Thursday,31
ORD_183528,CUST_067,Starters,Chicken Melt,8.0,3.0,24.0,2022-08-01,Cash,Monday,32
ORD_912387,CUST_084,Main Dishes,Grilled Chicken,15.0,5.0,75.0,2023-05-20,Cash,Saturday,30
ORD_920130,CUST_039,Drinks,Water,1.0,2.0,2.0,2022-07-27,Cash,Wednesday,38
ORD_507970,CUST_076,Starters,French Fries,4.0,2.0,8.0,2023-11-08,Digital Wallet,Wednesday,31
ORD_142527,CUST_074,Drinks,Water,1.0,4.0,4.0,2022-01-24,Digital Wallet,Monday,33
ORD_273510,CUST_045,Desserts,Chocolate Cake,6.0,3.0,18.0,2022-05-19,Credit Card,Thursday,34
ORD_131614,CUST_097,Starters,French Fries,4.0,4.0,16.0,2022-04-16,Digital Wallet,Saturday,33
ORD_677684,CUST_030,Starters,Beef Chili,7.0,5.0,35.0,2022-03-06,Credit Card,Sunday,35
ORD_961294,CUST_041,Main Dishes,Steak,20.0,3.0,60.0,2023-03-08,Credit Card,Wednesday,39
ORD_263598,CUST_084,Starters,French Fries,4.0,2.0,8.0,2022-01-10,Digital Wallet,Monday,31
ORD_341503,CUST_044,Starters,French Fries,4.0,3.0,12.0,2023-09-26,Credit Card,Tuesday,43
ORD_440734,CUST_034,Main Dishes,Pasta Alfredo,12.0,4.0,48.0,2023-01-10,Digital Wallet,Tuesday,35
ORD_828641,CUST_016,Drinks,Iced Tea,2.5,3.0,12.5,2023-11-11,Credit Card,Saturday,37
ORD_619927,CUST_073,Main Dishes,Pasta Alfredo,12.0,3.0,36.0,2022-02-12,Cash,Saturday,38
ORD_605126,CUST_065,Starters,Sweet Potato Fries,5.0,4.0,20.0,2022-11-25,Credit Card,Friday,39
ORD_248156,CUST_015,Starters,French Fries,4.0,5.0,20.0,2022-12-15,Cash,Thursday,34
ORD_601888,CUST_029,Drinks,Coca Cola,2.5,2.0,5.0,2023-11-27,Digital Wallet,Monday,23
ORD_251096,CUST_010,Main Dishes,Pasta Alfredo,12.0,5.0,60.0,2023-07-12,Cash,Wednesday,42
ORD_137415,CUST_054,Drinks,Coca Cola,2.5,2.0,5.0,2023-05-02,Cash,Tuesday,35
ORD_616181,CUST_071,Main Dishes,Pasta Alfredo,12.0,4.0,48.0,2022-12-09,Cash,Friday,27
ORD_175112,CUST_075,Main Dishes,Pasta Alfredo,12.0,4.0,48.0,2023-01-29,Credit Card,Sunday,49
ORD_852907,CUST_026,Starters,French Fries,4.0,2.0,8.0,2023-09-27,Cash,Wednesday,34
ORD_282059,CUST_012,Side Dishes,Mashed Potatoes,4.0,3.0,12.0,2023-12-28,Credit Card,Thursday,32
ORD_217352,CUST_066,Starters,Chicken Melt,8.0,4.0,32.0,2022-06-22,Digital Wallet,Wednesday,42
ORD_678323,CUST_065,Starters,Beef Chili,7.0,5.0,35.0,2022-03-23,Cash,Wednesday,40
ORD_381094,CUST_084,Side Dishes,Grilled Vegetables,5.0,5.0,25.0,2023-07-29,Cash,Saturday,32
ORD_377987,CUST_020,Main Dishes,Steak,20.0,2.0,40.0,2023-03-28,Digital Wallet,Tuesday,42
ORD_832176,CUST_048,Desserts,Chocolate Cake,6.0,4.0,24.0,2022-06-14,Digital Wallet,Tuesday,42
ORD_367817,CUST_008,Starters,Cheese Fries,5.0,2.0,10.0,2023-11-17,Credit Card,Friday,32
ORD_547662,CUST_089,Starters,Beef Chili,7.0,3.0,21.0,2023-04-05,Cash,Wednesday,30
ORD_571630,CUST_057,Starters,French Fries,4.0,3.0,12.0,2022-04-16,Digital Wallet,Saturday,32
ORD_588989,CUST_029,Starters,Sweet Potato Fries,5.0,1.0,5.0,2022-08-26,Cash,Friday,24
ORD_414879,CUST_010,Main Dishes,Grilled Chicken,15.0,4.0,60.0,2023-05-18,Digital Wallet,Thursday,43
ORD_179550,CUST_062,Starters,Chicken Melt,8.0,4.0,32.0,2022-02-08,Digital Wallet,Tuesday,29
ORD_814536,CUST_084,Desserts,Ice Cream,5.0,1.0,5.0,2023-07-16,Credit Card,Sunday,33
ORD_853390,CUST_099,Drinks,Iced Tea,2.5,4.0,10.0,2022-12-07,Credit Card,Wednesday,30
ORD_943373,CUST_084,Drinks,Coca Cola,2.5,5.0,12.5,2023-01-12,Credit Card,Thursday,34
ORD_989796,CUST_051,Side Dishes,Side Salad,3.0,3.0,9.0,2022-04-16,Digital Wallet,Saturday,38
ORD_329361,CUST_012,Main Dishes,Salmon,18.0,1.0,18.0,2022-10-09,Credit Card,Sunday,33
ORD_366664,CUST_070,Desserts,Brownie,6.0,4.0,24.0,2023-01-14,Digital Wallet,Saturday,24
ORD_808365,CUST_027,Desserts,Brownie,6.0,5.0,30.0,2023-07-29,Credit Card,Saturday,27
ORD_836398,CUST_025,Side Dishes,Grilled Vegetables,5.0,5.0,25.0,2022-01-03,Digital Wallet,Monday,41
ORD_390551,CUST_091,Desserts,Cheesecake,7.0,3.0,21.0,2022-12-11,Digital Wallet,Sunday,37
ORD_657422,CUST_080,Drinks,Water,1.0,4.0,4.0,2023-08-16,Credit Card,Wednesday,32
ORD_134877,CUST_038,Side Dishes,Onion Rings,5.0,2.0,10.0,2023-12-26,Credit Card,Tuesday,33
ORD_363136,CUST_089,Drinks,Lemonade,3.0,4.0,12.0,2022-12-22,Cash,Thursday,31
ORD_893717,CUST_010,Main Dishes,Pasta Alfredo,12.0,2.0,24.0,2023-01-05,Digital Wallet,Thursday,44
ORD_846394,CUST_048,Side Dishes,Mashed Potatoes,4.0,1.0,4.0,2023-09-06,Cash,Wednesday,43
ORD_993911,CUST_010,Drinks,Water,1.0,3.0,4.0,2022-09-22,Credit Card,Thursday,45
ORD_503736,CUST_081,Drinks,Water,1.0,1.0,1.0,2023-04-08,Digital Wallet,Saturday,39
ORD_325510,CUST_046,Main Dishes,Pasta Alfredo,12.0,5.0,60.0,2022-09-22,Digital Wallet,Thursday,31
ORD_415955,CUST_077,Starters,Cheese Fries,5.0,4.0,20.0,2023-05-05,Cash,Friday,28
ORD_878992,CUST_038,Starters,French Fries,4.0,5.0,20.0,2023-03-10,Credit Card,Friday,34
ORD_409620,CUST_058,Drinks,Orange Juice,3.0,5.0,15.0,2022-05-29,Credit Card,Sunday,29
ORD_771190,CUST_059,Main Dishes,Pasta Alfredo,12.0,3.0,60.0,2023-09-08,Digital Wallet,Friday,35
ORD_677569,CUST_025,Desserts,Brownie,6.0,3.0,24.0,2022-01-08,Cash,Saturday,42
ORD_674933,CUST_035,Drinks,Water,1.0,3.0,3.0,2023-12-06,Cash,Wednesday,31
ORD_432830,CUST_089,Side Dishes,Side Salad,3.0,1.0,3.0,2023-04-27,Credit Card,Thursday,32
ORD_206534,CUST_072,Side Dishes,Grilled Vegetables,5.0,4.0,20.0,2023-05-28,Cash,Sunday,31
ORD_277598,CUST_070,Side Dishes,Mashed Potatoes,4.0,3.0,20.0,2023-01-13,Cash,Friday,25
ORD_290534,CUST_077,Main Dishes,Grilled Chicken,15.0,3.0,45.0,2022-03-30,Cash,Wednesday,29
ORD_685653,CUST_023,Main Dishes,Grilled Chicken,15.0,3.0,45.0,2022-03-24,Cash,Thursday,29
ORD_948347,CUST_001,Starters,French Fries,4.0,3.0,12.0,2022-01-05,Credit Card,Wednesday,41
ORD_768708,CUST_088,Main Dishes,Grilled Chicken,15.0,5.0,75.0,2022-10-11,Cash,Tuesday,31
ORD_196128,CUST_070,Desserts,Ice Cream,5.0,3.0,15.0,2022-01-20,Credit Card,Thursday,26
ORD_843264,CUST_081,Drinks,Iced Tea,2.5,5.0,12.5,2022-11-11,Credit Card,Friday,40
ORD_465479,CUST_031,Main Dishes,Grilled Chicken,15.0,2.0,30.0,2022-04-20,Cash,Wednesday,36
ORD_736266,CUST_046,Drinks,Coca Cola,2.5,3.0,7.5,2023-04-25,Digital Wallet,Tuesday,32
ORD_429075,CUST_032,Starters,Chicken Melt,8.0,2.0,16.0,2023-01-12,Credit Card,Thursday,37
ORD_676578,CUST_083,Drinks,Lemonade,3.0,4.0,12.0,2023-12-06,Digital Wallet,Wednesday,35
ORD_654597,CUST_031,Side Dishes,Side Salad,3.0,5.0,15.0,2023-02-27,Cash,Monday,37
ORD_502885,CUST_092,Drinks,Lemonade,3.0,3.0,9.0,2023-08-30,Cash,Wednesday,38
ORD_777827,CUST_035,Desserts,Chocolate Cake,6.0,3.0,18.0,2023-08-16,Credit Card,Wednesday,32
ORD_793767,CUST_027,Side Dishes,Side Salad,3.0,3.0,9.0,2023-05-21,Digital Wallet,Sunday,28
ORD_742106,CUST_081,Main Dishes,Pasta Alfredo,12.0,5.0,60.0,2023-08-22,Digital Wallet,Tuesday,41
ORD_968094,CUST_062,Starters,Cheese Fries,5.0,4.0,20.0,2022-09-16,Cash,Friday,30
ORD_465722,CUST_019,Desserts,Cheesecake,7.0,2.0,14.0,2023-05-05,Digital Wallet,Friday,36
ORD_763350,CUST_090,Drinks,Lemonade,3.0,2.0,6.0,2023-08-31,Digital Wallet,Thursday,41
ORD_296862,CUST_073,Side Dishes,Side Salad,3.0,3.0,9.0,2023-02-17,Digital Wallet,Friday,39
ORD_844613,CUST_083,Drinks,Water,1.0,3.0,3.0,2023-10-05,Digital Wallet,Thursday,36
ORD_375070,CUST_099,Side Dishes,Onion Rings,5.0,3.0,15.0,2022-11-18,Cash,Friday,31
ORD_987556,CUST_005,Starters,French Fries,4.0,5.0,20.0,2022-12-30,Cash,Friday,37
ORD_255996,CUST_028,Drinks,Orange Juice,3.0,3.0,9.0,2023-01-09,Digital Wallet,Monday,43
ORD_325560,CUST_001,Main Dishes,Vegetarian Platter,14.0,3.0,42.0,2023-08-22,Digital Wallet,Tuesday,42
ORD_521664,CUST_011,Starters,French Fries,4.0,3.0,12.0,2023-07-19,Digital Wallet,Wednesday,44
ORD_818451,CUST_058,Desserts,Cheesecake,7.0,3.0,21.0,2023-04-19,Credit Card,Wednesday,30
ORD_316188,CUST_038,Drinks,Water,1.0,4.0,4.0,2022-04-28,Digital Wallet,Thursday,35
ORD_596409,CUST_063,Starters,Sweet Potato Fries,5.0,3.0,5.0,2022-06-26,Credit Card,Sunday,40
ORD_694218,CUST_008,Main Dishes,Grilled Chicken,15.0,5.0,75.0,2022-08-27,Cash,Saturday,33
ORD_140743,CUST_084,Side Dishes,Mashed Potatoes,4.0,1.0,4.0,2023-02-10,Credit Card,Friday,35
ORD_315184,CUST_096,Starters,Beef Chili,7.0,3.0,21.0,2022-01-11,Credit Card,Tuesday,40
ORD_805168,CUST_094,Side Dishes,Side Salad,3.0,4.0,12.0,2023-01-06,Credit Card,Friday,33
ORD_142238,CUST_082,Side Dishes,Grilled Vegetables,5.0,4.0,20.0,2022-12-31,Credit Card,Saturday,36
ORD_572454,CUST_002,Side Dishes,Side Salad,3.0,1.0,3.0,2023-01-26,Digital Wallet,Thursday,23
ORD_509041,CUST_089,Main Dishes,Salmon,18.0,1.0,18.0,2023-11-16,Digital Wallet,Thursday,33
ORD_780631,CUST_030,Starters,Sweet Potato Fries,5.0,3.0,15.0,2022-07-05,Credit Card,Tuesday,36
ORD_317874,CUST_053,Side Dishes,Grilled Vegetables,5.0,2.0,10.0,2023-09-01,Cash,Friday,36
ORD_837763,CUST_042,Side Dishes,Mashed Potatoes,4.0,4.0,16.0,2023-04-01,Digital Wallet,Saturday,37
ORD_891802,CUST_017,Drinks,Coca Cola,2.5,1.0,2.5,2023-07-22,Cash,Saturday,43
ORD_880582,CUST_064,Side Dishes,Side Salad,3.0,4.0,12.0,2022-06-28,Cash,Tuesday,30
ORD_488088,CUST_022,Side Dishes,Garlic Bread,4.0,3.0,16.0,2022-01-07,Credit Card,Friday,31
ORD_276002,CUST_080,Starters,French Fries,4.0,3.0,12.0,2023-10-01,Credit Card,Sunday,33
ORD_545556,CUST_023,Drinks,Coca Cola,2.5,4.0,10.0,2022-09-07,Digital Wallet,Wednesday,30
ORD_823844,CUST_096,Starters,Cheese Fries,5.0,2.0,10.0,2023-01-25,Credit Card,Wednesday,41
ORD_442723,CUST_053,Main Dishes,Grilled Chicken,15.0,3.0,45.0,2022-07-08,Cash,Friday,37
ORD_909292,CUST_090,Desserts,Cheesecake,7.0,2.0,14.0,2022-10-30,Cash,Sunday,42
ORD_640601,CUST_055,Side Dishes,Grilled Vegetables,5.0,5.0,25.0,2022-06-20,Cash,Monday,41
ORD_211970,CUST_006,Starters,French Fries,4.0,5.0,20.0,2023-08-31,Digital Wallet,Thursday,32
ORD_383832,CUST_042,Main Dishes,Steak,20.0,5.0,100.0,2023-12-01,Cash,Friday,38
ORD_296141,CUST_065,Starters,French Fries,4.0,3.0,12.0,2023-12-07,Credit Card,Thursday,41
ORD_760675,CUST_074,Side Dishes,Grilled Vegetables,5.0,5.0,25.0,2022-01-09,Digital Wallet,Sunday,34
ORD_441511,CUST_018,Starters,Cheese Fries,5.0,3.0,5.0,2023-12-15,Credit Card,Friday,40
ORD_493520,CUST_007,Main Dishes,Grilled Chicken,15.0,3.0,45.0,2022-10-22,Digital Wallet,Saturday,31
ORD_492981,CUST_098,Desserts,Ice Cream,5.0,3.0,15.0,2022-02-09,Cash,Wednesday,46
ORD_120860,CUST_004,Drinks,Water,1.0,1.0,1.0,2023-08-18,Digital Wallet,Friday,35
ORD_438635,CUST_058,Drinks,Iced Tea,2.5,4.0,10.0,2022-10-18,Cash,Tuesday,31
ORD_403703,CUST_076,Drinks,Water,1.0,5.0,5.0,2022-12-09,Cash,Friday,32
ORD_642939,CUST_062,Main Dishes,Grilled Chicken,15.0,4.0,60.0,2022-06-16,Cash,Thursday,31
ORD_980533,CUST_075,Drinks,Water,1.0,3.0,4.0,2022-12-23,Credit Card,Friday,50
ORD_696773,CUST_014,Main Dishes,Salmon,18.0,3.0,54.0,2022-09-25,Digital Wallet,Sunday,35
ORD_817835,CUST_077,Side Dishes,Side Salad,3.0,5.0,15.0,2022-04-03,Credit Card,Sunday,30
ORD_295173,CUST_094,Starters,Cheese Fries,5.0,5.0,25.0,2022-06-22,Cash,Wednesday,34
ORD_486261,CUST_020,Starters,Sweet Potato Fries,5.0,2.0,10.0,2023-02-20,Cash,Monday,43
ORD_851941,CUST_034,Desserts,Chocolate Cake,6.0,4.0,24.0,2023-01-11,Credit Card,Wednesday,36
ORD_687166,CUST_050,Main Dishes,Pasta Alfredo,12.0,4.0,48.0,2022-04-24,Digital Wallet,Sunday,35
ORD_171210,CUST_080,Side Dishes,Mashed Potatoes,4.0,5.0,20.0,2023-12-30,Credit Card,Saturday,34
ORD_485250,CUST_069,Side Dishes,Grilled Vegetables,5.0,4.0,20.0,2023-04-28,Credit Card,Friday,34
ORD_465060,CUST_031,Desserts,Ice Cream,5.0,4.0,20.0,2022-12-14,Digital Wallet,Wednesday,38
ORD_442437,CUST_068,Main Dishes,Pasta Alfredo,12.0,4.0,48.0,2022-01-04,Credit Card,Tuesday,36
ORD_115754,CUST_006,Drinks,Water,1.0,3.0,3.0,2023-08-13,Digital Wallet,Sunday,33
ORD_134480,CUST_081,Desserts,Ice Cream,5.0,2.0,10.0,2022-01-12,Credit Card,Wednesday,42
ORD_947263,CUST_055,Starters,French Fries,4.0,2.0,8.0,2022-03-20,Cash,Sunday,42
ORD_432758,CUST_064,Main Dishes,Salmon,18.0,2.0,36.0,2022-01-16,Credit Card,Sunday,31
ORD_374066,CUST_052,Starters,French Fries,4.0,3.0,16.0,2023-11-07,Credit Card,Tuesday,32
ORD_344374,CUST_001,Side Dishes,Mashed Potatoes,4.0,3.0,8.0,2023-03-20,Digital Wallet,Monday,43
ORD_696328,CUST_002,Side Dishes,Mashed Potatoes,4.0,2.0,8.0,2022-09-28,Cash,Wednesday,24
ORD_549446,CUST_057,Side Dishes,Mashed Potatoes,4.0,2.0,8.0,2022-08-17,Cash,Wednesday,33
ORD_221824,CUST_026,Starters,Cheese Fries,5.0,4.0,20.0,2023-03-08,Cash,Wednesday,35
ORD_728946,CUST_045,Drinks,Coca Cola,2.5,4.0,10.0,2023-03-08,Digital Wallet,Wednesday,35
ORD_855553,CUST_005,Desserts,Chocolate Cake,6.0,3.0,18.0,2023-01-14,Credit Card,Saturday,38
ORD_140853,CUST_085,Drinks,Coca Cola,2.5,3.0,10.0,2022-12-18,Credit Card,Sunday,31
ORD_874191,CUST_050,Side Dishes,Side Salad,3.0,2.0,6.0,2022-01-18,Cash,Tuesday,36
ORD_415173,CUST_085,Main Dishes,Salmon,18.0,1.0,18.0,2023-10-17,Credit Card,Tuesday,32
ORD_135137,CUST_084,Drinks,Water,1.0,4.0,4.0,2023-02-13,Cash,Monday,36
ORD_650953,CUST_019,Drinks,Water,1.0,3.0,3.0,2022-12-09,Cash,Friday,37
ORD_238962,CUST_074,Starters,Sweet Potato Fries,5.0,3.0,10.0,2022-08-17,Cash,Wednesday,35
ORD_607541,CUST_015,Starters,Beef Chili,7.0,4.0,28.0,2022-08-30,Digital Wallet,Tuesday,35
ORD_316198,CUST_093,Main Dishes,Pasta Alfredo,12.0,4.0,48.0,2022-11-19,Cash,Saturday,40
ORD_593197,CUST_095,Drinks,Water,1.0,4.0,4.0,2023-07-10,Cash,Monday,27
ORD_894182,CUST_027,Starters,French Fries,4.0,3.0,12.0,2022-09-03,Cash,Saturday,29
ORD_981756,CUST_025,Desserts,Cheesecake,7.0,4.0,28.0,2022-06-13,Digital Wallet,Monday,43
ORD_473682,CUST_014,Drinks,Coca Cola,2.5,2.0,5.0,2022-01-16,Credit Card,Sunday,36
ORD_726934,CUST_097,Desserts,Brownie,6.0,2.0,12.0,2023-02-19,Credit Card,Sunday,34
ORD_641013,CUST_028,Starters,Cheese Fries,5.0,5.0,25.0,2023-06-16,Cash,Friday,44
ORD_414994,CUST_040,Starters,French Fries,4.0,3.0,12.0,2022-06-08,Cash,Wednesday,41
ORD_878953,CUST_042,Starters,French Fries,4.0,3.0,12.0,2022-07-22,Cash,Friday,39
ORD_628416,CUST_004,Main Dishes,Pasta Alfredo,12.0,3.0,36.0,2023-04-13,Cash,Thursday,36
ORD_759328,CUST_011,Main Dishes,Salmon,18.0,3.0,54.0,2022-08-23,Cash,Tuesday,45
ORD_612365,CUST_042,Desserts,Brownie,6.0,3.0,18.0,2022-02-19,Credit Card,Saturday,40
ORD_271530,CUST_022,Main Dishes,Pasta Alfredo,12.0,3.0,48.0,2022-05-23,Digital Wallet,Monday,32
ORD_393217,CUST_043,Desserts,Cheesecake,7.0,4.0,28.0,2022-05-23,Credit Card,Monday,39
ORD_792201,CUST_022,Main Dishes,Grilled Chicken,15.0,4.0,60.0,2022-07-02,Digital Wallet,Saturday,33
ORD_682316,CUST_070,Starters,Sweet Potato Fries,5.0,5.0,25.0,2023-01-21,Digital Wallet,Saturday,27
ORD_758882,CUST_090,Starters,Cheese Fries,5.0,3.0,15.0,2023-10-17,Credit Card,Tuesday,43
ORD_972140,CUST_048,Starters,French Fries,4.0,2.0,8.0,2023-09-11,Credit Card,Monday,44
ORD_963567,CUST_080,Side Dishes,Side Salad,3.0,1.0,3.0,2023-08-25,Credit Card,Friday,35
ORD_388970,CUST_033,Drinks,Water,1.0,4.0,4.0,2022-08-16,Cash,Tuesday,35
ORD_932317,CUST_088,Desserts,Ice Cream,5.0,4.0,20.0,2023-04-16,Credit Card,Sunday,32
ORD_949284,CUST_013,Drinks,Orange Juice,3.0,4.0,12.0,2022-06-21,Digital Wallet,Tuesday,27
ORD_126432,CUST_047,Desserts,Brownie,6.0,5.0,30.0,2022-06-21,Digital Wallet,Tuesday,33
ORD_920899,CUST_069,Drinks,Coca Cola,2.5,3.0,7.5,2023-07-06,Digital Wallet,Thursday,35
ORD_215227,CUST_049,Starters,Sweet Potato Fries,5.0,4.0,20.0,2023-10-12,Credit Card,Thursday,35
ORD_503700,CUST_037,Main Dishes,Salmon,18.0,1.0,18.0,2022-04-16,Credit Card,Saturday,34
ORD_777364,CUST_030,Main Dishes,Vegetarian Platter,14.0,5.0,70.0,2022-08-04,Digital Wallet,Thursday,37
ORD_181009,CUST_016,Starters,Beef Chili,7.0,5.0,35.0,2022-04-03,Digital Wallet,Sunday,38
ORD_428931,CUST_032,Side Dishes,Mashed Potatoes,4.0,3.0,12.0,2023-10-06,Cash,Friday,38
ORD_786315,CUST_070,Drinks,Iced Tea,2.5,5.0,12.5,2023-07-16,Cash,Sunday,28
ORD_880650,CUST_020,Starters,Chicken Melt,8.0,3.0,24.0,2022-01-28,Digital Wallet,Friday,44
ORD_456323,CUST_028,Starters,Chicken Melt,8.0,4.0,32.0,2023-03-18,Cash,Saturday,45
ORD_672851,CUST_097,Starters,French Fries,4.0,2.0,8.0,2023-10-29,Credit Card,Sunday,35
ORD_610496,CUST_066,Desserts,Cheesecake,7.0,3.0,21.0,2022-06-19,Cash,Sunday,43
ORD_897234,CUST_096,Drinks,Lemonade,3.0,1.0,3.0,2023-03-23,Cash,Thursday,42
ORD_172504,CUST_073,Desserts,Brownie,6.0,2.0,12.0,2023-04-15,Cash,Saturday,40
ORD_503998,CUST_045,Main Dishes,Pasta Alfredo,12.0,4.0,48.0,2022-03-22,Cash,Tuesday,36
ORD_359930,CUST_035,Starters,Chicken Melt,8.0,5.0,40.0,2023-07-07,Cash,Friday,33
ORD_130629,CUST_095,Starters,French Fries,4.0,5.0,20.0,2023-12-11,Cash,Monday,28
ORD_341581,CUST_035,Desserts,Fruit Salad,4.0,5.0,20.0,2022-03-21,Cash,Monday,34
ORD_382633,CUST_070,Drinks,Lemonade,3.0,2.0,6.0,2023-04-08,Credit Card,Saturday,29
ORD_825715,CUST_028,Side Dishes,Mashed Potatoes,4.0,3.0,12.0,2022-04-15,Credit Card,Friday,46
ORD_737791,CUST_076,Desserts,Ice Cream,5.0,4.0,20.0,2022-02-21,Digital Wallet,Monday,33
ORD_415197,CUST_017,Desserts,Ice Cream,5.0,4.0,20.0,2022-02-21,Digital Wallet,Monday,44
ORD_720206,CUST_013,Desserts,Chocolate Cake,6.0,1.0,6.0,2023-06-13,Cash,Tuesday,28
ORD_787957,CUST_054,Side Dishes,Grilled Vegetables,5.0,3.0,15.0,2022-02-15,Credit Card,Tuesday,36
ORD_943156,CUST_041,Side Dishes,Garlic Bread,4.0,2.0,8.0,2022-07-15,Cash,Friday,40
ORD_386546,CUST_093,Main Dishes,Steak,20.0,3.0,60.0,2023-04-10,Digital Wallet,Monday,41
ORD_630612,CUST_002,Starters,Chicken Melt,8.0,4.0,32.0,2023-05-31,Cash,Wednesday,25
ORD_108620,CUST_013,Main Dishes,Grilled Chicken,15.0,2.0,30.0,2022-09-12,Digital Wallet,Monday,29
ORD_378158,CUST_065,Drinks,Water,1.0,2.0,2.0,2023-10-25,Cash,Wednesday,42
ORD_575822,CUST_019,Main Dishes,Vegetarian Platter,14.0,3.0,42.0,2023-02-02,Cash,Thursday,38
ORD_289207,CUST_011,Starters,French Fries,4.0,1.0,4.0,2022-08-24,Cash,Wednesday,46
ORD_581737,CUST_039,Side Dishes,Side Salad,3.0,1.0,3.0,2023-04-22,Cash,Saturday,39
ORD_728666,CUST_100,Drinks,Water,1.0,1.0,1.0,2023-04-22,Credit Card,Saturday,38
ORD_893296,CUST_060,Drinks,Coca Cola,2.5,5.0,12.5,2023-09-11,Digital Wallet,Monday,28
ORD_488672,CUST_014,Side Dishes,Garlic Bread,4.0,3.0,12.0,2023-02-24,Credit Card,Friday,37
ORD_505798,CUST_077,Drinks,Water,1.0,1.0,1.0,2023-01-21,Cash,Saturday,31
ORD_316277,CUST_072,Main Dishes,Grilled Chicken,15.0,1.0,15.0,2022-10-10,Credit Card,Monday,32
ORD_353464,CUST_047,Side Dishes,Side Salad,3.0,3.0,9.0,2022-09-13,Credit Card,Tuesday,34
ORD_184813,CUST_007,Drinks,Lemonade,3.0,1.0,3.0,2023-07-29,Digital Wallet,Saturday,32
ORD_479481,CUST_038,Desserts,Fruit Salad,4.0,2.0,8.0,2022-11-22,Cash,Tuesday,36
ORD_171110,CUST_055,Starters,Cheese Fries,5.0,5.0,25.0,2023-08-24,Cash,Thursday,43
ORD_362195,CUST_030,Main Dishes,Salmon,18.0,1.0,18.0,2023-06-03,Cash,Saturday,38
ORD_965922,CUST_021,Drinks,Coca Cola,2.5,4.0,10.0,2022-01-30,Cash,Sunday,33
ORD_705883,CUST_026,Starters,Nachos Grande,10.0,2.0,20.0,2023-09-30,Cash,Saturday,36
ORD_465654,CUST_017,Drinks,Water,1.0,1.0,1.0,2022-06-04,Digital Wallet,Saturday,45
ORD_664279,CUST_039,Drinks,Water,1.0,1.0,1.0,2022-06-22,Credit Card,Wednesday,40
ORD_918766,CUST_028,Drinks,Orange Juice,3.0,3.0,9.0,2023-05-31,Credit Card,Wednesday,47
ORD_647386,CUST_066,Main Dishes,Vegetarian Platter,14.0,1.0,14.0,2023-10-30,Cash,Monday,44
ORD_894776,CUST_044,Drinks,Coca Cola,2.5,3.0,7.5,2023-11-08,Cash,Wednesday,44
ORD_300041,CUST_042,Side Dishes,Side Salad,3.0,1.0,3.0,2022-06-02,Cash,Thursday,41
ORD_831312,CUST_096,Side Dishes,Garlic Bread,4.0,3.0,12.0,2023-03-10,Credit Card,Friday,43
ORD_343041,CUST_016,Side Dishes,Side Salad,3.0,1.0,3.0,2022-04-19,Digital Wallet,Tuesday,39
ORD_918838,CUST_031,Side Dishes,Side Salad,3.0,5.0,15.0,2022-04-01,Credit Card,Friday,39
ORD_550925,CUST_014,Starters,Cheese Fries,5.0,5.0,25.0,2023-10-13,Credit Card,Friday,38
ORD_262057,CUST_044,Drinks,Coca Cola,2.5,4.0,10.0,2023-11-07,Digital Wallet,Tuesday,45
ORD_624990,CUST_044,Side Dishes,French Fries,4.0,4.0,16.0,2023-08-24,Digital Wallet,Thursday,46
ORD_184963,CUST_073,Desserts,Ice Cream,5.0,1.0,5.0,2023-07-21,Credit Card,Friday,41
ORD_652394,CUST_016,Starters,Cheese Fries,5.0,1.0,5.0,2022-12-06,Digital Wallet,Tuesday,40
ORD_747164,CUST_085,Drinks,Orange Juice,3.0,5.0,15.0,2022-12-21,Cash,Wednesday,33
ORD_355358,CUST_047,Side Dishes,Side Salad,3.0,5.0,15.0,2022-11-06,Cash,Sunday,35
ORD_424652,CUST_014,Main Dishes,Pasta Alfredo,12.0,5.0,60.0,2022-12-03,Credit Card,Saturday,39
ORD_957935,CUST_063,Drinks,Water,1.0,2.0,2.0,2022-02-26,Digital Wallet,Saturday,41
ORD_439730,CUST_014,Side Dishes,Side Salad,3.0,2.0,6.0,2023-01-20,Credit Card,Friday,40
ORD_451504,CUST_084,Starters,Beef Chili,7.0,5.0,35.0,2022-07-31,Cash,Sunday,37
ORD_724756,CUST_064,Starters,Ice Cream,5.0,2.0,10.0,2022-01-26,Digital Wallet,Wednesday,32
ORD_378253,CUST_086,Starters,French Fries,4.0,3.0,12.0,2022-12-12,Cash,Monday,42
ORD_400950,CUST_100,Drinks,Lemonade,3.0,3.0,9.0,2022-10-06,Digital Wallet,Thursday,39
ORD_843383,CUST_004,Drinks,Iced Tea,2.5,1.0,2.5,2023-10-08,Cash,Sunday,37
ORD_129715,CUST_013,Drinks,Lemonade,3.0,1.0,3.0,2023-07-20,Credit Card,Thursday,30
ORD_669772,CUST_096,Desserts,Brownie,6.0,2.0,12.0,2023-02-12,Cash,Sunday,44
ORD_651315,CUST_024,Main Dishes,Salmon,18.0,3.0,54.0,2023-11-27,Cash,Monday,26
ORD_742967,CUST_090,Desserts,Ice Cream,5.0,3.0,15.0,2023-05-21,Digital Wallet,Sunday,44
ORD_362882,CUST_047,Drinks,Orange Juice,3.0,3.0,9.0,2023-08-17,Credit Card,Thursday,36
ORD_629537,CUST_035,Main Dishes,Pasta Alfredo,12.0,3.0,36.0,2023-06-08,Digital Wallet,Thursday,35
ORD_692964,CUST_059,Side Dishes,Mashed Potatoes,4.0,2.0,8.0,2023-05-14,Digital Wallet,Sunday,36
ORD_941823,CUST_093,Desserts,Chocolate Cake,6.0,3.0,18.0,2022-02-19,Digital Wallet,Saturday,42
ORD_159620,CUST_065,Desserts,Fruit Salad,4.0,2.0,8.0,2022-11-28,Credit Card,Monday,43
ORD_832632,CUST_045,Side Dishes,Mashed Potatoes,4.0,5.0,20.0,2023-03-03,Credit Card,Friday,37
ORD_742866,CUST_085,Main Dishes,Grilled Chicken,15.0,2.0,30.0,2022-02-11,Cash,Friday,34
ORD_198915,CUST_015,Side Dishes,French Fries,4.0,5.0,20.0,2022-09-29,Credit Card,Thursday,36
ORD_169290,CUST_061,Main Dishes,Pasta Alfredo,12.0,1.0,12.0,2023-11-01,Cash,Wednesday,35
ORD_155086,CUST_007,Drinks,Orange Juice,3.0,2.0,6.0,2023-04-23,Cash,Sunday,33
ORD_503771,CUST_025,Drinks,Water,1.0,2.0,2.0,2022-03-01,Digital Wallet,Tuesday,44
ORD_474139,CUST_023,Desserts,Chocolate Cake,6.0,5.0,30.0,2023-12-26,Credit Card,Tuesday,31
ORD_406925,CUST_060,Starters,Cheese Fries,5.0,4.0,20.0,2023-12-30,Credit Card,Saturday,29
ORD_113254,CUST_040,Side Dishes,Onion Rings,5.0,1.0,5.0,2022-09-30,Cash,Friday,42
ORD_475472,CUST_003,Desserts,Ice Cream,5.0,1.0,5.0,2022-10-26,Credit Card,Wednesday,33
ORD_161144,CUST_036,Starters,Sweet Potato Fries,5.0,1.0,5.0,2022-12-21,Cash,Wednesday,40
ORD_173365,CUST_098,Side Dishes,Side Salad,3.0,2.0,6.0,2023-11-15,Cash,Wednesday,47
ORD_962418,CUST_090,Drinks,Water,1.0,4.0,4.0,2022-03-13,Credit Card,Sunday,45
ORD_187074,CUST_040,Desserts,Chocolate Cake,6.0,1.0,6.0,2023-07-07,Digital Wallet,Friday,43
ORD_670602,CUST_084,Drinks,Orange Juice,3.0,5.0,15.0,2023-01-01,Cash,Sunday,38
ORD_657405,CUST_068,Side Dishes,Mashed Potatoes,4.0,1.0,4.0,2022-04-07,Digital Wallet,Thursday,37
ORD_584246,CUST_033,Main Dishes,Salmon,18.0,5.0,90.0,2023-12-21,Digital Wallet,Thursday,36
ORD_147533,CUST_003,Starters,Beef Chili,7.0,4.0,28.0,2023-06-11,Digital Wallet,Sunday,34
ORD_154100,CUST_027,Main Dishes,Pasta Alfredo,12.0,4.0,48.0,2022-02-28,Digital Wallet,Monday,30
ORD_412348,CUST_048,Side Dishes,Mashed Potatoes,4.0,5.0,20.0,2022-04-21,Cash,Thursday,45
ORD_283226,CUST_004,Main Dishes,Steak,20.0,1.0,20.0,2023-11-12,Digital Wallet,Sunday,38
ORD_378802,CUST_094,Side Dishes,Garlic Bread,4.0,4.0,16.0,2023-03-24,Digital Wallet,Friday,35
ORD_482746,CUST_100,Drinks,Iced Tea,2.5,3.0,10.0,2022-05-05,Credit Card,Thursday,40
ORD_712632,CUST_048,Starters,Chicken Melt,8.0,3.0,24.0,2022-02-13,Credit Card,Sunday,46
ORD_630504,CUST_032,Starters,Chicken Melt,8.0,3.0,24.0,2023-11-17,Cash,Friday,39
ORD_948795,CUST_045,Starters,Beef Chili,7.0,2.0,14.0,2023-11-28,Credit Card,Tuesday,38
ORD_932686,CUST_070,Drinks,Lemonade,3.0,3.0,6.0,2022-06-28,Digital Wallet,Tuesday,30
ORD_982283,CUST_050,Side Dishes,French Fries,4.0,3.0,12.0,2023-01-11,Credit Card,Wednesday,37
ORD_778015,CUST_089,Main Dishes,Pasta Alfredo,12.0,1.0,12.0,2023-08-15,Cash,Tuesday,34
ORD_985733,CUST_030,Drinks,Lemonade,3.0,5.0,15.0,2022-12-25,Cash,Sunday,39
ORD_965165,CUST_053,Main Dishes,Grilled Chicken,15.0,2.0,30.0,2022-02-19,Cash,Saturday,38
ORD_880866,CUST_063,Side Dishes,Mashed Potatoes,4.0,3.0,12.0,2023-11-23,Digital Wallet,Thursday,42
ORD_705612,CUST_091,Desserts,Cheesecake,7.0,5.0,35.0,2023-01-11,Credit Card,Wednesday,38
ORD_843372,CUST_068,Desserts,Cheesecake,7.0,5.0,35.0,2022-12-03,Credit Card,Saturday,38
ORD_861981,CUST_003,Main Dishes,Pasta Alfredo,12.0,1.0,12.0,2023-07-11,Credit Card,Tuesday,35
ORD_693222,CUST_056,Side Dishes,Onion Rings,5.0,1.0,5.0,2022-06-27,Credit Card,Monday,41
ORD_583740,CUST_015,Starters,Cheese Fries,5.0,1.0,5.0,2023-03-10,Digital Wallet,Friday,37
ORD_841298,CUST_026,Desserts,Chocolate Cake,6.0,3.0,12.0,2022-06-18,Credit Card,Saturday,37
ORD_310153,CUST_074,Main Dishes,Pasta Alfredo,12.0,5.0,60.0,2023-12-12,Cash,Tuesday,36
ORD_723296,CUST_001,Desserts,Cheesecake,7.0,5.0,35.0,2022-04-21,Cash,Thursday,44
ORD_250456,CUST_083,Starters,Nachos Grande,10.0,1.0,10.0,2023-12-07,Credit Card,Thursday,37
ORD_479257,CUST_058,Side Dishes,Garlic Bread,4.0,3.0,4.0,2022-12-02,Digital Wallet,Friday,32
ORD_638135,CUST_002,Drinks,Water,1.0,1.0,1.0,2022-10-16,Digital Wallet,Sunday,26
ORD_347113,CUST_040,Desserts,Ice Cream,5.0,5.0,25.0,2022-05-15,Credit Card,Sunday,44
ORD_275726,CUST_048,Drinks,Water,1.0,3.0,3.0,2023-06-19,Digital Wallet,Monday,47
ORD_250842,CUST_001,Drinks,Water,1.0,2.0,2.0,2023-05-05,Digital Wallet,Friday,45
ORD_285623,CUST_060,Drinks,Orange Juice,3.0,3.0,9.0,2022-01-02,Credit Card,Sunday,30
ORD_421054,CUST_013,Drinks,Water,1.0,3.0,3.0,2022-10-11,Credit Card,Tuesday,31
ORD_638076,CUST_045,Main Dishes,Pasta Alfredo,12.0,2.0,24.0,2022-08-25,Digital Wallet,Thursday,39
ORD_240573,CUST_056,Drinks,Water,1.0,1.0,1.0,2023-06-29,Credit Card,Thursday,42
ORD_360402,CUST_090,Desserts,Chocolate Cake,6.0,2.0,12.0,2022-09-09,Digital Wallet,Friday,46
ORD_627607,CUST_037,Drinks,Water,1.0,1.0,1.0,2023-04-26,Credit Card,Wednesday,35
ORD_174693,CUST_041,Desserts,Ice Cream,5.0,4.0,20.0,2022-05-04,Cash,Wednesday,41
ORD_365230,CUST_070,Main Dishes,Grilled Chicken,15.0,3.0,30.0,2023-05-26,Cash,Friday,31
ORD_287324,CUST_100,Starters,Chicken Melt,8.0,1.0,8.0,2022-09-08,Credit Card,Thursday,41
ORD_514253,CUST_067,Starters,Chicken Melt,8.0,4.0,32.0,2023-04-13,Credit Card,Thursday,33
ORD_940987,CUST_025,Side Dishes,French Fries,4.0,2.0,8.0,2022-01-17,Credit Card,Monday,45
ORD_480550,CUST_006,Starters,Nachos Grande,10.0,1.0,10.0,2022-03-10,Credit Card,Thursday,34
ORD_440154,CUST_056,Desserts,Ice Cream,5.0,2.0,10.0,2022-09-06,Credit Card,Tuesday,43
ORD_243245,CUST_069,Desserts,Ice Cream,5.0,2.0,10.0,2023-08-27,Credit Card,Sunday,36
ORD_829096,CUST_082,Starters,French Fries,4.0,3.0,12.0,2022-08-27,Credit Card,Saturday,37
ORD_697463,CUST_050,Side Dishes,Grilled Vegetables,5.0,4.0,20.0,2023-12-23,Digital Wallet,Saturday,38
ORD_168372,CUST_035,Drinks,Orange Juice,3.0,3.0,9.0,2022-12-19,Credit Card,Monday,36
ORD_445769,CUST_092,Starters,French Fries,4.0,3.0,12.0,2023-09-18,Credit Card,Monday,39
ORD_654603,CUST_072,Desserts,Fruit Salad,4.0,3.0,12.0,2023-10-23,Credit Card,Monday,33
ORD_633908,CUST_018,Drinks,Lemonade,3.0,4.0,12.0,2022-06-19,Credit Card,Sunday,41
ORD_374231,CUST_061,Desserts,Chocolate Cake,6.0,4.0,24.0,2022-06-13,Cash,Monday,36
ORD_822823,CUST_098,Drinks,Orange Juice,3.0,5.0,15.0,2023-03-23,Digital Wallet,Thursday,48
ORD_610583,CUST_086,Starters,French Fries,4.0,5.0,20.0,2022-09-03,Cash,Saturday,43
ORD_926377,CUST_084,Side Dishes,Onion Rings,5.0,3.0,15.0,2023-04-16,Cash,Sunday,39
ORD_302594,CUST_058,Drinks,Coca Cola,2.5,5.0,12.5,2022-02-08,Cash,Tuesday,33
ORD_879200,CUST_075,Starters,French Fries,4.0,1.0,4.0,2023-11-29,Credit Card,Wednesday,51
ORD_502433,CUST_014,Side Dishes,Side Salad,3.0,2.0,6.0,2023-07-21,Digital Wallet,Friday,41
ORD_862734,CUST_043,Side Dishes,Side Salad,3.0,3.0,9.0,2023-07-27,Digital Wallet,Thursday,40
ORD_980516,CUST_007,Starters,French Fries,4.0,1.0,4.0,2022-06-20,Digital Wallet,Monday,34
ORD_885479,CUST_014,Starters,French Fries,4.0,4.0,16.0,2022-06-29,Digital Wallet,Wednesday,42
ORD_193724,CUST_066,Drinks,Orange Juice,3.0,2.0,6.0,2022-06-29,Cash,Wednesday,45
ORD_631373,CUST_032,Side Dishes,Onion Rings,5.0,2.0,10.0,2022-09-11,Credit Card,Sunday,40
ORD_900637,CUST_088,Starters,Nachos Grande,10.0,1.0,10.0,2023-12-11,Digital Wallet,Monday,33
ORD_651614,CUST_027,Main Dishes,Pasta Alfredo,12.0,3.0,36.0,2023-02-12,Digital Wallet,Sunday,31
ORD_849742,CUST_078,Starters,Beef Chili,7.0,5.0,35.0,2023-08-28,Cash,Monday,26
ORD_978369,CUST_068,Desserts,French Fries,4.0,4.0,16.0,2022-09-13,Cash,Tuesday,39
ORD_933166,CUST_047,Drinks,Lemonade,3.0,2.0,6.0,2023-02-13,Credit Card,Monday,37
ORD_902323,CUST_001,Main Dishes,Steak,20.0,3.0,60.0,2022-11-13,Digital Wallet,Sunday,46
ORD_201434,CUST_094,Side Dishes,Side Salad,3.0,2.0,6.0,2022-09-07,Digital Wallet,Wednesday,36
ORD_606128,CUST_045,Desserts,Brownie,6.0,2.0,12.0,2023-09-26,Cash,Tuesday,40
ORD_807358,CUST_018,Drinks,Water,1.0,4.0,4.0,2022-11-14,Credit Card,Monday,42
ORD_564058,CUST_088,Main Dishes,Pasta Alfredo,12.0,4.0,48.0,2022-12-15,Credit Card,Thursday,34
ORD_594915,CUST_043,Starters,Chicken Melt,8.0,5.0,40.0,2022-05-20,Credit Card,Friday,41
ORD_621857,CUST_082,Drinks,Water,1.0,4.0,4.0,2022-10-02,Digital Wallet,Sunday,38
ORD_279513,CUST_058,Desserts,Cheesecake,7.0,4.0,28.0,2023-02-13,Credit Card,Monday,34
ORD_840225,CUST_042,Drinks,Orange Juice,3.0,2.0,6.0,2023-12-29,Digital Wallet,Friday,42
ORD_237692,CUST_052,Starters,Nachos Grande,10.0,5.0,50.0,2022-05-24,Cash,Tuesday,33
ORD_246177,CUST_078,Starters,Cheese Fries,5.0,5.0,25.0,2022-05-03,Cash,Tuesday,27
ORD_619631,CUST_060,Drinks,Iced Tea,2.5,5.0,12.5,2022-03-31,Cash,Thursday,31
ORD_180293,CUST_011,Drinks,Coca Cola,2.5,4.0,10.0,2023-05-26,Cash,Friday,47
ORD_332881,CUST_005,Main Dishes,Grilled Chicken,15.0,4.0,60.0,2023-10-31,Cash,Tuesday,39
ORD_390392,CUST_089,Main Dishes,Salmon,18.0,3.0,90.0,2023-02-13,Credit Card,Monday,35
ORD_887258,CUST_040,Main Dishes,Grilled Chicken,15.0,5.0,75.0,2022-12-24,Credit Card,Saturday,45
ORD_592695,CUST_053,Drinks,Orange Juice,3.0,2.0,6.0,2022-11-10,Digital Wallet,Thursday,39
ORD_894374,CUST_051,Main Dishes,Pasta Alfredo,12.0,1.0,12.0,2022-08-23,Digital Wallet,Tuesday,39
ORD_402561,CUST_003,Side Dishes,Grilled Vegetables,5.0,2.0,10.0,2023-05-20,Cash,Saturday,36
ORD_719257,CUST_092,Side Dishes,Grilled Vegetables,5.0,5.0,25.0,2022-02-23,Credit Card,Wednesday,40
ORD_811042,CUST_091,Side Dishes,Mashed Potatoes,4.0,4.0,16.0,2022-11-15,Digital Wallet,Tuesday,39
ORD_275854,CUST_033,Desserts,Ice Cream,5.0,2.0,10.0,2022-10-28,Digital Wallet,Friday,37
ORD_873203,CUST_056,Starters,Sweet Potato Fries,5.0,2.0,10.0,2023-06-08,Cash,Thursday,44
ORD_559655,CUST_047,Drinks,Water,1.0,1.0,1.0,2022-07-20,Digital Wallet,Wednesday,38
ORD_542396,CUST_022,Main Dishes,Grilled Chicken,15.0,4.0,60.0,2022-07-02,Credit Card,Saturday,34
ORD_364365,CUST_097,Side Dishes,Side Salad,3.0,3.0,9.0,2022-05-07,Credit Card,Saturday,36
ORD_933527,CUST_013,Drinks,Coca Cola,2.5,1.0,2.5,2023-07-24,Cash,Monday,32
ORD_453679,CUST_052,Desserts,Chocolate Cake,6.0,3.0,18.0,2023-04-24,Cash,Monday,34
ORD_468889,CUST_074,Starters,French Fries,4.0,2.0,8.0,2023-06-01,Cash,Thursday,37
ORD_735280,CUST_008,Starters,Chicken Melt,8.0,2.0,16.0,2022-08-11,Digital Wallet,Thursday,34
ORD_748385,CUST_064,Side Dishes,Side Salad,3.0,3.0,9.0,2022-10-27,Credit Card,Thursday,33
ORD_122934,CUST_015,Side Dishes,Lemonade,3.0,5.0,15.0,2022-03-04,Cash,Friday,38
ORD_994881,CUST_002,Desserts,Fruit Salad,4.0,5.0,20.0,2022-01-18,Digital Wallet,Tuesday,27
ORD_395969,CUST_077,Side Dishes,Side Salad,3.0,3.0,9.0,2023-04-14,Cash,Friday,32
ORD_844998,CUST_078,Drinks,Orange Juice,3.0,4.0,12.0,2023-03-13,Cash,Monday,28
ORD_147243,CUST_007,Drinks,Coca Cola,2.5,1.0,2.5,2022-08-20,Digital Wallet,Saturday,35
ORD_913046,CUST_037,Main Dishes,Vegetarian Platter,14.0,3.0,42.0,2023-05-17,Cash,Wednesday,36
ORD_244809,CUST_092,Main Dishes,Vegetarian Platter,14.0,4.0,56.0,2023-02-07,Credit Card,Tuesday,41
ORD_498956,CUST_094,Desserts,Fruit Salad,4.0,3.0,12.0,2023-09-23,Digital Wallet,Saturday,37
ORD_759556,CUST_016,Main Dishes,Steak,20.0,4.0,80.0,2023-11-13,Digital Wallet,Monday,41
ORD_847338,CUST_066,Drinks,Coca Cola,2.5,3.0,7.5,2022-02-07,Credit Card,Monday,46
ORD_391706,CUST_047,Main Dishes,Grilled Chicken,15.0,2.0,30.0,2023-04-12,Credit Card,Wednesday,39
ORD_899177,CUST_043,Side Dishes,Grilled Vegetables,5.0,4.0,20.0,2023-03-08,Digital Wallet,Wednesday,42
ORD_213506,CUST_032,Desserts,Chocolate Cake,6.0,3.0,18.0,2023-11-18,Cash,Saturday,41
ORD_426461,CUST_010,Side Dishes,Garlic Bread,4.0,5.0,20.0,2022-03-27,Cash,Sunday,46
ORD_378435,CUST_006,Drinks,Orange Juice,3.0,2.0,6.0,2022-02-23,Cash,Wednesday,35
ORD_526655,CUST_094,Main Dishes,Pasta Alfredo,12.0,3.0,36.0,2023-11-04,Digital Wallet,Saturday,38
ORD_530360,CUST_072,Main Dishes,Pasta Alfredo,12.0,5.0,60.0,2022-01-24,Digital Wallet,Monday,34
ORD_207782,CUST_094,Desserts,Chocolate Cake,6.0,1.0,6.0,2022-12-19,Cash,Monday,39
ORD_778615,CUST_100,Desserts,Ice Cream,5.0,3.0,15.0,2023-08-17,Credit Card,Thursday,42
ORD_398768,CUST_071,Side Dishes,Mashed Potatoes,4.0,1.0,4.0,2022-07-12,Credit Card,Tuesday,28
ORD_331585,CUST_012,Desserts,Ice Cream,5.0,1.0,5.0,2023-05-31,Digital Wallet,Wednesday,34
ORD_431962,CUST_019,Desserts,Chocolate Cake,6.0,4.0,24.0,2023-04-30,Digital Wallet,Sunday,39
ORD_988606,CUST_098,Side Dishes,Onion Rings,5.0,1.0,5.0,2022-07-11,Credit Card,Monday,49
ORD_233341,CUST_055,Drinks,Coca Cola,2.5,4.0,10.0,2023-09-26,Cash,Tuesday,44
ORD_944115,CUST_042,Desserts,Brownie,6.0,4.0,24.0,2023-05-04,Credit Card,Thursday,43
ORD_620721,CUST_048,Drinks,Lemonade,3.0,5.0,15.0,2022-07-01,Digital Wallet,Friday,48
ORD_126473,CUST_008,Main Dishes,Pasta Alfredo,12.0,4.0,48.0,2022-03-21,Cash,Monday,35
ORD_788695,CUST_093,Starters,French Fries,4.0,2.0,8.0,2022-10-26,Credit Card,Wednesday,43
ORD_515791,CUST_094,Main Dishes,Grilled Chicken,15.0,2.0,30.0,2022-12-14,Cash,Wednesday,40
ORD_487283,CUST_059,Desserts,Chocolate Cake,6.0,2.0,12.0,2022-09-06,Digital Wallet,Tuesday,37
ORD_191733,CUST_026,Desserts,Ice Cream,5.0,5.0,25.0,2023-01-08,Digital Wallet,Sunday,38
ORD_302357,CUST_019,Main Dishes,Grilled Chicken,15.0,1.0,15.0,2023-04-15,Cash,Saturday,40
ORD_413084,CUST_078,Drinks,Lemonade,3.0,5.0,15.0,2022-12-05,Digital Wallet,Monday,29
ORD_501752,CUST_010,Starters,Cheese Fries,5.0,1.0,5.0,2022-08-23,Digital Wallet,Tuesday,47
ORD_252199,CUST_046,Side Dishes,Grilled Vegetables,5.0,3.0,15.0,2023-06-25,Credit Card,Sunday,33
ORD_583950,CUST_029,Desserts,Chocolate Cake,6.0,5.0,30.0,2022-11-29,Credit Card,Tuesday,25
ORD_936114,CUST_088,Desserts,Cheesecake,7.0,4.0,28.0,2022-02-27,Credit Card,Sunday,35
ORD_552183,CUST_035,Desserts,Ice Cream,5.0,1.0,5.0,2023-08-11,Cash,Friday,37
ORD_458526,CUST_072,Side Dishes,Onion Rings,5.0,2.0,10.0,2023-10-13,Credit Card,Friday,35
ORD_387463,CUST_055,Main Dishes,Grilled Chicken,15.0,5.0,75.0,2023-05-17,Credit Card,Wednesday,45
ORD_137422,CUST_014,Desserts,Ice Cream,5.0,3.0,15.0,2023-03-16,Cash,Thursday,43
ORD_617211,CUST_095,Starters,Cheese Fries,5.0,4.0,20.0,2022-10-26,Digital Wallet,Wednesday,29
ORD_639236,CUST_021,Side Dishes,Grilled Vegetables,5.0,4.0,20.0,2022-10-04,Digital Wallet,Tuesday,34
ORD_779463,CUST_048,Starters,Sweet Potato Fries,5.0,2.0,10.0,2022-05-06,Cash,Friday,49
ORD_409159,CUST_071,Side Dishes,Grilled Vegetables,5.0,2.0,10.0,2023-02-13,Credit Card,Monday,29
ORD_761744,CUST_066,Desserts,Chocolate Cake,6.0,2.0,12.0,2022-09-02,Digital Wallet,Friday,47
ORD_282613,CUST_071,Main Dishes,Pasta Alfredo,12.0,2.0,24.0,2022-05-12,Credit Card,Thursday,30
ORD_416659,CUST_005,Main Dishes,Steak,20.0,3.0,60.0,2023-03-12,Credit Card,Sunday,40
ORD_409697,CUST_096,Drinks,Orange Juice,3.0,5.0,15.0,2023-03-19,Cash,Sunday,45
ORD_882077,CUST_038,Starters,Cheese Fries,5.0,2.0,10.0,2022-05-17,Cash,Tuesday,37
ORD_888341,CUST_098,Starters,Cheese Fries,5.0,4.0,20.0,2023-12-31,Cash,Sunday,50
ORD_403229,CUST_014,Main Dishes,Salmon,18.0,2.0,36.0,2022-05-31,Digital Wallet,Tuesday,44
ORD_252533,CUST_001,Side Dishes,Side Salad,3.0,5.0,15.0,2022-10-21,Digital Wallet,Friday,47
ORD_927311,CUST_033,Main Dishes,Steak,20.0,4.0,80.0,2023-07-15,Digital Wallet,Saturday,38
ORD_607930,CUST_016,Desserts,Ice Cream,5.0,5.0,25.0,2023-10-16,Credit Card,Monday,42
ORD_190694,CUST_022,Drinks,Coca Cola,2.5,3.0,10.0,2023-09-10,Credit Card,Sunday,35
ORD_486983,CUST_076,Drinks,Coca Cola,2.5,5.0,12.5,2023-05-13,Credit Card,Saturday,34
ORD_998378,CUST_013,Starters,Chicken Melt,8.0,2.0,16.0,2023-07-31,Credit Card,Monday,33
ORD_148997,CUST_068,Side Dishes,Side Salad,3.0,5.0,15.0,2023-04-13,Credit Card,Thursday,40
ORD_404247,CUST_027,Starters,Chicken Melt,8.0,2.0,16.0,2023-06-21,Cash,Wednesday,32
ORD_419287,CUST_007,Main Dishes,Pasta Alfredo,12.0,3.0,36.0,2022-05-10,Credit Card,Tuesday,36
ORD_871211,CUST_043,Main Dishes,Salmon,18.0,1.0,18.0,2022-01-10,Cash,Monday,43
ORD_578640,CUST_006,Side Dishes,Side Salad,3.0,3.0,9.0,2022-06-12,Credit Card,Sunday,36
ORD_291012,CUST_020,Drinks,Coca Cola,2.5,2.0,5.0,2023-10-15,Cash,Sunday,45
ORD_285224,CUST_011,Starters,Cheese Fries,5.0,4.0,20.0,2022-08-20,Cash,Saturday,48
ORD_588270,CUST_010,Side Dishes,Mashed Potatoes,4.0,5.0,20.0,2022-03-09,Credit Card,Wednesday,48
ORD_274840,CUST_096,Main Dishes,Pasta Alfredo,12.0,5.0,60.0,2022-04-02,Cash,Saturday,46
ORD_475558,CUST_079,Desserts,Brownie,6.0,5.0,30.0,2022-01-05,Credit Card,Wednesday,38
ORD_318472,CUST_001,Drinks,Lemonade,3.0,2.0,6.0,2022-07-04,Cash,Monday,48
ORD_253710,CUST_085,Starters,Cheese Fries,5.0,2.0,10.0,2022-05-20,Digital Wallet,Friday,35
ORD_682881,CUST_067,Main Dishes,Pasta Alfredo,12.0,5.0,60.0,2023-02-01,Credit Card,Wednesday,34
ORD_702040,CUST_072,Starters,Chicken Melt,8.0,3.0,24.0,2023-01-23,Cash,Monday,36
ORD_746530,CUST_019,Main Dishes,Salmon,18.0,3.0,72.0,2023-03-26,Digital Wallet,Sunday,41
ORD_617523,CUST_014,Main Dishes,Steak,20.0,4.0,80.0,2023-04-18,Cash,Tuesday,45
ORD_820115,CUST_092,Starters,Beef Chili,7.0,3.0,21.0,2023-05-21,Credit Card,Sunday,42
ORD_882934,CUST_036,Starters,Sweet Potato Fries,5.0,1.0,5.0,2022-09-03,Digital Wallet,Saturday,41
ORD_648274,CUST_082,Drinks,Iced Tea,2.5,2.0,5.0,2022-06-01,Cash,Wednesday,39
ORD_439127,CUST_026,Side Dishes,Grilled Vegetables,5.0,2.0,10.0,2022-06-12,Digital Wallet,Sunday,39
ORD_474280,CUST_003,Side Dishes,Grilled Vegetables,5.0,3.0,15.0,2023-05-02,Cash,Tuesday,37
ORD_946947,CUST_004,Side Dishes,Garlic Bread,4.0,5.0,20.0,2022-01-17,Cash,Monday,39
ORD_516021,CUST_027,Main Dishes,Salmon,18.0,3.0,54.0,2022-02-12,Digital Wallet,Saturday,33
ORD_622000,CUST_086,Drinks,Iced Tea,2.5,4.0,10.0,2023-03-02,Cash,Thursday,44
ORD_233548,CUST_092,Desserts,Cheesecake,7.0,1.0,7.0,2023-09-24,Cash,Sunday,43
ORD_614005,CUST_062,Desserts,Cheesecake,7.0,4.0,28.0,2022-07-05,Digital Wallet,Tuesday,32
ORD_571911,CUST_067,Main Dishes,Vegetarian Platter,14.0,5.0,70.0,2022-03-10,Digital Wallet,Thursday,35
ORD_609677,CUST_090,Drinks,Lemonade,3.0,1.0,3.0,2022-02-10,Cash,Thursday,47
ORD_574200,CUST_095,Drinks,Orange Juice,3.0,3.0,9.0,2022-08-29,Digital Wallet,Monday,30
ORD_497105,CUST_080,Starters,Beef Chili,7.0,3.0,21.0,2023-11-05,Credit Card,Sunday,36
ORD_602252,CUST_043,Side Dishes,Side Salad,3.0,2.0,6.0,2023-03-15,Digital Wallet,Wednesday,44
ORD_875449,CUST_096,Starters,Cheese Fries,5.0,4.0,20.0,2022-11-23,Cash,Wednesday,47
ORD_871437,CUST_049,Desserts,Chocolate Cake,6.0,2.0,12.0,2023-09-18,Cash,Monday,36
ORD_278520,CUST_017,Drinks,Orange Juice,3.0,3.0,9.0,2023-01-06,Cash,Friday,46
ORD_773328,CUST_020,Main Dishes,Salmon,18.0,3.0,54.0,2023-07-16,Digital Wallet,Sunday,46
ORD_467191,CUST_072,Side Dishes,Mashed Potatoes,4.0,1.0,4.0,2023-02-15,Credit Card,Wednesday,37
ORD_764021,CUST_002,Drinks,Coca Cola,2.5,3.0,7.5,2023-07-23,Cash,Sunday,28
ORD_378561,CUST_030,Side Dishes,Grilled Vegetables,5.0,2.0,10.0,2023-02-09,Cash,Thursday,40
ORD_848474,CUST_025,Desserts,Ice Cream,5.0,4.0,20.0,2023-01-26,Digital Wallet,Thursday,46
ORD_611913,CUST_093,Main Dishes,Steak,20.0,5.0,100.0,2022-06-19,Cash,Sunday,44
ORD_437457,CUST_093,Desserts,Chocolate Cake,6.0,3.0,18.0,2022-03-03,Cash,Thursday,45
ORD_286905,CUST_029,Desserts,Chocolate Cake,6.0,2.0,12.0,2023-05-08,Digital Wallet,Monday,26
ORD_835885,CUST_004,Starters,Cheese Fries,5.0,4.0,20.0,2022-08-20,Cash,Saturday,40
ORD_598576,CUST_067,Desserts,Ice Cream,5.0,3.0,15.0,2023-03-10,Digital Wallet,Friday,36
ORD_271236,CUST_019,Drinks,Iced Tea,2.5,1.0,2.5,2022-11-27,Credit Card,Sunday,42
ORD_443854,CUST_058,Starters,Sweet Potato Fries,5.0,2.0,10.0,2022-09-09,Cash,Friday,35
ORD_513036,CUST_039,Drinks,Orange Juice,3.0,3.0,6.0,2023-10-09,Credit Card,Monday,41
ORD_434252,CUST_049,Side Dishes,Side Salad,3.0,3.0,9.0,2022-10-04,Credit Card,Tuesday,37
ORD_246196,CUST_082,Main Dishes,Pasta Alfredo,12.0,3.0,36.0,2022-05-15,Credit Card,Sunday,40
ORD_274685,CUST_010,Main Dishes,Pasta Alfredo,12.0,5.0,60.0,2022-10-02,Digital Wallet,Sunday,49
ORD_735263,CUST_024,Drinks,Coca Cola,2.5,3.0,7.5,2022-06-02,Credit Card,Thursday,27
ORD_290358,CUST_096,Side Dishes,Side Salad,3.0,3.0,9.0,2022-08-07,Credit Card,Sunday,48
ORD_976180,CUST_003,Side Dishes,Mashed Potatoes,4.0,2.0,8.0,2022-08-07,Cash,Sunday,38
ORD_387819,CUST_019,Main Dishes,Salmon,18.0,3.0,54.0,2023-02-10,Digital Wallet,Friday,43
ORD_121056,CUST_051,Main Dishes,Steak,20.0,1.0,20.0,2023-12-02,Credit Card,Saturday,40
ORD_517481,CUST_014,Main Dishes,Vegetarian Platter,14.0,2.0,28.0,2022-09-16,Digital Wallet,Friday,46
ORD_662528,CUST_037,Side Dishes,Grilled Vegetables,5.0,3.0,15.0,2023-05-25,Credit Card,Thursday,37
ORD_957084,CUST_053,Side Dishes,Side Salad,3.0,1.0,3.0,2022-04-27,Cash,Wednesday,40
ORD_427485,CUST_013,Starters,Nachos Grande,10.0,3.0,30.0,2023-03-09,Credit Card,Thursday,34
ORD_886945,CUST_024,Drinks,Orange Juice,3.0,3.0,9.0,2023-10-25,Digital Wallet,Wednesday,28
ORD_520739,CUST_079,Starters,French Fries,4.0,4.0,16.0,2023-09-16,Credit Card,Saturday,39
ORD_905127,CUST_061,Starters,Nachos Grande,10.0,4.0,40.0,2022-02-25,Digital Wallet,Friday,37
ORD_455982,CUST_028,Side Dishes,Ice Cream,5.0,5.0,25.0,2023-01-28,Cash,Saturday,48
ORD_537477,CUST_014,Starters,Beef Chili,7.0,4.0,28.0,2023-01-27,Digital Wallet,Friday,47
ORD_413136,CUST_013,Drinks,Lemonade,3.0,3.0,9.0,2023-06-28,Credit Card,Wednesday,35
ORD_162725,CUST_025,Main Dishes,Pasta Alfredo,12.0,4.0,48.0,2022-04-12,Cash,Tuesday,47
ORD_407994,CUST_011,Drinks,Coca Cola,2.5,2.0,5.0,2023-03-27,Credit Card,Monday,49
ORD_112997,CUST_035,Desserts,Chocolate Cake,6.0,4.0,24.0,2022-11-25,Digital Wallet,Friday,38
ORD_971206,CUST_088,Drinks,Coca Cola,2.5,4.0,10.0,2023-03-30,Cash,Thursday,36
ORD_471282,CUST_042,Desserts,Ice Cream,5.0,3.0,15.0,2023-12-04,Digital Wallet,Monday,44
ORD_127269,CUST_026,Side Dishes,Mashed Potatoes,4.0,1.0,4.0,2023-09-26,Digital Wallet,Tuesday,40
ORD_515197,CUST_079,Starters,Cheese Fries,5.0,4.0,20.0,2022-01-23,Cash,Sunday,40
ORD_470978,CUST_066,Side Dishes,Onion Rings,5.0,1.0,5.0,2023-02-22,Digital Wallet,Wednesday,48
ORD_240931,CUST_014,Starters,Beef Chili,7.0,5.0,35.0,2022-03-23,Cash,Wednesday,48
ORD_317543,CUST_040,Starters,French Fries,4.0,1.0,4.0,2023-11-17,Digital Wallet,Friday,46
ORD_366368,CUST_039,Main Dishes,Grilled Chicken,15.0,4.0,60.0,2023-05-12,Credit Card,Friday,42
ORD_243276,CUST_013,Main Dishes,Vegetarian Platter,14.0,4.0,56.0,2023-12-12,Digital Wallet,Tuesday,36
ORD_514118,CUST_074,Desserts,Ice Cream,5.0,3.0,15.0,2023-03-10,Digital Wallet,Friday,38
ORD_915538,CUST_005,Main  Dishes,Steak,20.0,1.0,20.0,2022-03-16,Cash,Wednesday,41
ORD_641683,CUST_088,Drinks,Coca Cola,2.5,2.0,5.0,2023-03-19,Cash,Sunday,37
ORD_433900,CUST_011,Drinks,Water,1.0,4.0,4.0,2022-11-05,Digital Wallet,Saturday,50
ORD_620105,CUST_022,Main Dishes,Salmon,18.0,3.0,54.0,2022-01-23,Digital Wallet,Sunday,36
ORD_507508,CUST_065,Desserts,Ice Cream,5.0,1.0,5.0,2022-08-13,Credit Card,Saturday,44
ORD_966268,CUST_049,Desserts,Cheesecake,7.0,4.0,28.0,2023-11-04,Cash,Saturday,38
ORD_659592,CUST_015,Side Dishes,Side Salad,3.0,4.0,12.0,2023-12-05,Cash,Tuesday,39
ORD_951195,CUST_050,Desserts,Cheesecake,7.0,3.0,21.0,2023-07-19,Digital Wallet,Wednesday,39
ORD_145664,CUST_037,Desserts,Cheesecake,7.0,4.0,28.0,2023-06-08,Cash,Thursday,38
ORD_851160,CUST_099,Desserts,Cheesecake,7.0,4.0,28.0,2022-03-29,Digital Wallet,Tuesday,32
ORD_272818,CUST_022,Desserts,Cheesecake,7.0,3.0,28.0,2022-09-29,Credit Card,Thursday,37
ORD_806866,CUST_020,Starters,Sweet Potato Fries,5.0,3.0,15.0,2022-11-14,Digital Wallet,Monday,47
ORD_728635,CUST_014,Main Dishes,Steak,20.0,4.0,80.0,2022-03-13,Cash,Sunday,49
ORD_741747,CUST_079,Drinks,Water,1.0,3.0,4.0,2022-11-29,Cash,Tuesday,41
ORD_225348,CUST_060,Main Dishes,Salmon,18.0,2.0,36.0,2023-06-03,Credit Card,Saturday,32
ORD_648380,CUST_008,Starters,Chicken Melt,8.0,4.0,32.0,2022-03-27,Cash,Sunday,36
ORD_464489,CUST_072,Starters,Beef Chili,7.0,5.0,35.0,2022-01-30,Cash,Sunday,38
ORD_641514,CUST_026,Drinks,Lemonade,3.0,4.0,12.0,2022-10-22,Digital Wallet,Saturday,41
ORD_683630,CUST_093,Desserts,Brownie,6.0,3.0,18.0,2023-04-18,Digital Wallet,Tuesday,46
ORD_845047,CUST_052,Main Dishes,Vegetarian Platter,14.0,4.0,56.0,2023-02-21,Cash,Tuesday,35
ORD_375627,CUST_058,Drinks,Iced Tea,2.5,2.0,5.0,2023-12-20,Digital Wallet,Wednesday,36
ORD_278468,CUST_018,Main Dishes,Vegetarian Platter,14.0,3.0,14.0,2022-08-18,Credit Card,Thursday,43
ORD_739328,CUST_064,Starters,French Fries,4.0,1.0,4.0,2023-08-23,Cash,Wednesday,34
ORD_818665,CUST_008,Side Dishes,Onion Rings,5.0,1.0,5.0,2022-01-28,Credit Card,Friday,37
ORD_374245,CUST_005,Desserts,Chocolate Cake,6.0,2.0,12.0,2023-07-30,Cash,Sunday,42
ORD_335284,CUST_065,Main Dishes,Grilled Chicken,15.0,5.0,75.0,2023-11-14,Credit Card,Tuesday,45
ORD_885471,CUST_081,Side Dishes,Side Salad,3.0,5.0,15.0,2023-03-30,Credit Card,Thursday,43
ORD_112798,CUST_084,Starters,Cheese Fries,5.0,4.0,20.0,2022-03-29,Credit Card,Tuesday,40
ORD_520925,CUST_097,Desserts,Ice Cream,5.0,3.0,15.0,2022-09-06,Credit Card,Tuesday,37
ORD_388063,CUST_100,Drinks,Iced Tea,2.5,4.0,10.0,2023-05-07,Digital Wallet,Sunday,43
ORD_872875,CUST_025,Drinks,Water,1.0,3.0,3.0,2022-08-21,Cash,Sunday,48
ORD_955206,CUST_050,Starters,Sweet Potato Fries,5.0,4.0,20.0,2022-09-28,Credit Card,Wednesday,40
ORD_831240,CUST_056,Drinks,Water,1.0,2.0,2.0,2022-01-26,Credit Card,Wednesday,45
ORD_748299,CUST_045,Desserts,French Fries,4.0,5.0,20.0,2023-05-03,Cash,Wednesday,41
ORD_521434,CUST_080,Main Dishes,Vegetarian Platter,14.0,2.0,28.0,2022-06-30,Credit Card,Thursday,37
ORD_272108,CUST_016,Desserts,Fruit Salad,4.0,4.0,16.0,2022-06-28,Cash,Tuesday,43
ORD_897466,CUST_066,Drinks,Iced Tea,2.5,4.0,10.0,2022-07-04,Digital Wallet,Monday,49
ORD_206464,CUST_069,Starters,Beef Chili,7.0,5.0,35.0,2022-04-09,Cash,Saturday,37
ORD_106553,CUST_034,Side Dishes,Grilled Vegetables,5.0,1.0,5.0,2022-10-05,Cash,Wednesday,37
ORD_795165,CUST_043,Drinks,Coca Cola,2.5,4.0,10.0,2022-05-26,Digital Wallet,Thursday,45
ORD_948645,CUST_022,Main Dishes,Grilled Chicken,15.0,2.0,30.0,2022-08-14,Digital Wallet,Sunday,38
ORD_682438,CUST_049,Desserts,Fruit Salad,4.0,1.0,4.0,2022-05-04,Credit Card,Wednesday,39
ORD_917006,CUST_061,Side Dishes,Onion Rings,5.0,1.0,5.0,2022-04-02,Digital Wallet,Saturday,38
ORD_793301,CUST_097,Drinks,Orange Juice,3.0,5.0,15.0,2023-02-05,Digital Wallet,Sunday,38
ORD_212098,CUST_029,Drinks,Water,1.0,4.0,4.0,2022-09-02,Credit Card,Friday,27
ORD_829349,CUST_040,Side Dishes,French Fries,4.0,1.0,4.0,2022-11-19,Credit Card,Saturday,47
ORD_823626,CUST_096,Desserts,Chocolate Cake,6.0,5.0,30.0,2022-05-30,Cash,Monday,49
ORD_354699,CUST_089,Main Dishes,Steak,20.0,1.0,20.0,2023-03-25,Digital Wallet,Saturday,36
ORD_266141,CUST_094,Drinks,Iced Tea,2.5,4.0,10.0,2022-07-21,Digital Wallet,Thursday,41
ORD_365165,CUST_012,Main  Dishes,Pasta Alfredo,12.0,2.0,24.0,2022-10-18,Digital Wallet,Tuesday,35
ORD_138341,CUST_007,Side Dishes,Grilled Vegetables,5.0,1.0,5.0,2022-12-03,Cash,Saturday,37
ORD_540840,CUST_001,Drinks,Lemonade,3.0,3.0,9.0,2022-10-11,Cash,Tuesday,49
ORD_754353,CUST_020,Drinks,Orange Juice,3.0,5.0,15.0,2022-10-09,Credit Card,Sunday,48
ORD_868900,CUST_084,Drinks,Orange Juice,3.0,2.0,6.0,2023-05-12,Cash,Friday,41
ORD_715946,CUST_028,Drinks,Water,1.0,5.0,5.0,2022-07-05,Credit Card,Tuesday,49
ORD_110401,CUST_021,Drinks,Water,1.0,2.0,2.0,2022-03-03,Cash,Thursday,35
ORD_154209,CUST_070,Main Dishes,Steak,20.0,4.0,80.0,2022-06-29,Digital Wallet,Wednesday,32
ORD_874900,CUST_022,Main Dishes,Grilled Chicken,15.0,4.0,60.0,2023-01-24,Credit Card,Tuesday,39
ORD_573611,CUST_023,Side Dishes,Onion Rings,5.0,5.0,25.0,2022-08-11,Digital Wallet,Thursday,32
ORD_869379,CUST_081,Drinks,Water,1.0,2.0,2.0,2023-11-11,Credit Card,Saturday,44
ORD_826535,CUST_010,Desserts,Cheesecake,7.0,1.0,7.0,2022-08-07,Credit Card,Sunday,50
ORD_352578,CUST_033,Main Dishes,Pasta Alfredo,12.0,4.0,48.0,2023-06-10,Cash,Saturday,39
ORD_454963,CUST_056,Main Dishes,Pasta Alfredo,12.0,2.0,24.0,2023-12-06,Credit Card,Wednesday,46
ORD_632751,CUST_036,Starters,French Fries,4.0,2.0,8.0,2022-11-23,Cash,Wednesday,42
ORD_522771,CUST_022,Main Dishes,Vegetarian Platter,14.0,5.0,70.0,2022-01-04,Digital Wallet,Tuesday,40
ORD_904168,CUST_068,Drinks,Coca Cola,2.5,1.0,2.5,2022-04-21,Cash,Thursday,41
ORD_389491,CUST_028,Main Dishes,Pasta Alfredo,12.0,4.0,48.0,2022-09-20,Cash,Tuesday,50
ORD_111654,CUST_100,Side Dishes,Onion Rings,5.0,3.0,5.0,2023-04-07,Cash,Friday,44
ORD_434220,CUST_080,Starters,Sweet Potato Fries,5.0,4.0,20.0,2022-09-10,Digital Wallet,Saturday,38
ORD_950812,CUST_076,Drinks,Water,1.0,3.0,1.0,2022-03-04,Cash,Friday,35
ORD_512190,CUST_093,Desserts,Brownie,6.0,3.0,18.0,2023-07-15,Digital Wallet,Saturday,47
ORD_882239,CUST_033,Main Dishes,Pasta Alfredo,12.0,4.0,48.0,2022-09-06,Credit Card,Tuesday,40
ORD_467971,CUST_074,Side Dishes,Side Salad,3.0,1.0,3.0,2022-06-26,Digital Wallet,Sunday,39
ORD_551919,CUST_011,Drinks,Water,1.0,3.0,3.0,2022-10-27,Credit Card,Thursday,51
ORD_809703,CUST_010,Desserts,Brownie,6.0,1.0,6.0,2022-04-02,Credit Card,Saturday,51
ORD_393607,CUST_059,Desserts,Ice Cream,5.0,3.0,15.0,2023-03-01,Credit Card,Wednesday,38
ORD_532053,CUST_048,Main Dishes,Grilled Chicken,15.0,3.0,45.0,2023-02-20,Cash,Monday,50
ORD_679672,CUST_082,Side Dishes,Garlic Bread,4.0,3.0,12.0,2022-07-22,Digital Wallet,Friday,41
ORD_328703,CUST_062,Desserts,Brownie,6.0,2.0,12.0,2023-04-13,Credit Card,Thursday,33
ORD_311068,CUST_042,Desserts,Chocolate Cake,6.0,1.0,6.0,2022-05-04,Credit Card,Wednesday,45
ORD_339720,CUST_024,Drinks,Water,1.0,4.0,4.0,2023-09-04,Digital Wallet,Monday,29
ORD_439604,CUST_014,Desserts,Cheesecake,7.0,5.0,35.0,2022-08-27,Digital Wallet,Saturday,50
ORD_373511,CUST_032,Starters,Sweet Potato Fries,5.0,5.0,25.0,2023-10-25,Cash,Wednesday,42
ORD_142502,CUST_083,Side Dishes,Grilled Vegetables,5.0,3.0,15.0,2022-02-09,Digital Wallet,Wednesday,38
ORD_921593,CUST_065,Starters,Sweet Potato Fries,5.0,1.0,5.0,2023-10-12,Digital Wallet,Thursday,46
ORD_529627,CUST_026,Desserts,Fruit Salad,4.0,4.0,16.0,2022-03-13,Cash,Sunday,42
ORD_111475,CUST_099,Starters,Chicken Melt,8.0,3.0,32.0,2022-02-06,Cash,Sunday,33
ORD_565680,CUST_002,Main Dishes,Grilled Chicken,15.0,3.0,60.0,2023-02-03,Digital Wallet,Friday,29
ORD_721415,CUST_091,Side Dishes,Ice Cream,5.0,3.0,15.0,2022-08-28,Cash,Sunday,40
ORD_389283,CUST_061,Side Dishes,Side Salad,3.0,5.0,15.0,2023-08-19,Digital Wallet,Saturday,39
ORD_324691,CUST_037,Starters,Chicken Melt,8.0,3.0,24.0,2023-12-29,Digital Wallet,Friday,39
ORD_402097,CUST_040,Starters,French Fries,4.0,1.0,4.0,2022-09-07,Digital Wallet,Wednesday,48
ORD_349447,CUST_079,Main Dishes,Pasta Alfredo,12.0,3.0,36.0,2022-10-04,Credit Card,Tuesday,42
ORD_513580,CUST_065,Side Dishes,Garlic Bread,4.0,5.0,20.0,2022-04-26,Credit Card,Tuesday,47
ORD_381560,CUST_011,Main Dishes,Grilled Chicken,15.0,1.0,15.0,2022-07-23,Cash,Saturday,52
ORD_335927,CUST_069,Drinks,Coca Cola,2.5,2.0,5.0,2022-10-29,Cash,Saturday,38
ORD_411319,CUST_061,Drinks,Lemonade,3.0,1.0,3.0,2023-02-22,Credit Card,Wednesday,40
ORD_113322,CUST_049,Starters,French Fries,4.0,1.0,4.0,2023-11-27,Credit Card,Monday,40
ORD_325727,CUST_077,Desserts,Ice Cream,5.0,5.0,25.0,2023-08-19,Digital Wallet,Saturday,33
ORD_981536,CUST_096,Starters,Chicken Melt,8.0,5.0,40.0,2022-11-15,Cash,Tuesday,50
ORD_216841,CUST_044,Main Dishes,Pasta Alfredo,12.0,4.0,48.0,2022-12-27,Cash,Tuesday,47
ORD_234823,CUST_094,Main Dishes,Steak,20.0,5.0,100.0,2023-06-11,Cash,Sunday,42
ORD_357695,CUST_014,Drinks,Water,1.0,1.0,1.0,2022-04-03,Digital Wallet,Sunday,51
ORD_342421,CUST_096,Side Dishes,Grilled Vegetables,5.0,1.0,5.0,2023-11-01,Credit Card,Wednesday,51
ORD_707469,CUST_092,Starters,Beef Chili,7.0,1.0,7.0,2023-06-12,Cash,Monday,44
ORD_751196,CUST_067,Main Dishes,Salmon,18.0,2.0,36.0,2023-05-27,Credit Card,Saturday,37
ORD_479200,CUST_019,Main Dishes,Pasta Alfredo,12.0,4.0,48.0,2022-12-31,Digital Wallet,Saturday,44
ORD_942811,CUST_090,Desserts,Chocolate Cake,6.0,1.0,6.0,2022-11-23,Credit Card,Wednesday,48
ORD_126192,CUST_040,Desserts,Beef Chili,7.0,1.0,7.0,2023-10-31,Cash,Tuesday,49
ORD_859271,CUST_035,Side Dishes,Ice Cream,5.0,3.0,15.0,2023-06-05,Credit Card,Monday,39
ORD_711582,CUST_096,Desserts,Ice Cream,5.0,4.0,20.0,2022-06-06,Credit Card,Monday,52
ORD_273361,CUST_072,Main Dishes,Salmon,18.0,2.0,36.0,2023-07-17,Credit Card,Monday,39
ORD_426483,CUST_047,Drinks,Orange Juice,3.0,3.0,9.0,2022-04-14,Credit Card,Thursday,40
ORD_326652,CUST_051,Starters,Cheese Fries,5.0,4.0,20.0,2023-12-11,Digital Wallet,Monday,41
ORD_665990,CUST_038,Drinks,Coca Cola,2.5,4.0,10.0,2022-03-08,Digital Wallet,Tuesday,38
ORD_517782,CUST_051,Main Dishes,Pasta Alfredo,12.0,4.0,48.0,2022-06-19,Credit Card,Sunday,42
ORD_605174,CUST_006,Starters,Cheese Fries,5.0,2.0,10.0,2022-06-17,Digital Wallet,Friday,37
ORD_375730,CUST_068,Drinks,Coca Cola,2.5,5.0,12.5,2023-09-07,Digital Wallet,Thursday,42
ORD_853587,CUST_084,Main Dishes,Vegetarian Platter,14.0,4.0,56.0,2022-10-26,Cash,Wednesday,42
ORD_375645,CUST_071,Side Dishes,Side Salad,3.0,2.0,6.0,2022-04-02,Credit Card,Saturday,31
ORD_260927,CUST_073,Main Dishes,Steak,20.0,4.0,80.0,2023-02-27,Cash,Monday,42
ORD_586635,CUST_097,Drinks,Orange Juice,3.0,2.0,6.0,2023-03-16,Digital Wallet,Thursday,39
ORD_289633,CUST_004,Side Dishes,Side Salad,3.0,5.0,15.0,2022-08-11,Digital Wallet,Thursday,41
ORD_527696,CUST_013,Starters,Chicken Melt,8.0,5.0,40.0,2022-06-29,Cash,Wednesday,37
ORD_327919,CUST_033,Drinks,Orange Juice,3.0,1.0,3.0,2023-09-23,Digital Wallet,Saturday,41
ORD_989714,CUST_062,Drinks,Water,1.0,4.0,4.0,2022-08-30,Credit Card,Tuesday,34
ORD_414225,CUST_098,Desserts,Fruit Salad,4.0,3.0,20.0,2023-10-03,Credit Card,Tuesday,51
ORD_192023,CUST_048,Main Dishes,Pasta Alfredo,12.0,1.0,12.0,2023-10-12,Cash,Thursday,51
ORD_585058,CUST_025,Side Dishes,Side Salad,3.0,2.0,6.0,2022-10-02,Credit Card,Sunday,49
ORD_971008,CUST_036,Side Dishes,Side Salad,3.0,2.0,6.0,2022-08-04,Cash,Thursday,43
ORD_689665,CUST_044,Main Dishes,Grilled Chicken,15.0,3.0,45.0,2022-08-12,Credit Card,Friday,48
ORD_153054,CUST_007,Side Dishes,Side Salad,3.0,3.0,9.0,2023-11-03,Credit Card,Friday,38
ORD_897897,CUST_094,Side Dishes,Side Salad,3.0,5.0,15.0,2023-09-24,Credit Card,Sunday,43
ORD_920784,CUST_006,Main Dishes,Pasta Alfredo,12.0,2.0,24.0,2022-10-09,Credit Card,Sunday,38
ORD_668996,CUST_038,Main Dishes,Salmon,18.0,3.0,36.0,2023-02-13,Cash,Monday,39
ORD_751201,CUST_040,Desserts,Brownie,6.0,5.0,30.0,2022-07-02,Credit Card,Saturday,50
ORD_174248,CUST_072,Starters,Sweet Potato Fries,5.0,3.0,15.0,2022-12-18,Cash,Sunday,40
ORD_964672,CUST_082,Starters,Nachos Grande,10.0,1.0,10.0,2023-10-05,Credit Card,Thursday,42
ORD_510904,CUST_057,Starters,Sweet Potato Fries,5.0,1.0,5.0,2022-09-06,Cash,Tuesday,34
ORD_529368,CUST_018,Main Dishes,Steak,20.0,4.0,80.0,2023-04-14,Digital Wallet,Friday,44
ORD_660247,CUST_073,Starters,French Fries,4.0,3.0,12.0,2022-08-22,Cash,Monday,43
ORD_359941,CUST_048,Starters,French Fries,4.0,5.0,20.0,2022-10-18,Cash,Tuesday,52
ORD_838051,CUST_057,Side Dishes,Side Salad,3.0,4.0,12.0,2022-01-23,Credit Card,Sunday,35
ORD_772315,CUST_072,Drinks,Water,1.0,3.0,3.0,2023-10-05,Cash,Thursday,41
ORD_157582,CUST_055,Main Dishes,Grilled Chicken,15.0,3.0,45.0,2023-02-08,Digital Wallet,Wednesday,46
ORD_248846,CUST_096,Drinks,Water,1.0,2.0,2.0,2022-07-15,Cash,Friday,53
ORD_706719,CUST_055,Starters,Beef Chili,7.0,5.0,35.0,2022-09-05,Digital Wallet,Monday,47
ORD_982412,CUST_050,Drinks,Water,1.0,5.0,5.0,2022-04-01,Digital Wallet,Friday,41
ORD_234082,CUST_020,Starters,Beef Chili,7.0,3.0,21.0,2023-06-05,Cash,Monday,49
ORD_532828,CUST_085,Desserts,Chocolate Cake,6.0,3.0,18.0,2022-09-07,Credit Card,Wednesday,36
ORD_214707,CUST_029,Drinks,Water,1.0,1.0,1.0,2023-09-05,Digital Wallet,Tuesday,28
ORD_812070,CUST_010,Drinks,Coca Cola,2.5,2.0,5.0,2023-02-17,Cash,Friday,52
ORD_651414,CUST_013,Side Dishes,Onion Rings,5.0,2.0,10.0,2023-01-27,Credit Card,Friday,38
ORD_140232,CUST_034,Starters,Sweet Potato Fries,5.0,4.0,20.0,2022-11-12,Credit Card,Saturday,38
ORD_905590,CUST_063,Side Dishes,Side Salad,3.0,2.0,6.0,2023-03-18,Credit Card,Saturday,43
ORD_478736,CUST_060,Side Dishes,Side Salad,3.0,5.0,15.0,2022-02-25,Credit Card,Friday,33
ORD_470330,CUST_055,Starters,Cheese Fries,5.0,4.0,20.0,2022-02-13,Digital Wallet,Sunday,48
ORD_169753,CUST_032,Side Dishes,Grilled Vegetables,5.0,3.0,15.0,2022-10-01,Credit Card,Saturday,43
ORD_279604,CUST_041,Starters,Chicken Melt,8.0,4.0,32.0,2022-01-17,Cash,Monday,42
ORD_231419,CUST_090,Side Dishes,Ice Cream,5.0,3.0,15.0,2023-08-16,Digital Wallet,Wednesday,49
ORD_799027,CUST_057,Main Dishes,Grilled Chicken,15.0,5.0,75.0,2023-09-19,Digital Wallet,Tuesday,36
ORD_421725,CUST_040,Starters,Cheese Fries,5.0,2.0,10.0,2023-08-05,Digital Wallet,Saturday,51
ORD_757020,CUST_063,Drinks,Iced Tea,2.5,3.0,7.5,2023-03-27,Credit Card,Monday,44
ORD_522921,CUST_076,Main Dishes,Pasta Alfredo,12.0,4.0,48.0,2023-10-18,Digital Wallet,Wednesday,36
ORD_336947,CUST_087,Starters,Sweet Potato Fries,5.0,2.0,10.0,2023-10-02,Credit Card,Monday,39
ORD_931045,CUST_049,Desserts,Chocolate Cake,6.0,2.0,12.0,2022-08-02,Cash,Tuesday,41
ORD_431760,CUST_071,Side Dishes,Side Salad,3.0,1.0,3.0,2022-02-18,Cash,Friday,32
ORD_670888,CUST_092,Drinks,Coca Cola,2.5,3.0,7.5,2022-01-25,Cash,Tuesday,45
ORD_107431,CUST_050,Side Dishes,Onion Rings,5.0,3.0,15.0,2023-12-04,Cash,Monday,42
ORD_236765,CUST_080,Side Dishes,Garlic Bread,4.0,3.0,12.0,2022-03-08,Cash,Tuesday,39
ORD_705321,CUST_077,Main Dishes,Grilled Chicken,15.0,4.0,60.0,2022-03-10,Credit Card,Thursday,34
ORD_261852,CUST_027,Main Dishes,Pasta Alfredo,12.0,5.0,60.0,2022-07-26,Digital Wallet,Tuesday,34
ORD_686365,CUST_025,Desserts,Beef Chili,7.0,4.0,28.0,2023-03-30,Cash,Thursday,50
ORD_307326,CUST_071,Side Dishes,Onion Rings,5.0,1.0,5.0,2022-04-03,Cash,Sunday,33
ORD_752173,CUST_061,Main Dishes,Pasta Alfredo,12.0,3.0,36.0,2023-01-18,Cash,Wednesday,41
ORD_360559,CUST_067,Drinks,Orange Juice,3.0,3.0,3.0,2023-08-05,Cash,Saturday,38
ORD_157600,CUST_031,Starters,Ice Cream,5.0,2.0,10.0,2023-08-24,Digital Wallet,Thursday,40
ORD_522934,CUST_041,Drinks,Coca Cola,2.5,3.0,7.5,2022-03-12,Digital Wallet,Saturday,43
ORD_990941,CUST_089,Side Dishes,Mashed Potatoes,4.0,5.0,20.0,2023-01-31,Credit Card,Tuesday,37
ORD_426969,CUST_077,Drinks,Coca Cola,2.5,2.0,5.0,2023-01-05,Credit Card,Thursday,35
ORD_403066,CUST_050,Starters,Sweet Potato Fries,5.0,3.0,25.0,2023-01-26,Cash,Thursday,43
ORD_890400,CUST_084,Drinks,Coca Cola,2.5,2.0,5.0,2023-05-30,Cash,Tuesday,43
ORD_486844,CUST_016,Main Dishes,Steak,20.0,2.0,40.0,2023-08-25,Cash,Friday,44
ORD_150484,CUST_021,Starters,Beef Chili,7.0,2.0,14.0,2023-09-17,Credit Card,Sunday,36
ORD_902407,CUST_099,Side Dishes,Side Salad,3.0,5.0,15.0,2023-07-19,Cash,Wednesday,34
ORD_166931,CUST_073,Drinks,Water,1.0,1.0,1.0,2023-03-05,Credit Card,Sunday,44
ORD_167842,CUST_024,Desserts,Chocolate Cake,6.0,1.0,6.0,2022-11-04,Credit Card,Friday,30
ORD_992654,CUST_071,Starters,French Fries,4.0,1.0,4.0,2023-07-26,Digital Wallet,Wednesday,34
ORD_770412,CUST_061,Side Dishes,Side Salad,3.0,5.0,15.0,2023-10-09,Cash,Monday,42
ORD_956669,CUST_064,Starters,Beef Chili,7.0,5.0,35.0,2023-05-13,Credit Card,Saturday,35
ORD_886853,CUST_068,Desserts,Chocolate Cake,6.0,3.0,18.0,2023-08-08,Cash,Tuesday,43
ORD_364998,CUST_031,Desserts,Cheesecake,7.0,2.0,14.0,2022-07-24,Cash,Sunday,41
ORD_140491,CUST_018,Main Dishes,Grilled Chicken,15.0,3.0,45.0,2023-03-11,Cash,Saturday,45
ORD_369270,CUST_007,Desserts,Chocolate Cake,6.0,3.0,18.0,2023-06-22,Digital Wallet,Thursday,39
ORD_732875,CUST_061,Side Dishes,French Fries,4.0,2.0,8.0,2023-08-17,Digital Wallet,Thursday,43
ORD_716204,CUST_071,Main Dishes,Grilled Chicken,15.0,1.0,15.0,2022-04-25,Cash,Monday,35
ORD_853588,CUST_077,Desserts,Ice Cream,5.0,3.0,15.0,2023-06-15,Digital Wallet,Thursday,36
ORD_974911,CUST_070,Desserts,Cheesecake,7.0,1.0,7.0,2022-02-10,Credit Card,Thursday,33
ORD_286649,CUST_057,Main Dishes,Salmon,18.0,2.0,36.0,2023-09-16,Cash,Saturday,37
ORD_965792,CUST_081,Starters,Beef Chili,7.0,1.0,7.0,2022-02-16,Digital Wallet,Wednesday,45
ORD_755832,CUST_065,Side Dishes,French Fries,4.0,5.0,20.0,2022-05-12,Digital Wallet,Thursday,48
ORD_134181,CUST_062,Side Dishes,Grilled Vegetables,5.0,3.0,15.0,2022-11-20,Credit Card,Sunday,35
ORD_964260,CUST_084,Starters,French Fries,4.0,3.0,12.0,2022-08-02,Digital Wallet,Tuesday,44
ORD_717141,CUST_012,Side Dishes,Mashed Potatoes,4.0,5.0,20.0,2023-04-06,Credit Card,Thursday,36
ORD_515191,CUST_016,Starters,Cheese Fries,5.0,2.0,10.0,2022-05-05,Digital Wallet,Thursday,45
ORD_382584,CUST_037,Drinks,Water,1.0,4.0,4.0,2022-09-20,Credit Card,Tuesday,40
ORD_198083,CUST_067,Main Dishes,Pasta Alfredo,12.0,3.0,36.0,2023-11-27,Credit Card,Monday,39
ORD_140796,CUST_093,Desserts,Cheesecake,7.0,4.0,28.0,2022-08-28,Digital Wallet,Sunday,48
ORD_699435,CUST_079,Starters,French Fries,4.0,1.0,4.0,2022-02-22,Credit Card,Tuesday,43
ORD_318300,CUST_058,Main Dishes,Grilled Chicken,15.0,1.0,15.0,2022-06-23,Credit Card,Thursday,37
ORD_903469,CUST_076,Main Dishes,Grilled Chicken,15.0,3.0,75.0,2022-02-20,Cash,Sunday,37
ORD_376964,CUST_029,Desserts,Fruit Salad,4.0,5.0,20.0,2023-11-24,Digital Wallet,Friday,29
ORD_430257,CUST_058,Side Dishes,Grilled Vegetables,5.0,2.0,10.0,2022-04-12,Credit Card,Tuesday,38
ORD_385684,CUST_084,Starters,French Fries,4.0,5.0,20.0,2023-06-29,Credit Card,Thursday,45
ORD_539534,CUST_089,Main Dishes,Pasta Alfredo,12.0,4.0,48.0,2022-01-18,Cash,Tuesday,38
ORD_155885,CUST_062,Starters,Sweet Potato Fries,5.0,2.0,10.0,2023-01-01,Digital Wallet,Sunday,36
ORD_430356,CUST_057,Starters,Chicken Melt,8.0,1.0,8.0,2022-08-19,Cash,Friday,38
ORD_500113,CUST_042,Side Dishes,Side Salad,3.0,1.0,3.0,2022-02-17,Credit Card,Thursday,46
ORD_181146,CUST_072,Drinks,Iced Tea,2.5,4.0,10.0,2023-10-25,Digital Wallet,Wednesday,42
ORD_173704,CUST_095,Main Dishes,Pasta Alfredo,12.0,4.0,48.0,2023-10-20,Digital Wallet,Friday,31
ORD_696566,CUST_031,Side Dishes,Grilled Vegetables,5.0,3.0,15.0,2022-09-26,Cash,Monday,42
ORD_887990,CUST_017,Desserts,Chocolate Cake,6.0,5.0,30.0,2023-06-11,Digital Wallet,Sunday,47
ORD_333649,CUST_052,Main Dishes,Grilled Chicken,15.0,3.0,45.0,2023-05-06,Digital Wallet,Saturday,36
ORD_960483,CUST_017,Main Dishes,Pasta Alfredo,12.0,4.0,48.0,2022-03-18,Credit Card,Friday,48
ORD_138609,CUST_016,Main Dishes,Grilled Chicken,15.0,4.0,60.0,2023-04-30,Credit Card,Sunday,46
ORD_896514,CUST_080,Side Dishes,Side Salad,3.0,2.0,6.0,2023-09-28,Digital Wallet,Thursday,40
ORD_856825,CUST_021,Starters,Beef Chili,7.0,4.0,28.0,2023-05-31,Digital Wallet,Wednesday,37
ORD_145350,CUST_042,Desserts,Cheesecake,7.0,4.0,28.0,2023-05-28,Cash,Sunday,47
ORD_852234,CUST_035,Desserts,Cheesecake,7.0,2.0,14.0,2023-07-17,Digital Wallet,Monday,40
ORD_141754,CUST_057,Starters,Beef Chili,7.0,4.0,28.0,2022-06-24,Digital Wallet,Friday,39
ORD_596516,CUST_100,Desserts,Fruit Salad,4.0,1.0,4.0,2022-10-26,Credit Card,Wednesday,45
ORD_682280,CUST_033,Desserts,Brownie,6.0,4.0,24.0,2022-07-23,Cash,Saturday,42
ORD_876106,CUST_020,Side Dishes,Onion Rings,5.0,5.0,25.0,2022-08-01,Credit Card,Monday,50
ORD_257113,CUST_019,Main Dishes,Pasta Alfredo,12.0,1.0,12.0,2022-09-15,Cash,Thursday,45
ORD_749050,CUST_078,Drinks,Lemonade,3.0,3.0,9.0,2023-12-30,Digital Wallet,Saturday,30
ORD_482242,CUST_034,Main Dishes,Pasta Alfredo,12.0,3.0,24.0,2023-12-30,Cash,Saturday,39
ORD_544955,CUST_079,Drinks,Water,1.0,5.0,5.0,2023-11-25,Digital Wallet,Saturday,44
ORD_690886,CUST_069,Side Dishes,Side Salad,3.0,4.0,12.0,2023-06-16,Credit Card,Friday,39
ORD_327724,CUST_096,Main Dishes,Steak,20.0,1.0,20.0,2022-09-02,Credit Card,Friday,54
ORD_629762,CUST_089,Main Dishes,Grilled Chicken,15.0,5.0,75.0,2023-06-13,Cash,Tuesday,39
ORD_232814,CUST_085,Side Dishes,Mashed Potatoes,4.0,1.0,4.0,2022-06-28,Digital Wallet,Tuesday,37
ORD_765701,CUST_085,Side Dishes,Mashed Potatoes,4.0,4.0,16.0,2022-07-22,Cash,Friday,38
ORD_236401,CUST_021,Starters,Nachos Grande,10.0,5.0,50.0,2023-02-07,Digital Wallet,Tuesday,38
ORD_122462,CUST_085,Main Dishes,Grilled Chicken,15.0,2.0,30.0,2023-09-12,Digital Wallet,Tuesday,39
ORD_101554,CUST_032,Drinks,Iced Tea,2.5,5.0,12.5,2022-05-14,Digital Wallet,Saturday,44
ORD_492937,CUST_095,Side Dishes,Mashed Potatoes,4.0,4.0,16.0,2022-01-30,Credit Card,Sunday,32
ORD_892809,CUST_017,Starters,Sweet Potato Fries,5.0,4.0,20.0,2022-05-03,Credit Card,Tuesday,49
ORD_817848,CUST_011,Desserts,Ice Cream,5.0,4.0,20.0,2023-12-19,Digital Wallet,Tuesday,53
ORD_738472,CUST_078,Drinks,Coca Cola,2.5,2.0,5.0,2023-11-17,Cash,Friday,31
ORD_811387,CUST_004,Starters,French Fries,4.0,5.0,20.0,2022-03-12,Digital Wallet,Saturday,42
ORD_983659,CUST_006,Desserts,Brownie,6.0,3.0,18.0,2023-09-21,Credit Card,Thursday,39
ORD_642917,CUST_067,Drinks,Orange Juice,3.0,3.0,9.0,2023-10-11,Credit Card,Wednesday,40
ORD_463379,CUST_085,Drinks,Coca Cola,2.5,2.0,5.0,2022-01-24,Credit Card,Monday,40
ORD_857302,CUST_052,Desserts,Fruit Salad,4.0,2.0,8.0,2023-08-17,Cash,Thursday,37
ORD_742206,CUST_029,Starters,French Fries,4.0,5.0,20.0,2022-03-20,Digital Wallet,Sunday,30
ORD_593687,CUST_096,Drinks,Lemonade,3.0,5.0,15.0,2023-02-05,Digital Wallet,Sunday,55
ORD_592960,CUST_095,Side Dishes,Mashed Potatoes,4.0,3.0,12.0,2023-05-22,Credit Card,Monday,33
ORD_368940,CUST_090,Drinks,Orange Juice,3.0,2.0,6.0,2022-02-22,Digital Wallet,Tuesday,50
ORD_936086,CUST_004,Main Dishes,Pasta Alfredo,12.0,5.0,60.0,2023-10-13,Cash,Friday,43
ORD_471506,CUST_066,Drinks,Lemonade,3.0,4.0,12.0,2022-02-28,Credit Card,Monday,50
ORD_302893,CUST_058,Starters,Ice Cream,5.0,3.0,15.0,2023-11-24,Credit Card,Friday,39
ORD_750494,CUST_049,Starters,Sweet Potato Fries,5.0,2.0,10.0,2023-01-28,Cash,Saturday,42
ORD_945423,CUST_093,Drinks,Water,1.0,2.0,2.0,2023-08-22,Cash,Tuesday,49
ORD_504682,CUST_036,Desserts,Chocolate Cake,6.0,1.0,6.0,2023-10-28,Credit Card,Saturday,44
ORD_226367,CUST_088,Starters,Beef Chili,7.0,4.0,28.0,2022-07-31,Cash,Sunday,38
ORD_565115,CUST_088,Starters,Cheese Fries,5.0,3.0,15.0,2022-06-06,Cash,Monday,39
ORD_653994,CUST_040,Drinks,Water,1.0,5.0,5.0,2023-07-05,Digital Wallet,Wednesday,52
ORD_866416,CUST_083,Side Dishes,Garlic Bread,4.0,3.0,12.0,2023-02-06,Cash,Monday,39
ORD_496405,CUST_056,Side Dishes,Onion Rings,5.0,5.0,25.0,2023-08-15,Digital Wallet,Tuesday,47
ORD_994358,CUST_058,Main Dishes,Steak,20.0,4.0,80.0,2022-06-05,Cash,Sunday,40
ORD_813287,CUST_068,Main Dishes,Pasta Alfredo,12.0,3.0,36.0,2022-12-31,Cash,Saturday,44
ORD_305558,CUST_098,Starters,Cheese Fries,5.0,2.0,10.0,2023-07-10,Digital Wallet,Monday,52
ORD_500421,CUST_046,Starters,Sweet Potato Fries,5.0,3.0,15.0,2022-11-22,Cash,Tuesday,34
ORD_802632,CUST_048,Desserts,Chocolate Cake,6.0,1.0,6.0,2023-10-17,Credit Card,Tuesday,53
ORD_166428,CUST_018,Starters,French Fries,4.0,1.0,4.0,2022-04-15,Credit Card,Friday,46
ORD_521769,CUST_043,Starters,French Fries,4.0,3.0,12.0,2022-09-11,Credit Card,Sunday,46
ORD_525257,CUST_017,Side Dishes,Onion Rings,5.0,2.0,10.0,2022-03-07,Credit Card,Monday,50
ORD_122832,CUST_092,Drinks,Water,1.0,5.0,5.0,2022-04-02,Digital Wallet,Saturday,46
ORD_192149,CUST_079,Main Dishes,Salmon,18.0,5.0,90.0,2022-02-01,Credit Card,Tuesday,45
ORD_509801,CUST_045,Desserts,Ice Cream,5.0,5.0,25.0,2022-09-30,Cash,Friday,42
ORD_946457,CUST_081,Drinks,Coca Cola,2.5,5.0,12.5,2022-08-16,Digital Wallet,Tuesday,46
ORD_712455,CUST_089,Side Dishes,Side Salad,3.0,2.0,6.0,2023-05-28,Cash,Sunday,40
ORD_448669,CUST_049,Drinks,Lemonade,3.0,2.0,6.0,2023-05-25,Digital Wallet,Thursday,43
ORD_652246,CUST_004,Side Dishes,Side Salad,3.0,4.0,12.0,2023-04-27,Credit Card,Thursday,44
ORD_902811,CUST_040,Main Dishes,Grilled Chicken,15.0,5.0,75.0,2023-02-27,Credit Card,Monday,53
ORD_866136,CUST_065,Starters,Beef Chili,7.0,4.0,28.0,2022-08-08,Credit Card,Monday,49
ORD_617950,CUST_062,Desserts,Chocolate Cake,6.0,3.0,18.0,2022-08-26,Credit Card,Friday,37
ORD_176110,CUST_014,Side Dishes,Mashed Potatoes,4.0,3.0,12.0,2023-01-03,Credit Card,Tuesday,52
ORD_652182,CUST_036,Side Dishes,Onion Rings,5.0,3.0,15.0,2023-06-01,Digital Wallet,Thursday,45
ORD_656864,CUST_032,Desserts,Ice Cream,5.0,1.0,5.0,2023-12-25,Credit Card,Monday,45
ORD_978626,CUST_030,Desserts,Fruit Salad,4.0,1.0,4.0,2023-03-24,Cash,Friday,41
ORD_257750,CUST_098,Desserts,Chocolate Cake,6.0,1.0,6.0,2023-12-06,Credit Card,Wednesday,53
ORD_812111,CUST_044,Starters,Beef Chili,7.0,3.0,21.0,2023-01-31,Cash,Tuesday,49
ORD_723817,CUST_040,Side Dishes,Mashed Potatoes,4.0,3.0,12.0,2023-12-29,Credit Card,Friday,54
ORD_694284,CUST_047,Starters,French Fries,4.0,3.0,12.0,2022-06-29,Cash,Wednesday,41
ORD_718523,CUST_053,Starters,Cheese Fries,5.0,4.0,20.0,2023-08-19,Credit Card,Saturday,41
ORD_535350,CUST_029,Drinks,Water,1.0,3.0,3.0,2023-01-19,Cash,Thursday,31
ORD_250774,CUST_070,Side Dishes,Mashed Potatoes,4.0,4.0,16.0,2022-02-13,Digital Wallet,Sunday,34
ORD_938875,CUST_024,Starters,French Fries,4.0,4.0,16.0,2022-09-17,Credit Card,Saturday,31
ORD_936219,CUST_050,Desserts,Brownie,6.0,3.0,18.0,2022-04-02,Digital Wallet,Saturday,44
ORD_413613,CUST_069,Starters,Cheese Fries,5.0,2.0,10.0,2023-04-25,Credit Card,Tuesday,40
ORD_686123,CUST_071,Desserts,Chocolate Cake,6.0,5.0,30.0,2022-02-25,Credit Card,Friday,36
ORD_892790,CUST_032,Starters,Beef Chili,7.0,5.0,35.0,2022-03-14,Digital Wallet,Monday,46
ORD_153049,CUST_001,Starters,Sweet Potato Fries,5.0,3.0,15.0,2023-07-29,Digital Wallet,Saturday,50
ORD_113326,CUST_069,Starters,French Fries,4.0,3.0,20.0,2022-08-15,Cash,Monday,41
ORD_961313,CUST_098,Starters,Chicken Melt,8.0,3.0,24.0,2023-06-17,Cash,Saturday,54
ORD_881341,CUST_070,Side Dishes,Onion Rings,5.0,4.0,20.0,2023-03-26,Digital Wallet,Sunday,35
ORD_809516,CUST_020,Desserts,Beef Chili,7.0,5.0,35.0,2022-05-19,Digital Wallet,Thursday,51
ORD_476391,CUST_084,Drinks,Orange Juice,3.0,1.0,3.0,2022-06-05,Cash,Sunday,46
ORD_988532,CUST_024,Main Dishes,Pasta Alfredo,12.0,3.0,48.0,2023-09-05,Digital Wallet,Tuesday,32
ORD_655395,CUST_065,Starters,French Fries,4.0,4.0,16.0,2023-04-01,Digital Wallet,Saturday,50
ORD_367002,CUST_087,Desserts,Ice Cream,5.0,5.0,25.0,2022-02-15,Cash,Tuesday,40
ORD_217604,CUST_078,Starters,Beef Chili,7.0,2.0,14.0,2022-12-27,Digital Wallet,Tuesday,32
ORD_158831,CUST_074,Starters,Cheese Fries,5.0,4.0,20.0,2022-05-21,Credit Card,Saturday,40
ORD_660619,CUST_046,Main Dishes,Pasta Alfredo,12.0,3.0,36.0,2023-10-27,Digital Wallet,Friday,35
ORD_616709,CUST_025,Drinks,Lemonade,3.0,5.0,15.0,2022-04-18,Credit Card,Monday,51
ORD_732897,CUST_058,Main Dishes,Grilled Chicken,15.0,1.0,15.0,2023-09-13,Credit Card,Wednesday,41
ORD_292654,CUST_005,Drinks,Water,1.0,3.0,3.0,2023-04-30,Credit Card,Sunday,43
ORD_947204,CUST_048,Starters,Sweet Potato Fries,5.0,3.0,15.0,2023-11-17,Credit Card,Friday,54
ORD_531092,CUST_053,Desserts,Chocolate Cake,6.0,1.0,6.0,2023-05-13,Credit Card,Saturday,42
ORD_393298,CUST_066,Desserts,Chocolate Cake,6.0,1.0,6.0,2023-05-14,Cash,Sunday,51
ORD_974116,CUST_099,Side Dishes,Mashed Potatoes,4.0,5.0,20.0,2023-02-27,Digital Wallet,Monday,35
ORD_879077,CUST_062,Drinks,Water,1.0,2.0,2.0,2022-04-28,Digital Wallet,Thursday,38
ORD_792399,CUST_015,Starters,Chicken Melt,8.0,2.0,16.0,2022-05-27,Digital Wallet,Friday,40
ORD_559434,CUST_022,Starters,French Fries,4.0,2.0,8.0,2023-04-07,Cash,Friday,41
ORD_485893,CUST_075,Starters,Beef Chili,7.0,1.0,7.0,2022-03-11,Credit Card,Friday,52
ORD_509147,CUST_077,Desserts,Ice Cream,5.0,4.0,20.0,2023-09-28,Credit Card,Thursday,37
ORD_913173,CUST_056,Main Dishes,Pasta Alfredo,12.0,5.0,60.0,2022-10-08,Cash,Saturday,48
ORD_980711,CUST_067,Side Dishes,Garlic Bread,4.0,5.0,20.0,2022-11-23,Cash,Wednesday,41
ORD_492804,CUST_012,Side Dishes,Mashed Potatoes,4.0,1.0,4.0,2022-11-23,Digital Wallet,Wednesday,37
ORD_449604,CUST_091,Main Dishes,Steak,20.0,5.0,100.0,2023-12-27,Cash,Wednesday,41
ORD_290305,CUST_045,Main Dishes,Grilled Chicken,15.0,4.0,60.0,2022-01-06,Cash,Thursday,43
ORD_727432,CUST_043,Main Dishes,Grilled Chicken,15.0,4.0,60.0,2023-04-27,Credit Card,Thursday,47
ORD_866898,CUST_006,Desserts,Ice Cream,5.0,4.0,20.0,2022-12-04,Digital Wallet,Sunday,40
ORD_800330,CUST_066,Side Dishes,Mashed Potatoes,4.0,5.0,20.0,2023-05-18,Credit Card,Thursday,52
ORD_695041,CUST_091,Starters,French Fries,4.0,5.0,20.0,2022-06-19,Cash,Sunday,42
ORD_270435,CUST_076,Starters,French Fries,4.0,3.0,12.0,2022-06-19,Credit Card,Sunday,38
ORD_210303,CUST_034,Main Dishes,Grilled Chicken,15.0,1.0,15.0,2023-07-01,Cash,Saturday,40
ORD_285145,CUST_015,Desserts,Brownie,6.0,4.0,24.0,2023-03-23,Cash,Thursday,41
ORD_264113,CUST_074,Main Dishes,Grilled Chicken,15.0,5.0,75.0,2022-02-14,Cash,Monday,41
ORD_453521,CUST_054,Drinks,Orange Juice,3.0,1.0,3.0,2023-02-10,Cash,Friday,37
ORD_323443,CUST_041,Desserts,Brownie,6.0,3.0,18.0,2022-09-15,Cash,Thursday,44
ORD_376166,CUST_078,Side Dishes,Lemonade,3.0,2.0,6.0,2023-05-11,Digital Wallet,Thursday,33
ORD_950784,CUST_085,Side Dishes,Side Salad,3.0,1.0,3.0,2022-03-18,Cash,Friday,41
ORD_387494,CUST_088,Starters,French Fries,4.0,4.0,16.0,2023-08-30,Credit Card,Wednesday,40
ORD_967814,CUST_022,Desserts,Cheesecake,7.0,1.0,7.0,2022-05-12,Cash,Thursday,42
ORD_519677,CUST_031,Drinks,Orange Juice,3.0,5.0,15.0,2023-10-06,Digital Wallet,Friday,43
ORD_180737,CUST_024,Drinks,Lemonade,3.0,4.0,12.0,2023-09-28,Credit Card,Thursday,33
ORD_729483,CUST_007,Drinks,Lemonade,3.0,2.0,6.0,2022-11-27,Cash,Sunday,40
ORD_933557,CUST_031,Desserts,Fruit Salad,4.0,3.0,12.0,2023-04-24,Cash,Monday,44
ORD_435687,CUST_045,Drinks,Orange Juice,3.0,2.0,6.0,2023-04-18,Cash,Tuesday,44
ORD_616226,CUST_045,Main Dishes,Pasta Alfredo,12.0,4.0,48.0,2022-12-23,Credit Card,Friday,45
ORD_137865,CUST_016,Drinks,Lemonade,3.0,4.0,12.0,2023-03-22,Credit Card,Wednesday,47
ORD_492086,CUST_071,Side Dishes,Onion Rings,5.0,4.0,20.0,2022-12-13,Digital Wallet,Tuesday,37
ORD_624957,CUST_071,Desserts,Ice Cream,5.0,3.0,25.0,2023-06-15,Credit Card,Thursday,38
ORD_917566,CUST_026,Starters,Chicken Melt,8.0,1.0,8.0,2023-06-27,Cash,Tuesday,43
ORD_809166,CUST_068,Side Dishes,Side Salad,3.0,1.0,3.0,2022-06-28,Credit Card,Tuesday,45
ORD_162548,CUST_033,Desserts,Ice Cream,5.0,5.0,25.0,2022-09-11,Credit Card,Sunday,43
ORD_717417,CUST_085,Starters,Beef Chili,7.0,3.0,21.0,2022-08-14,Cash,Sunday,42
ORD_983104,CUST_081,Side Dishes,Side Salad,3.0,2.0,6.0,2023-06-16,Digital Wallet,Friday,47
ORD_806904,CUST_025,Drinks,Water,1.0,3.0,2.0,2023-09-25,Digital Wallet,Monday,52
ORD_327407,CUST_076,Drinks,Water,1.0,3.0,3.0,2023-09-25,Cash,Monday,39
ORD_746964,CUST_014,Starters,French Fries,4.0,1.0,4.0,2022-08-29,Cash,Monday,53
ORD_992313,CUST_009,Starters,French Fries,4.0,1.0,4.0,2023-07-04,Credit Card,Tuesday,36
ORD_134158,CUST_011,Desserts,Brownie,6.0,2.0,12.0,2023-03-29,Credit Card,Wednesday,54
ORD_240570,CUST_057,Starters,French Fries,4.0,1.0,4.0,2022-10-18,Credit Card,Tuesday,40
ORD_269610,CUST_052,Desserts,Chocolate Cake,6.0,2.0,12.0,2022-12-24,Digital Wallet,Saturday,38
ORD_375275,CUST_023,Main Dishes,Grilled Chicken,15.0,4.0,60.0,2022-09-15,Digital Wallet,Thursday,33
ORD_710808,CUST_022,Desserts,Fruit Salad,4.0,1.0,4.0,2022-02-27,Digital Wallet,Sunday,43
ORD_349464,CUST_063,Starters,Ice Cream,5.0,2.0,10.0,2023-10-21,Credit Card,Saturday,45
ORD_629642,CUST_031,Main Dishes,Steak,20.0,3.0,60.0,2022-05-15,Cash,Sunday,45
ORD_369895,CUST_048,Drinks,Water,1.0,3.0,3.0,2022-03-23,Credit Card,Wednesday,55
ORD_605321,CUST_097,Side Dishes,Mashed Potatoes,4.0,3.0,12.0,2022-02-02,Credit Card,Wednesday,40
ORD_667171,CUST_045,Drinks,Orange Juice,3.0,1.0,3.0,2023-03-25,Credit Card,Saturday,46
ORD_617442,CUST_029,Starters,Sweet Potato Fries,5.0,4.0,20.0,2023-04-12,Credit Card,Wednesday,32
ORD_309870,CUST_026,Side Dishes,Garlic Bread,4.0,1.0,4.0,2023-06-29,Credit Card,Thursday,44
ORD_226661,CUST_081,Desserts,French Fries,4.0,4.0,16.0,2023-02-10,Credit Card,Friday,48
ORD_559552,CUST_097,Starters,French Fries,4.0,4.0,16.0,2022-05-10,Cash,Tuesday,41
ORD_558620,CUST_035,Drinks,Iced Tea,2.5,1.0,2.5,2023-02-26,Credit Card,Sunday,41
ORD_977486,CUST_014,Starters,French Fries,4.0,1.0,4.0,2022-01-31,Credit Card,Monday,54
ORD_257112,CUST_100,Drinks,Coca Cola,2.5,5.0,12.5,2022-12-11,Digital Wallet,Sunday,46
ORD_744248,CUST_029,Starters,Chicken Melt,8.0,1.0,8.0,2022-08-19,Credit Card,Friday,33
ORD_221569,CUST_057,Desserts,Brownie,6.0,1.0,6.0,2022-03-17,Cash,Thursday,41
ORD_481667,CUST_052,Main Dishes,Steak,20.0,5.0,100.0,2023-05-03,Cash,Wednesday,39
ORD_239820,CUST_085,Side Dishes,Side Salad,3.0,3.0,9.0,2023-11-25,Digital Wallet,Saturday,43
ORD_380066,CUST_024,Main Dishes,Pasta Alfredo,12.0,3.0,36.0,2023-07-26,Credit Card,Wednesday,34
ORD_405909,CUST_049,Side Dishes,Ice Cream,5.0,3.0,15.0,2023-01-14,Credit Card,Saturday,44
ORD_218858,CUST_084,Starters,French Fries,4.0,1.0,4.0,2022-09-24,Digital Wallet,Saturday,47
ORD_244390,CUST_045,Desserts,Brownie,6.0,2.0,12.0,2023-06-16,Cash,Friday,47
ORD_576589,CUST_027,Main Dishes,Steak,20.0,2.0,40.0,2022-01-07,Credit Card,Friday,35
ORD_541155,CUST_040,Desserts,Brownie,6.0,3.0,24.0,2023-05-09,Cash,Tuesday,55
ORD_727444,CUST_069,Side Dishes,Mashed Potatoes,4.0,4.0,16.0,2023-06-04,Cash,Sunday,42
ORD_985912,CUST_026,Drinks,Lemonade,3.0,3.0,9.0,2022-02-14,Cash,Monday,45
ORD_564710,CUST_061,Starters,Nachos Grande,10.0,1.0,10.0,2023-11-18,Digital Wallet,Saturday,44
ORD_805076,CUST_069,Side Dishes,Grilled Vegetables,5.0,1.0,5.0,2023-06-03,Credit Card,Saturday,43
ORD_247510,CUST_024,Starters,Chicken Melt,8.0,5.0,40.0,2023-12-05,Credit Card,Tuesday,35
ORD_206461,CUST_070,Drinks,Water,1.0,4.0,4.0,2022-03-17,Cash,Thursday,36
ORD_464844,CUST_017,Starters,Sweet Potato Fries,5.0,5.0,25.0,2023-11-23,Digital Wallet,Thursday,51
ORD_327287,CUST_083,Side Dishes,Side Salad,3.0,2.0,6.0,2023-03-02,Digital Wallet,Thursday,40
ORD_467571,CUST_001,Desserts,Cheesecake,7.0,4.0,28.0,2022-09-12,Cash,Monday,51
ORD_121760,CUST_053,Main Dishes,Pasta Alfredo,12.0,4.0,48.0,2023-05-09,Cash,Tuesday,43
ORD_866966,CUST_091,Side Dishes,French Fries,4.0,5.0,20.0,2022-03-14,Credit Card,Monday,43
ORD_416587,CUST_046,Side Dishes,Onion Rings,5.0,3.0,15.0,2022-03-16,Cash,Wednesday,36
ORD_355458,CUST_083,Desserts,Brownie,6.0,5.0,30.0,2022-01-15,Digital Wallet,Saturday,41
ORD_672354,CUST_088,Drinks,Orange Juice,3.0,2.0,6.0,2022-06-16,Digital Wallet,Thursday,41
ORD_406144,CUST_007,Side Dishes,Onion Rings,5.0,5.0,25.0,2022-02-21,Digital Wallet,Monday,41
ORD_333915,CUST_007,Main Dishes,Vegetarian Platter,14.0,1.0,14.0,2022-12-24,Credit Card,Saturday,42
ORD_268500,CUST_037,Desserts,Brownie,6.0,4.0,24.0,2023-01-06,Digital Wallet,Friday,41
ORD_517372,CUST_009,Starters,Cheese Fries,5.0,2.0,10.0,2023-08-06,Cash,Sunday,37
ORD_890908,CUST_060,Drinks,Coca Cola,2.5,3.0,10.0,2022-06-22,Digital Wallet,Wednesday,34
ORD_837718,CUST_071,Main Dishes,Steak,20.0,4.0,80.0,2022-03-04,Digital Wallet,Friday,39
ORD_363740,CUST_025,Side Dishes,Grilled Vegetables,5.0,3.0,15.0,2023-11-02,Cash,Thursday,53
ORD_262149,CUST_077,Main Dishes,Grilled Chicken,15.0,1.0,15.0,2023-11-26,Credit Card,Sunday,38
ORD_483898,CUST_081,Starters,Sweet Potato Fries,5.0,5.0,25.0,2022-03-02,Cash,Wednesday,49
ORD_811813,CUST_025,Desserts,Chocolate Cake,6.0,5.0,30.0,2022-03-02,Cash,Wednesday,54
ORD_960234,CUST_037,Side Dishes,Mashed Potatoes,4.0,4.0,16.0,2023-10-20,Credit Card,Friday,42
ORD_156697,CUST_019,Main Dishes,Pasta Alfredo,12.0,5.0,60.0,2023-09-10,Digital Wallet,Sunday,46
ORD_197076,CUST_037,Drinks,Iced Tea,2.5,5.0,12.5,2023-11-26,Digital Wallet,Sunday,43
ORD_317840,CUST_013,Starters,Beef Chili,7.0,3.0,21.0,2022-10-09,Credit Card,Sunday,39
ORD_487237,CUST_063,Desserts,Ice Cream,5.0,1.0,5.0,2023-09-02,Cash,Saturday,46
ORD_705887,CUST_100,Main Dishes,Pasta Alfredo,12.0,5.0,60.0,2022-12-30,Credit Card,Friday,47
ORD_588672,CUST_026,Starters,French Fries,4.0,5.0,20.0,2023-05-22,Credit Card,Monday,46
ORD_338946,CUST_069,Drinks,Water,1.0,1.0,1.0,2023-02-21,Cash,Tuesday,44
ORD_966238,CUST_040,Main Dishes,Grilled Chicken,15.0,5.0,75.0,2023-08-29,Digital Wallet,Tuesday,56
ORD_512667,CUST_098,Drinks,Water,1.0,5.0,5.0,2023-12-29,Credit Card,Friday,55
ORD_256352,CUST_076,Desserts,Chocolate Cake,6.0,1.0,6.0,2023-02-12,Cash,Sunday,40
ORD_130443,CUST_026,Drinks,Water,1.0,5.0,5.0,2023-02-19,Cash,Sunday,47
ORD_659480,CUST_063,Side Dishes,Mashed Potatoes,4.0,1.0,4.0,2022-09-07,Credit Card,Wednesday,47
ORD_142975,CUST_072,Side Dishes,Mashed Potatoes,4.0,3.0,12.0,2023-08-30,Cash,Wednesday,43
ORD_740760,CUST_023,Desserts,Chocolate Cake,6.0,5.0,30.0,2023-01-18,Digital Wallet,Wednesday,34
ORD_676030,CUST_011,Side Dishes,Onion Rings,5.0,3.0,15.0,2022-08-04,Cash,Thursday,55
ORD_495679,CUST_007,Starters,Beef Chili,7.0,3.0,21.0,2023-09-21,Digital Wallet,Thursday,43
ORD_346811,CUST_097,Drinks,Coca Cola,2.5,1.0,2.5,2023-06-09,Credit Card,Friday,42
ORD_855480,CUST_006,Desserts,Fruit Salad,4.0,4.0,16.0,2023-03-06,Credit Card,Monday,41
ORD_566427,CUST_044,Side Dishes,Grilled Vegetables,5.0,4.0,20.0,2023-07-19,Credit Card,Wednesday,50
ORD_690841,CUST_054,Drinks,Orange Juice,3.0,4.0,12.0,2023-08-19,Cash,Saturday,38
ORD_361401,CUST_076,Side Dishes,Side Salad,3.0,5.0,15.0,2023-03-08,Credit Card,Wednesday,41
ORD_185516,CUST_038,Side Dishes,Side Salad,3.0,5.0,15.0,2023-03-20,Cash,Monday,40
ORD_220978,CUST_074,Side Dishes,French Fries,4.0,2.0,8.0,2023-10-06,Credit Card,Friday,42
ORD_418841,CUST_026,Starters,Cheese Fries,5.0,3.0,15.0,2023-07-20,Digital Wallet,Thursday,48
ORD_899441,CUST_070,Main Dishes,Steak,20.0,4.0,80.0,2023-09-15,Cash,Friday,37
ORD_771381,CUST_090,Side Dishes,Mashed Potatoes,4.0,4.0,16.0,2022-05-16,Credit Card,Monday,51
ORD_383272,CUST_033,Main Dishes,Grilled Chicken,15.0,1.0,15.0,2022-03-25,Cash,Friday,44
ORD_398211,CUST_017,Desserts,Chocolate Cake,6.0,3.0,18.0,2022-01-17,Cash,Monday,52
ORD_288209,CUST_080,Main Dishes,Grilled Chicken,15.0,2.0,30.0,2022-07-25,Credit Card,Monday,41
ORD_838922,CUST_099,Drinks,Orange Juice,3.0,3.0,9.0,2023-12-08,Cash,Friday,36
ORD_217583,CUST_091,Desserts,Ice Cream,5.0,5.0,25.0,2023-01-08,Cash,Sunday,44
ORD_868576,CUST_076,Main Dishes,Pasta Alfredo,12.0,2.0,24.0,2023-08-01,Credit Card,Tuesday,42
ORD_110481,CUST_079,Drinks,Orange Juice,3.0,2.0,6.0,2022-03-26,Credit Card,Saturday,46
ORD_703350,CUST_084,Desserts,Chocolate Cake,6.0,4.0,24.0,2023-10-23,Credit Card,Monday,48
ORD_800090,CUST_081,Desserts,Ice Cream,5.0,4.0,20.0,2023-09-04,Digital Wallet,Monday,50
ORD_712510,CUST_002,Main Dishes,Salmon,18.0,5.0,90.0,2022-07-05,Cash,Tuesday,30
ORD_552246,CUST_050,Drinks,Lemonade,3.0,1.0,3.0,2022-02-05,Credit Card,Saturday,45
ORD_728023,CUST_087,Side Dishes,Side Salad,3.0,5.0,15.0,2022-06-19,Cash,Sunday,41
ORD_839670,CUST_097,Starters,Nachos Grande,10.0,3.0,30.0,2023-08-05,Digital Wallet,Saturday,43
ORD_629936,CUST_016,Starters,Cheese Fries,5.0,3.0,15.0,2023-08-22,Digital Wallet,Tuesday,48
ORD_278284,CUST_046,Starters,Nachos Grande,10.0,3.0,30.0,2022-10-12,Cash,Wednesday,37
ORD_226051,CUST_074,Starters,French Fries,4.0,5.0,20.0,2023-06-02,Cash,Friday,43
ORD_650961,CUST_034,Side Dishes,Garlic Bread,4.0,4.0,16.0,2023-12-27,Digital Wallet,Wednesday,41
ORD_812080,CUST_005,Main Dishes,Salmon,18.0,3.0,54.0,2023-12-26,Digital Wallet,Tuesday,44
ORD_974546,CUST_060,Side Dishes,Side Salad,3.0,4.0,12.0,2023-11-16,Cash,Thursday,35
ORD_556181,CUST_071,Drinks,Iced Tea,2.5,3.0,10.0,2023-04-28,Digital Wallet,Friday,40
ORD_438442,CUST_011,Side Dishes,Grilled Vegetables,5.0,5.0,25.0,2023-09-18,Credit Card,Monday,56
ORD_280183,CUST_049,Desserts,Chocolate Cake,6.0,5.0,30.0,2023-10-14,Digital Wallet,Saturday,45
ORD_276340,CUST_043,Main Dishes,Vegetarian Platter,14.0,5.0,70.0,2023-12-09,Cash,Saturday,48
ORD_790463,CUST_032,Drinks,Water,1.0,1.0,1.0,2022-03-06,Credit Card,Sunday,47
ORD_404355,CUST_052,Side Dishes,French Fries,4.0,1.0,4.0,2022-09-04,Credit Card,Sunday,40
ORD_133195,CUST_042,Drinks,Coca Cola,2.5,5.0,12.5,2023-10-31,Digital Wallet,Tuesday,48
ORD_168713,CUST_021,Drinks,Water,1.0,2.0,2.0,2022-01-29,Digital Wallet,Saturday,39
ORD_745559,CUST_056,Main Dishes,Steak,20.0,1.0,20.0,2023-06-29,Credit Card,Thursday,49
ORD_149407,CUST_072,Starters,Sweet Potato Fries,5.0,5.0,25.0,2022-09-25,Credit Card,Sunday,44
ORD_930980,CUST_063,Drinks,Iced Tea,2.5,5.0,12.5,2023-01-10,Digital Wallet,Tuesday,48
ORD_307875,CUST_096,Drinks,Lemonade,3.0,5.0,15.0,2023-03-22,Digital Wallet,Wednesday,56
ORD_428919,CUST_003,Drinks,Lemonade,3.0,4.0,12.0,2022-05-22,Digital Wallet,Sunday,39
ORD_844066,CUST_010,Side Dishes,Mashed Potatoes,4.0,3.0,12.0,2022-09-24,Credit Card,Saturday,53
ORD_589459,CUST_053,Drinks,Water,1.0,1.0,1.0,2023-08-29,Digital Wallet,Tuesday,44
ORD_483518,CUST_093,Side Dishes,Garlic Bread,4.0,5.0,20.0,2022-04-08,Cash,Friday,50
ORD_264736,CUST_084,Side Dishes,Mashed Potatoes,4.0,2.0,8.0,2023-12-26,Digital Wallet,Tuesday,49
ORD_871511,CUST_013,Main Dishes,Pasta Alfredo,12.0,1.0,12.0,2023-11-02,Digital Wallet,Thursday,40
ORD_672647,CUST_019,Desserts,Ice Cream,5.0,1.0,5.0,2023-12-22,Cash,Friday,47
ORD_197044,CUST_061,Main Dishes,Pasta Alfredo,12.0,5.0,60.0,2022-06-28,Cash,Tuesday,45
ORD_621121,CUST_007,Main Dishes,Pasta Alfredo,12.0,4.0,48.0,2023-11-25,Cash,Saturday,44
ORD_445895,CUST_085,Desserts,Ice Cream,5.0,1.0,5.0,2023-12-06,Credit Card,Wednesday,44
ORD_535803,CUST_082,Starters,French Fries,4.0,3.0,16.0,2023-12-17,Cash,Sunday,43
ORD_548269,CUST_072,Starters,Chicken Melt,8.0,1.0,8.0,2022-04-24,Cash,Sunday,45
ORD_731199,CUST_003,Desserts,Brownie,6.0,1.0,6.0,2023-01-26,Credit Card,Thursday,40
ORD_716611,CUST_088,Desserts,Cheesecake,7.0,3.0,14.0,2023-08-11,Digital Wallet,Friday,42
ORD_184155,CUST_098,Starters,Nachos Grande,10.0,3.0,50.0,2023-10-21,Cash,Saturday,56
ORD_871315,CUST_082,Starters,Sweet Potato Fries,5.0,3.0,10.0,2022-05-10,Cash,Tuesday,44
ORD_809596,CUST_022,Desserts,Cheesecake,7.0,4.0,28.0,2023-03-10,Digital Wallet,Friday,44
ORD_641468,CUST_097,Desserts,Brownie,6.0,2.0,12.0,2022-03-24,Credit Card,Thursday,44
ORD_185799,CUST_061,Desserts,Chocolate Cake,6.0,3.0,12.0,2022-03-11,Cash,Friday,46
ORD_474565,CUST_026,Desserts,Brownie,6.0,3.0,18.0,2022-04-29,Cash,Friday,49
ORD_472961,CUST_013,Starters,Nachos Grande,10.0,2.0,20.0,2022-02-15,Cash,Tuesday,41
ORD_160786,CUST_028,Drinks,Water,1.0,1.0,1.0,2022-08-29,Cash,Monday,51
ORD_406752,CUST_064,Main Dishes,Grilled Chicken,15.0,3.0,45.0,2023-06-03,Digital Wallet,Saturday,36
ORD_139615,CUST_089,Drinks,Water,1.0,5.0,5.0,2022-09-14,Digital Wallet,Wednesday,41
ORD_894812,CUST_014,Side Dishes,Side Salad,3.0,2.0,6.0,2023-12-21,Cash,Thursday,55
ORD_602969,CUST_008,Desserts,Cheesecake,7.0,2.0,14.0,2022-02-08,Cash,Tuesday,38
ORD_723405,CUST_099,Main Dishes,Vegetarian Platter,14.0,1.0,14.0,2022-07-16,Cash,Saturday,37
ORD_723624,CUST_028,Starters,French Fries,4.0,1.0,4.0,2023-12-03,Credit Card,Sunday,52
ORD_401722,CUST_055,Desserts,Ice Cream,5.0,1.0,5.0,2022-12-10,Cash,Saturday,49
ORD_550588,CUST_001,Drinks,Coca Cola,2.5,1.0,2.5,2022-04-29,Credit Card,Friday,52
ORD_839395,CUST_021,Side Dishes,Grilled Vegetables,5.0,5.0,25.0,2023-09-23,Digital Wallet,Saturday,40
ORD_149850,CUST_006,Main Dishes,Steak,20.0,2.0,40.0,2023-05-22,Digital Wallet,Monday,42
ORD_488172,CUST_034,Side Dishes,Side Salad,3.0,5.0,15.0,2023-12-21,Credit Card,Thursday,42
ORD_784672,CUST_020,Drinks,Coca Cola,2.5,1.0,2.5,2023-05-04,Cash,Thursday,52
ORD_485296,CUST_075,Desserts,Ice Cream,5.0,1.0,5.0,2022-06-20,Digital Wallet,Monday,53
ORD_787547,CUST_045,Starters,Cheese Fries,5.0,4.0,20.0,2023-06-15,Credit Card,Thursday,48
ORD_852534,CUST_011,Main Dishes,Vegetarian Platter,14.0,2.0,28.0,2022-05-09,Credit Card,Monday,57
ORD_442306,CUST_034,Side Dishes,Grilled Vegetables,5.0,5.0,25.0,2023-09-27,Digital Wallet,Wednesday,43
ORD_671877,CUST_010,Drinks,Orange Juice,3.0,5.0,15.0,2022-03-27,Cash,Sunday,54
ORD_945870,CUST_056,Main Dishes,Steak,20.0,3.0,100.0,2022-02-14,Cash,Monday,50
ORD_678831,CUST_032,Drinks,Water,1.0,3.0,3.0,2022-05-09,Credit Card,Monday,48
ORD_746039,CUST_074,Desserts,Ice Cream,5.0,2.0,10.0,2022-07-09,Digital Wallet,Saturday,44
ORD_303005,CUST_100,Drinks,Lemonade,3.0,3.0,9.0,2022-04-22,Cash,Friday,48
ORD_162279,CUST_068,Starters,Cheese Fries,5.0,3.0,15.0,2022-05-25,Digital Wallet,Wednesday,46
ORD_721691,CUST_049,Drinks,Water,1.0,3.0,3.0,2023-09-12,Digital Wallet,Tuesday,46
ORD_148079,CUST_066,Side Dishes,Side Salad,3.0,2.0,6.0,2023-02-16,Cash,Thursday,53
ORD_234469,CUST_036,Main Dishes,Grilled Chicken,15.0,4.0,60.0,2022-10-05,Cash,Wednesday,46
ORD_502818,CUST_006,Desserts,Fruit Salad,4.0,1.0,4.0,2022-01-05,Cash,Wednesday,43
ORD_702851,CUST_073,Drinks,Coca Cola,2.5,1.0,2.5,2023-07-21,Credit Card,Friday,45
ORD_295594,CUST_015,Starters,Sweet Potato Fries,5.0,4.0,20.0,2023-07-17,Credit Card,Monday,42
ORD_182507,CUST_086,Side Dishes,Grilled Vegetables,5.0,3.0,15.0,2022-12-29,Credit Card,Thursday,45
ORD_546875,CUST_037,Starters,Beef Chili,7.0,3.0,21.0,2022-11-20,Cash,Sunday,44
ORD_469047,CUST_092,Main Dishes,Pasta Alfredo,12.0,5.0,60.0,2023-08-23,Digital Wallet,Wednesday,47
ORD_930137,CUST_063,Starters,French Fries,4.0,2.0,8.0,2023-12-24,Credit Card,Sunday,49
ORD_480606,CUST_042,Desserts,Brownie,6.0,3.0,18.0,2022-04-11,Digital Wallet,Monday,49
ORD_261106,CUST_040,Drinks,Water,1.0,3.0,3.0,2023-07-08,Credit Card,Saturday,57
ORD_120928,CUST_011,Side Dishes,Mashed Potatoes,4.0,4.0,16.0,2023-03-15,Cash,Wednesday,58
ORD_983030,CUST_048,Desserts,Ice Cream,5.0,1.0,5.0,2022-01-01,Cash,Saturday,56
ORD_461464,CUST_085,Side Dishes,Mashed Potatoes,4.0,5.0,20.0,2023-06-25,Credit Card,Sunday,45
ORD_587824,CUST_065,Side Dishes,Mashed Potatoes,4.0,3.0,12.0,2022-06-24,Credit Card,Friday,51
ORD_657583,CUST_053,Side Dishes,Side Salad,3.0,1.0,3.0,2023-07-10,Digital Wallet,Monday,45
ORD_632325,CUST_045,Side Dishes,Mashed Potatoes,4.0,5.0,20.0,2023-01-03,Credit Card,Tuesday,49
ORD_436316,CUST_069,Starters,Chicken Melt,8.0,5.0,40.0,2023-06-22,Cash,Thursday,45
ORD_172578,CUST_005,Starters,French Fries,4.0,5.0,20.0,2022-09-19,Cash,Monday,45
ORD_606226,CUST_090,Main Dishes,Salmon,18.0,3.0,90.0,2022-08-21,Cash,Sunday,52
ORD_763884,CUST_065,Starters,Sweet Potato Fries,5.0,2.0,10.0,2023-09-26,Cash,Tuesday,52
ORD_895768,CUST_057,Drinks,Water,1.0,5.0,5.0,2023-10-13,Digital Wallet,Friday,42
ORD_649588,CUST_018,Drinks,Water,1.0,3.0,3.0,2022-12-30,Digital Wallet,Friday,47
ORD_276352,CUST_043,Drinks,Iced Tea,2.5,2.0,5.0,2023-12-24,Credit Card,Sunday,49
ORD_710024,CUST_094,Desserts,Chocolate Cake,6.0,2.0,12.0,2023-12-11,Credit Card,Monday,44
ORD_631231,CUST_006,Starters,Nachos Grande,10.0,1.0,10.0,2023-09-02,Cash,Saturday,44
ORD_924808,CUST_077,Desserts,Brownie,6.0,4.0,24.0,2023-02-14,Cash,Tuesday,39
ORD_359997,CUST_003,Drinks,Water,1.0,2.0,2.0,2023-01-29,Cash,Sunday,41
ORD_457117,CUST_032,Main Dishes,Grilled Chicken,15.0,3.0,15.0,2022-11-25,Cash,Friday,49
ORD_272421,CUST_024,Main Dishes,Grilled Chicken,15.0,1.0,15.0,2023-05-22,Credit Card,Monday,36
ORD_806050,CUST_012,Drinks,Orange Juice,3.0,2.0,6.0,2022-10-28,Digital Wallet,Friday,38
ORD_412966,CUST_069,Starters,Beef Chili,7.0,3.0,21.0,2022-08-19,Credit Card,Friday,46
ORD_291598,CUST_041,Main Dishes,Grilled Chicken,15.0,1.0,15.0,2023-03-16,Cash,Thursday,45
ORD_619690,CUST_096,Desserts,Fruit Salad,4.0,3.0,12.0,2023-01-22,Digital Wallet,Sunday,57
ORD_951135,CUST_018,Drinks,Water,1.0,1.0,1.0,2023-04-10,Credit Card,Monday,48
ORD_607742,CUST_003,Drinks,Orange Juice,3.0,5.0,15.0,2023-05-18,Cash,Thursday,42
ORD_367138,CUST_019,Starters,Cheese Fries,5.0,2.0,10.0,2023-12-21,Credit Card,Thursday,48
ORD_850224,CUST_043,Desserts,Chocolate Cake,6.0,2.0,12.0,2022-02-02,Digital Wallet,Wednesday,50
ORD_304261,CUST_039,Starters,French Fries,4.0,4.0,16.0,2023-05-04,Cash,Thursday,43
ORD_862314,CUST_020,Starters,Nachos Grande,10.0,5.0,50.0,2023-05-02,Digital Wallet,Tuesday,53
ORD_246945,CUST_058,Main Dishes,Pasta Alfredo,12.0,5.0,60.0,2023-09-19,Digital Wallet,Tuesday,42
ORD_527556,CUST_002,Side Dishes,Lemonade,3.0,3.0,9.0,2022-10-15,Credit Card,Saturday,31
ORD_667357,CUST_012,Main Dishes,Steak,20.0,4.0,80.0,2023-01-17,Digital Wallet,Tuesday,39
ORD_815676,CUST_014,Main Dishes,Pasta Alfredo,12.0,3.0,36.0,2022-06-06,Digital Wallet,Monday,56
ORD_160189,CUST_068,Drinks,Orange Juice,3.0,1.0,3.0,2022-03-20,Cash,Sunday,47
ORD_921148,CUST_051,Desserts,Cheesecake,7.0,3.0,21.0,2023-10-25,Cash,Wednesday,43
ORD_573284,CUST_066,Starters,French Fries,4.0,5.0,20.0,2022-12-30,Credit Card,Friday,54
ORD_269101,CUST_039,Main Dishes,Pasta Alfredo,12.0,2.0,24.0,2023-02-23,Cash,Thursday,44
ORD_179919,CUST_099,Starters,Beef Chili,7.0,5.0,35.0,2023-02-28,Cash,Tuesday,38
ORD_370643,CUST_082,Drinks,Orange Juice,3.0,1.0,3.0,2023-10-26,Credit Card,Thursday,45
ORD_796372,CUST_012,Starters,Chicken Melt,8.0,1.0,8.0,2022-07-31,Credit Card,Sunday,40
ORD_768555,CUST_024,Main Dishes,Pasta Alfredo,12.0,3.0,36.0,2023-04-26,Digital Wallet,Wednesday,37
ORD_702736,CUST_045,Drinks,Coca Cola,2.5,5.0,12.5,2023-10-20,Cash,Friday,50
ORD_942079,CUST_096,Starters,Sweet Potato Fries,5.0,3.0,20.0,2022-06-30,Cash,Thursday,58
ORD_866831,CUST_055,Main Dishes,Steak,20.0,2.0,40.0,2023-07-29,Credit Card,Saturday,50
ORD_159044,CUST_051,Side Dishes,Ice Cream,5.0,5.0,25.0,2023-03-14,Digital Wallet,Tuesday,44
ORD_855875,CUST_092,Drinks,Iced Tea,2.5,1.0,2.5,2023-04-30,Cash,Sunday,48
ORD_103589,CUST_005,Main Dishes,Pasta Alfredo,12.0,1.0,12.0,2022-02-21,Credit Card,Monday,46
ORD_920014,CUST_011,Drinks,Lemonade,3.0,2.0,6.0,2022-10-09,Cash,Sunday,59
ORD_306490,CUST_036,Side Dishes,Onion Rings,5.0,3.0,15.0,2022-09-22,Credit Card,Thursday,47
ORD_275940,CUST_027,Desserts,Ice Cream,5.0,3.0,15.0,2023-12-31,Digital Wallet,Sunday,36
ORD_249896,CUST_097,Desserts,Ice Cream,5.0,2.0,10.0,2022-10-15,Credit Card,Saturday,45
ORD_200485,CUST_068,Side Dishes,Onion Rings,5.0,3.0,15.0,2022-03-31,Digital Wallet,Thursday,48
ORD_829992,CUST_087,Starters,Cheese Fries,5.0,2.0,10.0,2023-11-26,Cash,Sunday,42
ORD_620890,CUST_071,Side Dishes,Mashed Potatoes,4.0,2.0,8.0,2023-02-23,Digital Wallet,Thursday,41
ORD_476746,CUST_061,Side Dishes,Side Salad,3.0,3.0,9.0,2022-07-18,Digital Wallet,Monday,47
ORD_449530,CUST_056,Desserts,Ice Cream,5.0,1.0,5.0,2023-02-06,Credit Card,Monday,51
ORD_464085,CUST_087,Main Dishes,Vegetarian Platter,14.0,2.0,28.0,2023-10-17,Cash,Tuesday,43
ORD_711345,CUST_099,Desserts,Ice Cream,5.0,4.0,20.0,2023-09-29,Digital Wallet,Friday,39
ORD_650593,CUST_034,Side Dishes,Lemonade,3.0,1.0,3.0,2022-12-04,Credit Card,Sunday,44
ORD_558727,CUST_019,Side Dishes,Onion Rings,5.0,2.0,10.0,2022-11-11,Digital Wallet,Friday,49
ORD_643743,CUST_007,Drinks,Water,1.0,3.0,3.0,2023-05-22,Cash,Monday,45
ORD_400464,CUST_084,Side Dishes,Side Salad,3.0,1.0,3.0,2023-03-05,Digital Wallet,Sunday,50
ORD_989449,CUST_086,Main Dishes,Grilled Chicken,15.0,3.0,75.0,2023-12-22,Credit Card,Friday,46
ORD_239924,CUST_057,Drinks,Lemonade,3.0,4.0,12.0,2022-03-27,Cash,Sunday,43
ORD_726744,CUST_016,Side Dishes,Side Salad,3.0,2.0,6.0,2023-06-20,Digital Wallet,Tuesday,49
ORD_996858,CUST_095,Drinks,Orange Juice,3.0,1.0,3.0,2023-03-25,Digital Wallet,Saturday,34
ORD_386452,CUST_049,Starters,French Fries,4.0,4.0,16.0,2022-02-11,Digital Wallet,Friday,47
ORD_737570,CUST_088,Desserts,Brownie,6.0,3.0,18.0,2022-01-02,Digital Wallet,Sunday,43
ORD_460768,CUST_043,Drinks,Orange Juice,3.0,4.0,12.0,2022-09-28,Digital Wallet,Wednesday,51
ORD_610119,CUST_066,Main Dishes,Grilled Chicken,15.0,5.0,75.0,2023-05-11,Cash,Thursday,55
ORD_470770,CUST_035,Desserts,Ice Cream,5.0,3.0,25.0,2023-04-18,Digital Wallet,Tuesday,42
ORD_425058,CUST_039,Main Dishes,Pasta Alfredo,12.0,3.0,36.0,2022-08-10,Digital Wallet,Wednesday,45
ORD_248909,CUST_042,Desserts,Chocolate Cake,6.0,4.0,24.0,2022-12-02,Credit Card,Friday,50
ORD_167372,CUST_070,Starters,Sweet Potato Fries,5.0,1.0,5.0,2023-01-01,Digital Wallet,Sunday,38
ORD_535011,CUST_073,Drinks,Coca Cola,2.5,3.0,12.5,2023-10-31,Digital Wallet,Tuesday,46
ORD_537413,CUST_036,Starters,Beef Chili,7.0,2.0,14.0,2023-08-22,Digital Wallet,Tuesday,48
ORD_150654,CUST_069,Starters,Nachos Grande,10.0,2.0,20.0,2023-11-30,Digital Wallet,Thursday,47
ORD_667562,CUST_073,Drinks,Coca Cola,2.5,2.0,5.0,2022-03-18,Cash,Friday,47
ORD_979685,CUST_002,Side Dishes,Grilled Vegetables,5.0,3.0,15.0,2023-03-17,Cash,Friday,32
ORD_667208,CUST_043,Main Dishes,Vegetarian Platter,14.0,3.0,42.0,2022-09-15,Credit Card,Thursday,52
ORD_966118,CUST_049,Drinks,Coca Cola,2.5,5.0,12.5,2022-06-20,Credit Card,Monday,48
ORD_300365,CUST_036,Desserts,Brownie,6.0,5.0,30.0,2023-07-31,Credit Card,Monday,49
ORD_601773,CUST_092,Desserts,Cheesecake,7.0,4.0,28.0,2022-10-21,Credit Card,Friday,49
ORD_932655,CUST_025,Starters,Nachos Grande,10.0,5.0,50.0,2023-01-25,Credit Card,Wednesday,55
ORD_391235,CUST_012,Side Dishes,Grilled Vegetables,5.0,2.0,10.0,2022-08-30,Cash,Tuesday,41
ORD_847933,CUST_066,Main Dishes,Vegetarian Platter,14.0,1.0,14.0,2022-02-15,Cash,Tuesday,56
ORD_262341,CUST_011,Starters,Chicken Melt,8.0,5.0,40.0,2023-11-27,Digital Wallet,Monday,60
ORD_115739,CUST_015,Main Dishes,Pasta Alfredo,12.0,5.0,60.0,2023-09-25,Credit Card,Monday,43
ORD_140667,CUST_009,Drinks,Orange Juice,3.0,3.0,9.0,2023-07-25,Digital Wallet,Tuesday,38
ORD_755251,CUST_046,Drinks,Coca Cola,2.5,4.0,10.0,2022-01-01,Digital Wallet,Saturday,38
ORD_696530,CUST_018,Side Dishes,Garlic Bread,4.0,3.0,16.0,2022-12-16,Cash,Friday,49
ORD_512750,CUST_004,Starters,Cheese Fries,5.0,4.0,20.0,2023-09-20,Credit Card,Wednesday,45
ORD_543932,CUST_030,Side Dishes,Garlic Bread,4.0,3.0,12.0,2023-07-07,Credit Card,Friday,42
ORD_988829,CUST_089,Desserts,Chocolate Cake,6.0,2.0,12.0,2022-07-30,Cash,Saturday,42
ORD_203723,CUST_011,Starters,French Fries,4.0,3.0,12.0,2022-07-17,Credit Card,Sunday,61
ORD_721360,CUST_067,Drinks,Water,1.0,2.0,2.0,2023-11-14,Cash,Tuesday,42
ORD_181652,CUST_005,Desserts,Chocolate Cake,6.0,2.0,12.0,2023-05-16,Credit Card,Tuesday,47
ORD_812990,CUST_099,Desserts,Ice Cream,5.0,3.0,20.0,2023-11-22,Cash,Wednesday,40
ORD_696394,CUST_053,Drinks,Lemonade,3.0,1.0,3.0,2023-10-09,Cash,Monday,46
ORD_344846,CUST_094,Starters,French Fries,4.0,1.0,4.0,2023-05-14,Credit Card,Sunday,45
ORD_491648,CUST_077,Drinks,Orange Juice,3.0,2.0,6.0,2022-08-24,Cash,Wednesday,40
ORD_932228,CUST_067,Side Dishes,Ice Cream,5.0,3.0,15.0,2022-08-21,Credit Card,Sunday,43
ORD_570024,CUST_011,Side Dishes,Mashed Potatoes,4.0,1.0,4.0,2023-01-31,Credit Card,Tuesday,62
ORD_305827,CUST_087,Side Dishes,Garlic Bread,4.0,4.0,16.0,2022-09-15,Digital Wallet,Thursday,44
ORD_302668,CUST_026,Main Dishes,Grilled Chicken,15.0,3.0,45.0,2022-02-18,Cash,Friday,50
ORD_458575,CUST_046,Starters,French Fries,4.0,3.0,16.0,2022-02-18,Cash,Friday,39
ORD_920097,CUST_028,Desserts,Brownie,6.0,5.0,30.0,2022-06-18,Digital Wallet,Saturday,53
ORD_124275,CUST_019,Drinks,Water,1.0,2.0,2.0,2022-11-30,Cash,Wednesday,50
ORD_226323,CUST_041,Drinks,Coca Cola,2.5,2.0,5.0,2022-04-01,Cash,Friday,46
ORD_868208,CUST_030,Desserts,Cheesecake,7.0,1.0,7.0,2023-03-03,Digital Wallet,Friday,43
ORD_981543,CUST_044,Side Dishes,Onion Rings,5.0,2.0,10.0,2022-10-19,Credit Card,Wednesday,51
ORD_521898,CUST_050,Drinks,Iced Tea,2.5,4.0,10.0,2023-06-15,Cash,Thursday,46
ORD_169247,CUST_061,Main Dishes,Vegetarian Platter,14.0,2.0,28.0,2023-06-15,Digital Wallet,Thursday,48
ORD_263245,CUST_008,Starters,Chicken Melt,8.0,2.0,16.0,2023-03-27,Credit Card,Monday,39
ORD_171467,CUST_044,Side Dishes,Side Salad,3.0,4.0,12.0,2023-06-23,Credit Card,Friday,52
ORD_992366,CUST_077,Starters,Beef Chili,7.0,4.0,28.0,2022-04-10,Credit Card,Sunday,41
ORD_618890,CUST_088,Drinks,Water,1.0,3.0,3.0,2023-10-03,Credit Card,Tuesday,44
ORD_291797,CUST_001,Starters,Beef Chili,7.0,3.0,21.0,2023-10-26,Digital Wallet,Thursday,53
ORD_115257,CUST_077,Desserts,Brownie,6.0,1.0,6.0,2022-05-03,Cash,Tuesday,42
ORD_628105,CUST_097,Starters,Cheese Fries,5.0,2.0,10.0,2022-03-06,Cash,Sunday,46
ORD_219731,CUST_045,Drinks,Lemonade,3.0,3.0,9.0,2023-08-02,Credit Card,Wednesday,51
ORD_481405,CUST_025,Main Dishes,Steak,20.0,5.0,100.0,2022-07-11,Cash,Monday,56
ORD_186709,CUST_031,Side Dishes,Grilled Vegetables,5.0,2.0,10.0,2023-05-04,Credit Card,Thursday,46
ORD_590702,CUST_034,Main Dishes,Steak,20.0,1.0,20.0,2023-03-13,Digital Wallet,Monday,45
ORD_580012,CUST_032,Starters,French Fries,4.0,3.0,12.0,2023-03-13,Credit Card,Monday,50
ORD_428688,CUST_023,Starters,Cheese Fries,5.0,4.0,20.0,2023-02-21,Cash,Tuesday,35
ORD_948918,CUST_043,Side Dishes,Side Salad,3.0,5.0,15.0,2023-12-02,Credit Card,Saturday,53
ORD_556647,CUST_015,Main Dishes,Pasta Alfredo,12.0,3.0,36.0,2022-09-15,Cash,Thursday,44
ORD_186375,CUST_080,Side Dishes,Onion Rings,5.0,3.0,15.0,2022-05-14,Credit Card,Saturday,42
ORD_559579,CUST_054,Desserts,Brownie,6.0,3.0,18.0,2023-12-05,Cash,Tuesday,39
ORD_885860,CUST_095,Side Dishes,Lemonade,3.0,4.0,12.0,2023-07-07,Cash,Friday,35
ORD_778595,CUST_064,Starters,French Fries,4.0,2.0,8.0,2023-11-05,Credit Card,Sunday,37
ORD_221560,CUST_091,Starters,Cheese Fries,5.0,2.0,10.0,2022-07-03,Digital Wallet,Sunday,45
ORD_459853,CUST_033,Side Dishes,Grilled Vegetables,5.0,2.0,10.0,2023-03-07,Digital Wallet,Tuesday,45
ORD_293755,CUST_029,Starters,Cheese Fries,5.0,3.0,15.0,2022-03-15,Cash,Tuesday,34
ORD_912338,CUST_083,Drinks,Water,1.0,2.0,2.0,2022-08-19,Credit Card,Friday,42
ORD_410514,CUST_059,Side Dishes,Mashed Potatoes,4.0,2.0,8.0,2022-04-25,Credit Card,Monday,39
ORD_583496,CUST_005,Main Dishes,Grilled Chicken,15.0,5.0,75.0,2023-09-18,Cash,Monday,48
ORD_937728,CUST_100,Starters,Nachos Grande,10.0,1.0,10.0,2022-10-30,Credit Card,Sunday,49
ORD_528367,CUST_084,Side Dishes,Side Salad,3.0,4.0,12.0,2023-09-12,Digital Wallet,Tuesday,51
ORD_299823,CUST_004,Drinks,Lemonade,3.0,3.0,9.0,2022-08-03,Cash,Wednesday,46
ORD_642452,CUST_034,Main Dishes,Grilled Chicken,15.0,5.0,75.0,2022-04-16,Digital Wallet,Saturday,46
ORD_949080,CUST_053,Side Dishes,Ice Cream,5.0,1.0,5.0,2022-10-09,Cash,Sunday,47
ORD_426191,CUST_090,Desserts,Ice Cream,5.0,1.0,5.0,2023-10-26,Cash,Thursday,53
ORD_316668,CUST_073,Drinks,Lemonade,3.0,3.0,9.0,2023-03-31,Digital Wallet,Friday,48
ORD_584573,CUST_096,Side Dishes,Grilled Vegetables,5.0,5.0,25.0,2023-01-30,Digital Wallet,Monday,59
ORD_921977,CUST_014,Drinks,Iced Tea,2.5,3.0,7.5,2022-06-03,Cash,Friday,57
ORD_330048,CUST_082,Main Dishes,Pasta Alfredo,12.0,3.0,36.0,2023-04-03,Cash,Monday,46
ORD_952036,CUST_047,Starters,Nachos Grande,10.0,3.0,10.0,2022-04-23,Cash,Saturday,42
ORD_193868,CUST_016,Drinks,Water,1.0,5.0,5.0,2023-12-13,Digital Wallet,Wednesday,50
ORD_268561,CUST_040,Drinks,Orange Juice,3.0,4.0,12.0,2023-09-17,Digital Wallet,Sunday,58
ORD_214789,CUST_073,Desserts,Brownie,6.0,1.0,6.0,2022-08-08,Digital Wallet,Monday,49
ORD_860582,CUST_002,Drinks,Water,1.0,5.0,5.0,2023-05-19,Credit Card,Friday,33
ORD_518165,CUST_094,Main Dishes,Pasta Alfredo,12.0,5.0,60.0,2022-05-20,Credit Card,Friday,46
ORD_213626,CUST_014,Main Dishes,Pasta Alfredo,12.0,5.0,60.0,2023-11-28,Cash,Tuesday,58
ORD_981009,CUST_003,Main Dishes,Grilled Chicken,15.0,1.0,15.0,2023-08-28,Credit Card,Monday,43
ORD_235256,CUST_068,Drinks,Orange Juice,3.0,5.0,15.0,2023-08-15,Cash,Tuesday,49
ORD_924315,CUST_090,Side Dishes,Side Salad,3.0,2.0,6.0,2022-05-05,Digital Wallet,Thursday,54
ORD_506173,CUST_052,Side Dishes,Mashed Potatoes,4.0,1.0,4.0,2023-12-16,Digital Wallet,Saturday,41
ORD_252304,CUST_029,Starters,Cheese Fries,5.0,1.0,5.0,2023-12-31,Digital Wallet,Sunday,35
ORD_528472,CUST_098,Starters,French Fries,4.0,3.0,12.0,2022-06-25,Digital Wallet,Saturday,57
ORD_144818,CUST_053,Main Dishes,Pasta Alfredo,12.0,2.0,24.0,2022-07-28,Credit Card,Thursday,48
ORD_989413,CUST_037,Main Dishes,Pasta Alfredo,12.0,1.0,12.0,2022-07-18,Credit Card,Monday,45
ORD_702528,CUST_025,Drinks,Water,1.0,2.0,2.0,2022-05-31,Cash,Tuesday,57
ORD_220265,CUST_046,Side Dishes,Mashed Potatoes,4.0,3.0,16.0,2022-09-18,Digital Wallet,Sunday,40
ORD_367112,CUST_056,Drinks,Water,1.0,4.0,4.0,2022-01-03,Cash,Monday,52
ORD_858792,CUST_045,Starters,Cheese Fries,5.0,5.0,25.0,2023-07-25,Cash,Tuesday,52
ORD_714266,CUST_023,Side Dishes,French Fries,4.0,1.0,4.0,2022-06-06,Credit Card,Monday,36
ORD_253647,CUST_072,Desserts,Ice Cream,5.0,5.0,25.0,2023-05-06,Digital Wallet,Saturday,46
ORD_356382,CUST_070,Side Dishes,Onion Rings,5.0,5.0,25.0,2023-09-23,Credit Card,Saturday,39
ORD_939671,CUST_006,Starters,Chicken Melt,8.0,2.0,16.0,2022-07-04,Digital Wallet,Monday,45
ORD_149542,CUST_038,Desserts,Fruit Salad,4.0,5.0,20.0,2023-04-13,Cash,Thursday,41
ORD_972116,CUST_099,Starters,Chicken Melt,8.0,5.0,40.0,2022-10-22,Cash,Saturday,41
ORD_600931,CUST_086,Desserts,Fruit Salad,4.0,5.0,20.0,2023-07-21,Credit Card,Friday,47
ORD_131421,CUST_015,Desserts,Ice Cream,5.0,1.0,5.0,2022-11-09,Digital Wallet,Wednesday,45
ORD_216573,CUST_041,Starters,Cheese Fries,5.0,1.0,5.0,2023-08-03,Credit Card,Thursday,47
ORD_621222,CUST_067,Main Dishes,Vegetarian Platter,14.0,4.0,56.0,2022-07-29,Cash,Friday,44
ORD_104362,CUST_055,Main Dishes,Pasta Alfredo,12.0,2.0,24.0,2023-11-25,Digital Wallet,Saturday,51
ORD_718757,CUST_002,Side Dishes,Garlic Bread,4.0,2.0,8.0,2023-07-27,Digital Wallet,Thursday,34
ORD_548918,CUST_058,Drinks,Coca Cola,2.5,1.0,2.5,2023-01-01,Cash,Sunday,43
ORD_851531,CUST_092,Main Dishes,Grilled Chicken,15.0,1.0,15.0,2022-06-09,Credit Card,Thursday,50
ORD_207869,CUST_087,Drinks,Orange Juice,3.0,4.0,12.0,2023-02-14,Credit Card,Tuesday,45
ORD_620332,CUST_046,Starters,French Fries,4.0,3.0,12.0,2023-12-15,Digital Wallet,Friday,41
ORD_464264,CUST_074,Main Dishes,Steak,20.0,3.0,100.0,2023-10-25,Credit Card,Wednesday,45
ORD_593463,CUST_063,Main  Dishes,Vegetarian Platter,14.0,3.0,42.0,2023-09-11,Cash,Monday,50
ORD_409700,CUST_080,Main Dishes,Steak,20.0,1.0,20.0,2022-07-25,Cash,Monday,43
ORD_995218,CUST_048,Side Dishes,Onion Rings,5.0,4.0,20.0,2022-03-02,Cash,Wednesday,57
ORD_791601,CUST_098,Side Dishes,Mashed Potatoes,4.0,1.0,4.0,2022-10-31,Digital Wallet,Monday,58
ORD_445003,CUST_084,Main Dishes,Grilled Chicken,15.0,3.0,45.0,2023-11-12,Digital Wallet,Sunday,52
ORD_807616,CUST_017,Main Dishes,Grilled Chicken,15.0,2.0,30.0,2022-01-30,Digital Wallet,Sunday,53
ORD_932311,CUST_066,Desserts,Ice Cream,5.0,4.0,20.0,2023-09-08,Credit Card,Friday,57
ORD_936944,CUST_015,Main  Dishes,Salmon,18.0,1.0,18.0,2023-02-19,Digital Wallet,Sunday,46
ORD_167532,CUST_058,Drinks,Orange Juice,3.0,5.0,15.0,2023-06-17,Credit Card,Saturday,44
ORD_319338,CUST_045,Desserts,Ice Cream,5.0,3.0,15.0,2022-07-17,Digital Wallet,Sunday,53
ORD_841814,CUST_091,Starters,Cheese Fries,5.0,2.0,10.0,2023-10-28,Digital Wallet,Saturday,46
ORD_432568,CUST_016,Starters,Beef Chili,7.0,1.0,7.0,2022-09-12,Digital Wallet,Monday,51
ORD_936303,CUST_023,Drinks,Water,1.0,4.0,4.0,2022-02-02,Cash,Wednesday,37
ORD_214320,CUST_040,Starters,Ice Cream,5.0,3.0,10.0,2023-01-21,Cash,Saturday,59
ORD_545952,CUST_056,Side Dishes,Mashed Potatoes,4.0,5.0,20.0,2023-09-11,Cash,Monday,53
ORD_337609,CUST_016,Side Dishes,Side Salad,3.0,3.0,9.0,2022-04-02,Credit Card,Saturday,52
ORD_982089,CUST_036,Drinks,Coca Cola,2.5,3.0,7.5,2023-03-14,Digital Wallet,Tuesday,50
ORD_812335,CUST_044,Drinks,Water,1.0,5.0,5.0,2022-11-21,Cash,Monday,53
ORD_384331,CUST_056,Desserts,Brownie,6.0,4.0,24.0,2022-04-01,Cash,Friday,54
ORD_527275,CUST_027,Starters,Sweet Potato Fries,5.0,2.0,10.0,2023-12-06,Cash,Wednesday,37
ORD_518799,CUST_079,Main Dishes,Pasta Alfredo,12.0,3.0,36.0,2022-05-19,Credit Card,Thursday,47
ORD_476931,CUST_072,Drinks,Lemonade,3.0,4.0,12.0,2022-05-19,Credit Card,Thursday,47
ORD_325455,CUST_078,Side Dishes,Mashed Potatoes,4.0,3.0,12.0,2023-06-24,Cash,Saturday,34
ORD_454498,CUST_094,Starters,French Fries,4.0,1.0,4.0,2023-12-17,Cash,Sunday,47
ORD_148723,CUST_065,Main Dishes,Grilled Chicken,15.0,4.0,60.0,2023-11-29,Credit Card,Wednesday,53
ORD_250634,CUST_054,Main Dishes,Grilled Chicken,15.0,5.0,75.0,2023-12-01,Credit Card,Friday,40
ORD_954791,CUST_062,Main Dishes,Pasta Alfredo,12.0,1.0,12.0,2022-08-26,Cash,Friday,39
ORD_580905,CUST_004,Main Dishes,Pasta Alfredo,12.0,5.0,60.0,2022-06-29,Digital Wallet,Wednesday,47
ORD_952220,CUST_026,Main Dishes,Pasta Alfredo,12.0,5.0,60.0,2022-08-21,Cash,Sunday,51
ORD_288123,CUST_066,Desserts,Ice Cream,5.0,2.0,10.0,2023-05-20,Cash,Saturday,58
ORD_895825,CUST_091,Starters,Beef Chili,7.0,4.0,28.0,2023-01-21,Cash,Saturday,47
ORD_886465,CUST_035,Desserts,Ice Cream,5.0,4.0,20.0,2023-02-27,Cash,Monday,43
ORD_668739,CUST_094,Drinks,Water,1.0,1.0,1.0,2022-08-06,Cash,Saturday,48
ORD_893314,CUST_064,Side Dishes,Garlic Bread,4.0,5.0,20.0,2023-09-27,Credit Card,Wednesday,38
ORD_216427,CUST_085,Starters,Cheese Fries,5.0,4.0,20.0,2022-10-29,Digital Wallet,Saturday,46
ORD_188313,CUST_012,Drinks,Iced Tea,2.5,5.0,12.5,2022-09-17,Digital Wallet,Saturday,42
ORD_705844,CUST_092,Side Dishes,Side Salad,3.0,1.0,3.0,2023-12-21,Credit Card,Thursday,51
ORD_455797,CUST_091,Drinks,Water,1.0,5.0,5.0,2023-12-21,Cash,Thursday,48
ORD_515114,CUST_096,Main Dishes,Pasta Alfredo,12.0,1.0,12.0,2023-04-08,Credit Card,Saturday,60
ORD_636008,CUST_054,Main Dishes,Pasta Alfredo,12.0,2.0,24.0,2022-08-04,Cash,Thursday,41
ORD_531663,CUST_008,Desserts,Ice Cream,5.0,4.0,20.0,2023-01-12,Digital Wallet,Thursday,40
ORD_422444,CUST_097,Main Dishes,Vegetarian Platter,14.0,4.0,56.0,2023-07-14,Cash,Friday,47
ORD_891475,CUST_037,Drinks,Orange Juice,3.0,2.0,6.0,2022-06-19,Digital Wallet,Sunday,46
ORD_218833,CUST_009,Desserts,Chocolate Cake,6.0,4.0,24.0,2023-01-11,Digital Wallet,Wednesday,39
ORD_684655,CUST_009,Desserts,Ice Cream,5.0,5.0,25.0,2022-09-13,Credit Card,Tuesday,40
ORD_222983,CUST_049,Main Dishes,Salmon,18.0,3.0,54.0,2022-08-05,Cash,Friday,49
ORD_522828,CUST_079,Drinks,Coca Cola,2.5,1.0,2.5,2023-11-12,Cash,Sunday,48
ORD_950347,CUST_038,Main Dishes,Vegetarian Platter,14.0,4.0,56.0,2022-12-06,Credit Card,Tuesday,42
ORD_866540,CUST_051,Starters,Cheese Fries,5.0,5.0,25.0,2023-05-27,Digital Wallet,Saturday,45
ORD_990757,CUST_051,Side Dishes,Garlic Bread,4.0,3.0,12.0,2022-07-01,Cash,Friday,46
ORD_873640,CUST_091,Side Dishes,Side Salad,3.0,4.0,12.0,2023-09-15,Digital Wallet,Friday,49
ORD_265498,CUST_028,Desserts,Cheesecake,7.0,5.0,35.0,2023-02-16,Credit Card,Thursday,54
ORD_336509,CUST_067,Main Dishes,Pasta Alfredo,12.0,3.0,36.0,2023-03-03,Cash,Friday,45
ORD_226838,CUST_079,Side Dishes,Mashed Potatoes,4.0,3.0,12.0,2022-02-24,Digital Wallet,Thursday,49
ORD_827233,CUST_025,Drinks,Water,1.0,4.0,4.0,2022-08-04,Credit Card,Thursday,58
ORD_964330,CUST_080,Main Dishes,Vegetarian Platter,14.0,3.0,42.0,2023-02-22,Digital Wallet,Wednesday,44
ORD_888259,CUST_071,Starters,Cheese Fries,5.0,4.0,20.0,2023-12-13,Digital Wallet,Wednesday,42
ORD_266942,CUST_071,Drinks,Coca Cola,2.5,4.0,10.0,2023-10-11,Digital Wallet,Wednesday,43
ORD_977940,CUST_094,Desserts,Ice Cream,5.0,1.0,5.0,2022-02-12,Cash,Saturday,49
ORD_440542,CUST_003,Side Dishes,Garlic Bread,4.0,4.0,16.0,2023-02-17,Digital Wallet,Friday,44
ORD_104489,CUST_049,Main Dishes,Pasta Alfredo,12.0,2.0,24.0,2022-02-20,Digital Wallet,Sunday,50
ORD_946907,CUST_030,Side Dishes,Onion Rings,5.0,5.0,25.0,2023-12-21,Digital Wallet,Thursday,44
ORD_188021,CUST_080,Side Dishes,Garlic Bread,4.0,1.0,4.0,2022-04-12,Credit Card,Tuesday,45
ORD_744192,CUST_045,Drinks,Water,1.0,4.0,4.0,2022-03-26,Digital Wallet,Saturday,54
ORD_130258,CUST_042,Desserts,Brownie,6.0,2.0,12.0,2023-10-16,Cash,Monday,51
ORD_453268,CUST_020,Desserts,Ice Cream,5.0,1.0,5.0,2022-01-21,Digital Wallet,Friday,54
ORD_198255,CUST_022,Main Dishes,Salmon,18.0,1.0,18.0,2022-01-02,Credit Card,Sunday,45
ORD_438166,CUST_026,Main Dishes,Pasta Alfredo,12.0,1.0,12.0,2022-07-08,Credit Card,Friday,52
ORD_388903,CUST_094,Main Dishes,Pasta Alfredo,12.0,1.0,12.0,2023-01-01,Credit Card,Sunday,50
ORD_774084,CUST_095,Desserts,Brownie,6.0,5.0,30.0,2023-04-04,Credit Card,Tuesday,36
ORD_454198,CUST_004,Main Dishes,Grilled Chicken,15.0,1.0,15.0,2023-03-01,Cash,Wednesday,48
ORD_310052,CUST_010,Main Dishes,Grilled Chicken,15.0,2.0,30.0,2022-03-30,Cash,Wednesday,55
ORD_479111,CUST_026,Main Dishes,Pasta Alfredo,12.0,5.0,60.0,2023-05-19,Cash,Friday,53
ORD_134915,CUST_075,Side Dishes,Side Salad,3.0,1.0,3.0,2022-08-14,Cash,Sunday,54
ORD_496765,CUST_071,Desserts,French Fries,4.0,1.0,4.0,2023-11-21,Credit Card,Tuesday,44
ORD_443957,CUST_075,Drinks,Water,1.0,3.0,3.0,2023-08-31,Digital Wallet,Thursday,55
ORD_927008,CUST_045,Drinks,Iced Tea,2.5,2.0,5.0,2023-06-04,Cash,Sunday,55
ORD_861604,CUST_047,Drinks,Water,1.0,4.0,4.0,2022-10-10,Digital Wallet,Monday,43
ORD_624257,CUST_044,Main Dishes,Grilled Chicken,15.0,2.0,30.0,2023-07-13,Cash,Thursday,54
ORD_300741,CUST_078,Desserts,French Fries,4.0,3.0,12.0,2022-08-01,Credit Card,Monday,35
ORD_283567,CUST_065,Side Dishes,Grilled Vegetables,5.0,5.0,25.0,2023-08-13,Digital Wallet,Sunday,54
ORD_719634,CUST_063,Drinks,Iced Tea,2.5,1.0,2.5,2022-11-02,Cash,Wednesday,51
ORD_590261,CUST_026,Side Dishes,Mashed Potatoes,4.0,2.0,8.0,2023-02-28,Cash,Tuesday,54
ORD_157713,CUST_012,Drinks,Orange Juice,3.0,3.0,9.0,2023-05-12,Credit Card,Friday,43
ORD_750610,CUST_097,Main Dishes,Grilled Chicken,15.0,1.0,15.0,2022-05-20,Cash,Friday,48
ORD_315005,CUST_029,Desserts,Ice Cream,5.0,3.0,15.0,2023-11-26,Cash,Sunday,36
ORD_869959,CUST_100,Drinks,Lemonade,3.0,3.0,9.0,2023-07-15,Cash,Saturday,50
ORD_819624,CUST_014,Desserts,Brownie,6.0,5.0,30.0,2023-10-13,Digital Wallet,Friday,59
ORD_129568,CUST_021,Main Dishes,Steak,20.0,5.0,100.0,2022-12-01,Credit Card,Thursday,41
ORD_951109,CUST_020,Main Dishes,Salmon,18.0,2.0,36.0,2023-09-17,Digital Wallet,Sunday,55
ORD_987419,CUST_084,Drinks,Iced Tea,2.5,3.0,7.5,2023-04-10,Credit Card,Monday,53
ORD_158310,CUST_016,Drinks,Iced Tea,2.5,5.0,12.5,2022-02-10,Cash,Thursday,53
ORD_551146,CUST_063,Drinks,Water,1.0,2.0,2.0,2022-02-18,Digital Wallet,Friday,52
ORD_490863,CUST_056,Side Dishes,Mashed Potatoes,4.0,3.0,12.0,2022-06-11,Digital Wallet,Saturday,55
ORD_829715,CUST_043,Starters,French Fries,4.0,4.0,16.0,2023-01-14,Credit Card,Saturday,54
ORD_410177,CUST_100,Starters,Cheese Fries,5.0,1.0,5.0,2022-11-03,Digital Wallet,Thursday,51
ORD_182164,CUST_017,Side Dishes,Grilled Vegetables,5.0,5.0,25.0,2023-11-16,Credit Card,Thursday,54
ORD_432885,CUST_061,Side Dishes,Mashed Potatoes,4.0,4.0,16.0,2022-09-14,Digital Wallet,Wednesday,49
ORD_186580,CUST_065,Drinks,Lemonade,3.0,4.0,12.0,2023-02-28,Credit Card,Tuesday,55
ORD_905112,CUST_012,Side Dishes,Mashed Potatoes,4.0,3.0,12.0,2023-04-06,Cash,Thursday,44
ORD_279015,CUST_086,Drinks,Coca Cola,2.5,3.0,7.5,2023-12-29,Credit Card,Friday,48
ORD_690423,CUST_011,Drinks,Iced Tea,2.5,3.0,2.5,2022-10-11,Cash,Tuesday,63
ORD_210505,CUST_092,Desserts,Brownie,6.0,3.0,18.0,2023-06-09,Digital Wallet,Friday,52
